id,titulo,descripcion,categoria_id,categoria_nombre,ubicacion,latitud,longitud,estado,prioridad,usuario_id,usuario_nombre,fecha_creacion,fecha_actualizacion,imagen_path,año_creacion,cuadrante,cuadrante_lat,cuadrante_lng,dia_creacion,dia_semana_creacion,distancia_centro_ciudad,es_fin_semana,es_horario_laboral,es_horario_nocturno,es_outlier_geografico,estado_numerico,hora_creacion,mes_creacion,minuto_creacion,nombre_dia_semana,nombre_mes,prioridad_numerica,procesamiento_rapido,semana_año,tiempo_procesamiento,trimestre
5,Fauna silvestre en peligro urbano #3,Se solicita inspección ambiental y aplicación de sanciones correspondientes.,7,Medio Ambiente,"Camino Santa Cecilia #221, Col. Benito Juárez",20.2668,-97.9582,cerrado,alta,2,María González López,2024-01-01 02:04:07,2024-04-01 13:56:03,,2024,Sur-Este,Sur,Este,1,0,0.003671511950131316,0,0,1,0,4.0,2,1,4,Monday,January,3,0,1,2195.8655555555556,1
4,Alcantarilla sin tapa en cruce peatonal #2,El daño estructural requiere reparación urgente antes de que cause accidentes graves.,1,Infraestructura,"Privada San Pedro #23, Col. Lomas del Mirador",20.274,-97.96,en_proceso,alta,1,admin,2024-01-01 14:36:23,2024-01-06 07:17:19,,2024,Norte-Este,Norte,Este,1,0,0.004000000000001336,0,1,0,0,2.0,14,1,36,Monday,January,3,0,1,112.68222222222222,1
3,Semáforo descompuesto en cruce #1,Las unidades de transporte operan en condiciones inseguras para los pasajeros. Los comerciantes locales también han expresado su preocupación.,6,Transporte,"Andador Los Álamos #45, Col. Vista Alegre",20.2718,-97.9576,en_proceso,alta,2,María González López,2024-01-01 22:05:40,2024-01-06 10:55:03,,2024,Norte-Este,Norte,Este,1,0,0.00299999999999514,0,0,1,0,2.0,22,1,5,Monday,January,3,0,1,108.82305555555556,1
8,Poste de luz intermitente #6,Las condiciones del cableado representan un riesgo de electrocución para transeúntes. La situación afecta particularmente a adultos mayores y niños. La situación ha empeorado desde la semana pasada.,2,Servicios Públicos,"Camino Allende #119, Col. Emiliano Zapata, junto al DIF",20.2658,-97.9687,en_proceso,baja,1,admin,2024-01-02 12:30:42,2024-01-07 03:45:38,,2024,Sur-Oeste,Sur,Oeste,2,1,0.009660745312867286,0,1,0,0,2.0,12,1,30,Tuesday,January,1,0,1,111.24888888888889,1
6,Malos olores por fuga de aguas negras #4,Los malos olores afectan la calidad de vida de los residentes de la zona. La situación afecta particularmente a adultos mayores y niños.,3,Saneamiento,"Boulevard Morelos #623, Col. Colinas de San Juan",20.2741,-97.9618,en_proceso,alta,1,admin,2024-01-02 19:38:17,2024-01-04 04:07:58,,2024,Norte-Oeste,Norte,Oeste,2,1,0.004477722635449802,0,0,0,0,2.0,19,1,38,Tuesday,January,3,0,1,32.49472222222222,1
7,Restaurante con malas prácticas sanitarias #5,El manejo inadecuado de residuos médicos pone en riesgo la salud pública. Se ha documentado el deterioro progresivo con fotografías.,8,Salud Pública,"Cerrada Camino a Honey #55, Col. El Mirador",20.2788,-97.9628,cerrado,alta,1,admin,2024-01-02 23:41:12,2024-03-03 01:49:56,,2024,Norte-Oeste,Norte,Oeste,2,1,0.009234717104495256,0,0,1,0,4.0,23,1,41,Tuesday,January,3,0,1,1442.1455555555556,1
11,Rutas de bus mal planificadas #9,El mantenimiento de la flota de transporte público es deficiente.,6,Transporte,"Avenida Reforma #1394, Col. Las Flores",20.2796,-97.9531,resuelto,media,2,María González López,2024-01-03 15:33:55,2024-01-14 20:07:31,,2024,Norte-Este,Norte,Este,3,2,0.011822436297134647,0,1,0,0,3.0,15,1,33,Wednesday,January,2,0,1,268.56,1
9,Agua turbia en suministro #7,El problema de drenaje ha causado acumulación de agua contaminada en la vía pública. Se solicita seguimiento continuo hasta la resolución completa. El problema se presenta de manera intermitente pero frecuente.,3,Saneamiento,"Privada Poniente #51, Col. Benito Juárez",20.2716,-97.9696,resuelto,media,2,María González López,2024-01-03 16:16:55,2024-01-11 18:51:01,,2024,Norte-Oeste,Norte,Oeste,3,2,0.00973242004848309,0,1,0,0,3.0,16,1,16,Wednesday,January,2,0,1,194.56833333333333,1
10,Tubería rota en zona habitacional #8,Las aguas residuales están contaminando el suelo y podrían afectar pozos cercanos.,3,Saneamiento,"Boulevard Hermanos Serdán #1261, Col. Benito Juárez, C.P. 73080",20.2718,-97.9546,nuevo,alta,1,admin,2024-01-03 20:05:46,2024-01-04 18:10:56,,2024,Norte-Este,Norte,Este,3,2,0.005692099788297681,0,0,0,0,1.0,20,1,5,Wednesday,January,3,1,1,22.086111111111112,1
13,Falta de agua potable en clínica #11,Las instalaciones sanitarias no cumplen con normas básicas de higiene.,8,Salud Pública,"Calle Carretera Estatal #28, Col. Rincón de los Ángeles",20.2527,-97.9577,no_aprobado,baja,2,María González López,2024-01-04 07:29:09,2024-01-05 19:36:23,,2024,Sur-Este,Sur,Este,4,3,0.01745222048909296,0,0,0,1,1.0,7,1,29,Thursday,January,1,0,1,36.120555555555555,1
12,Contenedor de basura desbordado #10,Los comerciantes de la zona reportan que la situación afecta sus ventas.,4,Limpieza,"Andador Miguel Hidalgo #67, Col. Centro, C.P. 73080",20.2782,-97.95,en_proceso,media,1,admin,2024-01-04 18:57:25,2024-01-08 15:26:34,,2024,Norte-Este,Norte,Este,4,3,0.012932130528253882,0,1,0,0,2.0,18,1,57,Thursday,January,2,0,1,92.48583333333333,1
16,Drenaje con retorno de agua sucia #14,Las aguas residuales están contaminando el suelo y podrían afectar pozos cercanos.,3,Saneamiento,"Cerrada Hermanos Serdán #12, Col. La Libertad, altura del semáforo",20.2692,-97.95,en_proceso,alta,1,admin,2024-01-05 04:20:24,2024-01-10 23:33:37,,2024,Sur-Este,Sur,Este,5,4,0.010031948963178347,0,0,1,0,2.0,4,1,20,Friday,January,3,0,1,139.22027777777777,1
15,Contenedor de reciclaje saturado #13,La comunidad está dispuesta a colaborar con horarios específicos de recolección. El problema coincide con fallas similares en zonas cercanas.,4,Limpieza,"Cerrada Calle Unión #22, Col. Las Palmas",20.2765,-97.9569,resuelto,alta,1,admin,2024-01-05 06:50:04,2024-01-22 18:57:21,,2024,Norte-Este,Norte,Este,5,4,0.0072013887549500465,0,0,1,0,3.0,6,1,50,Friday,January,3,0,1,420.1213888888889,1
14,Solicitantes de apoyo en semáforos #12,Se requiere mediación municipal para resolver el conflicto de manera efectiva. Las condiciones climáticas recientes han agravado la situación.,9,Otros,"Avenida Camino Real #609, Col. Santa Rosa, junto al DIF",20.2722,-97.9609,nuevo,baja,2,María González López,2024-01-05 10:12:04,2024-01-06 06:43:13,,2024,Norte-Oeste,Norte,Oeste,5,4,0.0023769728648033246,0,1,0,0,1.0,10,1,12,Friday,January,1,1,1,20.519166666666667,1
18,Red de agua sin presión constante #16,El transformador muestra signos de sobrecarga y necesita mantenimiento preventivo. Se solicita seguimiento continuo hasta la resolución completa.,2,Servicios Públicos,"Boulevard Carretera Estatal #109, Col. El Paraíso",20.2706,-97.9627,no_aprobado,alta,1,admin,2024-01-06 08:35:59,2024-01-11 20:55:15,,2024,Norte-Oeste,Norte,Oeste,6,5,0.0027658633371925954,1,1,0,0,1.0,8,1,35,Saturday,January,3,0,1,132.32111111111112,1
17,Parada de autobús vandalizada #15,Los residentes reportan fallas constantes en el suministro eléctrico de la zona.,2,Servicios Públicos,"Carretera Las Palmas #337, Col. La Huerta",20.2701,-97.9625,cerrado,alta,2,María González López,2024-01-06 10:51:45,2024-04-06 20:38:20,,2024,Norte-Oeste,Norte,Oeste,6,5,0.002501999200651279,1,1,0,0,4.0,10,1,51,Saturday,January,3,0,1,2193.776388888889,1
19,Desechos electrónicos en banqueta #17,Los comerciantes de la zona reportan que la situación afecta sus ventas.,4,Limpieza,"Camino Oriente #29, Col. La Cruz",20.2717,-97.9537,en_proceso,media,1,admin,2024-01-06 12:07:53,2024-01-12 23:45:44,,2024,Norte-Este,Norte,Este,6,5,0.006525335240426189,1,1,0,0,2.0,12,1,7,Saturday,January,2,0,1,155.63083333333333,1
21,Tubería de gas expuesta #19,Los comerciantes reportan pérdidas económicas debido a las fallas constantes.,2,Servicios Públicos,"Cerrada Reforma #25, Col. Francisco Villa, C.P. 73080",20.2703,-97.9568,nuevo,media,2,María González López,2024-01-07 02:04:21,2024-01-07 04:17:04,,2024,Norte-Este,Norte,Este,7,6,0.003214031735990149,1,0,1,0,1.0,2,1,4,Sunday,January,2,1,1,2.2119444444444443,1
22,Árbol caído tras tormenta #20,Se solicita inspección ambiental y aplicación de sanciones correspondientes. La comunidad está organizada para colaborar con las autoridades.,7,Medio Ambiente,"Boulevard Plaza #182, Col. La Huerta, altura del puente",20.2778,-97.9553,nuevo,alta,2,María González López,2024-01-07 03:05:37,2024-01-07 13:51:13,,2024,Norte-Este,Norte,Este,7,6,0.009106591019695062,1,0,1,0,1.0,3,1,5,Sunday,January,3,1,1,10.76,1
20,Conductor sin identificación visible #18,Los usuarios del transporte público reportan retrasos constantes en esta ruta. Se solicita seguimiento continuo hasta la resolución completa. El problema se presenta de manera intermitente pero frecuente.,6,Transporte,"Avenida Monte Alto #510, Col. San Antonio",20.2745,-97.95,en_proceso,alta,1,admin,2024-01-07 06:51:03,2024-01-10 06:57:53,,2024,Norte-Este,Norte,Este,7,6,0.010965856099722431,1,0,1,0,2.0,6,1,51,Sunday,January,3,0,1,72.1138888888889,1
24,Hundimiento de pavimento reciente #22,Se observan grietas que se extienden y podrían causar un colapso parcial.,1,Infraestructura,"Camino Carretera Xicotepec-Tlaxco #217, Col. El Calvario, frente a la iglesia",20.2795,-97.95,cerrado,alta,2,María González López,2024-01-08 00:03:55,2024-03-08 19:47:04,,2024,Norte-Este,Norte,Este,8,0,0.01379311422412656,0,0,1,0,4.0,0,1,3,Monday,January,3,0,2,1459.7191666666668,1
23,Solicitantes de apoyo en semáforos #21,Se solicita intervención de autoridades competentes para establecer orden. La situación afecta particularmente a adultos mayores y niños.,9,Otros,"Carretera Avenida del Trabajo #624, Col. San Juan",20.275,-97.9533,en_proceso,alta,2,María González López,2024-01-08 12:08:36,2024-01-11 01:11:06,,2024,Norte-Este,Norte,Este,8,0,0.008360023923406177,0,1,0,0,2.0,12,1,8,Monday,January,3,0,2,61.041666666666664,1
27,Contenedores con jeringas usadas #25,La falta de agua potable obliga a los vecinos a usar fuentes contaminadas.,8,Salud Pública,"Camino Camino a Honey #297, Col. San Juan",20.2738,-97.9557,en_proceso,alta,2,María González López,2024-01-09 11:22:25,2024-01-11 21:17:18,,2024,Norte-Este,Norte,Este,9,1,0.0057384666941631,0,1,0,0,2.0,11,1,22,Tuesday,January,3,0,2,57.914722222222224,1
26,Conductor imprudente en zona escolar #24,El problema vial está causando congestionamientos y accidentes menores. Los vecinos han intentado soluciones temporales sin éxito.,6,Transporte,"Privada Calle Unión #4, Col. Emiliano Zapata, junto al hospital",20.2715,-97.9532,nuevo,media,1,admin,2024-01-09 18:11:37,2024-01-10 01:51:39,,2024,Norte-Este,Norte,Este,9,1,0.006963476143419888,0,1,0,0,1.0,18,1,11,Tuesday,January,2,1,2,7.667222222222223,1
25,Pavimento levantado por raíces de árbol #23,La falta de mantenimiento ha resultado en condiciones inseguras para la comunidad. Durante las lluvias el problema se vuelve más peligroso.,1,Infraestructura,"Avenida Santa Ana #879, Col. Santa Rosa",20.2777,-97.95,cerrado,alta,2,María González López,2024-01-09 19:01:41,2024-04-10 05:32:15,,2024,Norte-Este,Norte,Este,9,1,0.012621014222312536,0,0,0,0,4.0,19,1,1,Tuesday,January,3,0,2,2194.5094444444444,1
30,Inundación por lluvia en colonia #28,Es urgente restaurar el flujo normal para prevenir problemas de salud pública.,3,Saneamiento,"Carretera Los Naranjos #362, Col. Vista Alegre, cerca del centro",20.2729,-97.9638,nuevo,media,1,admin,2024-01-10 09:30:21,2024-01-10 14:32:14,,2024,Norte-Oeste,Norte,Oeste,10,2,0.004780167361096964,0,1,0,0,1.0,9,1,30,Wednesday,January,2,1,2,5.0313888888888885,1
29,Conductor sin identificación visible #27,Los horarios irregulares afectan la movilidad de trabajadores y estudiantes.,6,Transporte,"Privada Aquiles Serdán #75, Col. Lomas del Mirador",20.2643,-97.9671,en_proceso,alta,1,admin,2024-01-10 10:21:50,2024-01-13 07:18:07,,2024,Sur-Oeste,Sur,Oeste,10,2,0.0091049437120791,0,1,0,0,2.0,10,1,21,Wednesday,January,3,0,2,68.93805555555555,1
28,Paradero sin iluminación #26,Se requiere mejor coordinación semafórica para optimizar el flujo vehicular. Se solicita seguimiento continuo hasta la resolución completa.,6,Transporte,"Carretera Calle Invierno #312, Col. Santa Matilde",20.2789,-97.9588,no_aprobado,media,2,María González López,2024-01-10 23:40:35,2024-01-16 22:19:02,,2024,Norte-Este,Norte,Este,10,2,0.008980534505250982,0,0,1,0,1.0,23,1,40,Wednesday,January,2,0,2,142.64083333333335,1
33,Cartón mojado bloqueando acera #31,El servicio de recolección no ha pasado por esta zona en más de una semana. Los vecinos han intentado soluciones temporales sin éxito.,4,Limpieza,"Calle Loma Bonita #241, Col. Lomas de Santa Anita",20.28,-97.9619,en_proceso,media,1,admin,2024-01-11 06:18:24,2024-01-17 22:06:25,,2024,Norte-Oeste,Norte,Oeste,11,3,0.010178899744081133,0,0,1,0,2.0,6,1,18,Thursday,January,2,0,2,159.80027777777778,1
31,Fuga de agua en tubería principal #29,La presión del agua es insuficiente para abastecer adecuadamente los hogares.,3,Saneamiento,"Privada Libramiento #40, Col. San José, C.P. 73080",20.28,-97.9535,en_proceso,alta,1,admin,2024-01-11 06:46:11,2024-01-12 09:37:22,,2024,Norte-Este,Norte,Este,11,3,0.011926860441871554,0,0,1,0,2.0,6,1,46,Thursday,January,3,0,2,26.853055555555557,1
32,Alcantarilla obstruida con basura #30,Los vecinos reportan problemas de salud relacionados con la contaminación del agua.,3,Saneamiento,"Cerrada Camino Real #14, Col. Benito Juárez",20.2685,-97.9612,resuelto,alta,1,admin,2024-01-11 17:33:38,2024-01-30 02:44:25,,2024,Sur-Oeste,Sur,Oeste,11,3,0.0019209372712370295,0,1,0,0,3.0,17,1,33,Thursday,January,3,0,2,441.1797222222222,1
34,Graffiti en edificio público #32,La comunidad solicita patrullajes más frecuentes y puntos de vigilancia.,5,Seguridad,"Cerrada Pancho Villa #53, Col. Los Pinos",20.2743,-97.9569,no_aprobado,media,2,María González López,2024-01-12 06:49:10,2024-01-16 01:26:54,,2024,Norte-Este,Norte,Este,12,4,0.0053009433122736425,0,0,1,0,1.0,6,1,49,Friday,January,2,0,2,90.6288888888889,1
35,Bus con fallas mecánicas #33,Las unidades de transporte operan en condiciones inseguras para los pasajeros. Se requiere coordinación entre múltiples dependencias municipales.,6,Transporte,"Boulevard Panorámica #984, Col. Las Palmas, frente al mercado",20.2782,-97.9608,en_proceso,baja,2,María González López,2024-01-12 22:04:58,2024-01-18 19:59:04,,2024,Norte-Oeste,Norte,Oeste,12,4,0.00823893196961825,0,0,1,0,2.0,22,1,4,Friday,January,1,0,2,141.90166666666667,1
38,Humedad por filtración subterránea #36,La presión del agua es insuficiente para abastecer adecuadamente los hogares.,3,Saneamiento,"Avenida Carmen Serdán #190, Col. Revolución",20.2538,-97.9647,nuevo,baja,1,admin,2024-01-13 01:03:36,2024-01-13 05:46:01,,2024,Sur-Oeste,Sur,Oeste,13,5,0.016868017073741658,1,0,1,1,1.0,1,1,3,Saturday,January,1,1,2,4.706944444444445,1
37,Rutas de bus mal planificadas #35,El problema vial está causando congestionamientos y accidentes menores.,6,Transporte,"Andador San José #60, Col. Jardines de Xicotepec",20.2786,-97.9537,cerrado,baja,2,María González López,2024-01-13 04:31:06,2024-02-13 21:29:38,,2024,Norte-Este,Norte,Este,13,5,0.010660675400741325,1,0,1,0,4.0,4,1,31,Saturday,January,1,0,2,760.9755555555555,1
36,Humedad por filtración subterránea #34,El problema de drenaje ha causado acumulación de agua contaminada en la vía pública.,3,Saneamiento,"Calle Avenida Independencia #281, Col. El Mirador",20.2651,-97.9624,en_proceso,media,1,admin,2024-01-13 19:35:16,2024-01-20 04:42:41,,2024,Sur-Oeste,Sur,Oeste,13,5,0.005456189146284603,1,0,0,0,2.0,19,1,35,Saturday,January,2,0,2,153.1236111111111,1
41,Zona sin acceso a servicios médicos #39,Las condiciones insalubres están causando enfermedades respiratorias y gastrointestinales.,8,Salud Pública,"Callejón Benito Juárez #36, Col. Santa María, altura del semáforo",20.2726,-97.9573,resuelto,alta,1,admin,2024-01-14 10:21:23,2024-01-22 09:57:42,,2024,Norte-Este,Norte,Este,14,6,0.003748332962791896,1,1,0,0,3.0,10,1,21,Sunday,January,3,0,2,191.6052777777778,1
39,Toma de agua sin tapa #37,Los equipos presentan ruidos anormales y podrían fallar completamente pronto.,2,Servicios Públicos,"Cerrada Cuarta #26, Col. Lomas del Mirador, cerca de la terminal",20.2789,-97.9564,en_proceso,baja,1,admin,2024-01-14 22:21:24,2024-01-20 18:57:45,,2024,Norte-Este,Norte,Este,14,6,0.009600520819202978,1,0,1,0,2.0,22,1,21,Sunday,January,1,0,2,140.60583333333332,1
40,Desechos electrónicos en banqueta #38,La acumulación de desechos está atrayendo fauna nociva y generando malos olores.,4,Limpieza,"Cerrada Francisco I. Madero #76, Col. San José",20.2756,-97.9523,en_proceso,media,2,María González López,2024-01-15 00:00:12,2024-01-20 18:33:12,,2024,Norte-Este,Norte,Este,15,0,0.009521029356115346,0,0,1,0,2.0,0,1,0,Monday,January,2,0,3,138.55,1
43,Alcantarilla obstruida con basura #41,La presión del agua es insuficiente para abastecer adecuadamente los hogares. Durante las lluvias el problema se vuelve más peligroso.,3,Saneamiento,"Calle Santo Domingo #138, Col. El Paraíso",20.2711,-97.9571,nuevo,baja,2,María González López,2024-01-15 05:37:42,2024-01-15 18:04:45,,2024,Norte-Este,Norte,Este,15,0,0.0031016124838515176,0,0,1,0,1.0,5,1,37,Monday,January,1,1,3,12.450833333333334,1
42,Alumbrado público apagado en colonia #40,Los residentes reportan fallas constantes en el suministro eléctrico de la zona.,2,Servicios Públicos,"Cerrada Hidalgo #74, Col. Santa Rosa",20.28,-97.9527,nuevo,alta,1,admin,2024-01-15 08:19:38,2024-01-15 09:51:18,,2024,Norte-Este,Norte,Este,15,0,0.012381033882517333,0,1,0,0,1.0,8,1,19,Monday,January,3,1,3,1.5277777777777777,1
44,Zona con variaciones de voltaje #42,Los equipos presentan ruidos anormales y podrían fallar completamente pronto. La comunidad está organizada para colaborar con las autoridades.,2,Servicios Públicos,"Boulevard Calle Unión #1318, Col. El Mirador, altura del semáforo",20.2689,-97.9511,en_proceso,alta,2,María González López,2024-01-15 13:21:03,2024-01-21 21:44:55,,2024,Sur-Este,Sur,Este,15,0,0.00896771988857531,0,1,0,0,2.0,13,1,21,Monday,January,3,0,3,152.39777777777778,1
45,Desechos electrónicos en banqueta #43,Se observan materiales peligrosos mezclados con residuos domésticos comunes. Los comerciantes locales también han expresado su preocupación.,4,Limpieza,"Boulevard Venustiano Carranza #1483, Col. Colinas de San Juan",20.2752,-97.9505,nuevo,baja,2,María González López,2024-01-16 04:32:40,2024-01-17 00:22:58,,2024,Norte-Este,Norte,Este,16,1,0.01083005078472874,0,0,1,0,1.0,4,1,32,Tuesday,January,1,1,3,19.838333333333335,1
46,Parada de autobús vandalizada #44,El servicio ha estado interrumpido por más de 48 horas afectando a múltiples familias. Durante las lluvias el problema se vuelve más peligroso.,2,Servicios Públicos,"Cerrada Vista Verde #62, Col. Lázaro Cárdenas",20.2709,-97.9652,en_proceso,media,2,María González López,2024-01-16 18:16:18,2024-01-20 07:41:25,,2024,Norte-Oeste,Norte,Oeste,16,1,0.005277309920785814,0,1,0,0,2.0,18,1,16,Tuesday,January,2,0,3,85.4186111111111,1
48,Vertido de aceite en calle #46,La vegetación dañada representa un riesgo para la infraestructura cercana. El problema se intensifica durante las horas pico. El problema es más evidente durante las primeras horas del día.,7,Medio Ambiente,"Camino Calle del Sol #50, Col. San José",20.2761,-97.9546,cerrado,alta,2,María González López,2024-01-17 06:40:10,2024-02-17 13:37:24,,2024,Norte-Este,Norte,Este,17,2,0.008146778504411468,0,0,1,0,4.0,6,1,40,Wednesday,January,3,0,3,750.9538888888889,1
47,Animales muertos no retirados de vía #45,Es necesario incrementar la frecuencia de recolección en esta área de alta densidad.,4,Limpieza,"Callejón Residencial #27, Col. San Miguel",20.2786,-97.961,en_proceso,alta,2,María González López,2024-01-17 11:30:46,2024-01-22 00:35:34,,2024,Norte-Oeste,Norte,Oeste,17,2,0.008657944328767162,0,1,0,0,2.0,11,1,30,Wednesday,January,3,0,3,109.08,1
49,Incendio provocado en basurero #47,Los residentes evitan transitar por el área durante horas nocturnas. El problema coincide con fallas similares en zonas cercanas.,5,Seguridad,"Callejón Central #9, Col. Benito Juárez",20.2736,-97.95,resuelto,alta,1,admin,2024-01-17 23:09:57,2024-01-27 05:48:11,,2024,Norte-Este,Norte,Este,17,2,0.010628264204460145,0,0,1,0,3.0,23,1,9,Wednesday,January,3,0,3,222.63722222222222,1
52,Pavimento levantado por raíces de árbol #50,Se observan grietas que se extienden y podrían causar un colapso parcial. Se observa un patrón de deterioro acelerado en los últimos días.,1,Infraestructura,"Carretera San Carlos #1034, Col. Emiliano Zapata",20.2761,-97.9509,cerrado,alta,1,admin,2024-01-18 02:10:32,2024-03-18 23:52:12,,2024,Norte-Este,Norte,Este,18,3,0.010955363982990612,0,0,1,0,4.0,2,1,10,Thursday,January,3,0,3,1461.6944444444443,1
50,Maltrato animal en espacio urbano #48,Se solicita intervención de autoridades competentes para establecer orden.,9,Otros,"Privada Hermanos Serdán #11, Col. Revolución",20.274,-97.9637,resuelto,media,1,admin,2024-01-18 04:35:22,2024-01-29 14:47:29,,2024,Norte-Oeste,Norte,Oeste,18,3,0.005448853090337298,0,0,1,0,3.0,4,1,35,Thursday,January,2,0,3,274.20194444444445,1
51,Intento de saqueo a local #49,El vandalismo continuo genera un ambiente de inseguridad para las familias. Se solicita seguimiento continuo hasta la resolución completa. En horario escolar representa mayor riesgo para los menores.,5,Seguridad,"Camino Del Río #240, Col. Centro",20.2682,-97.9507,nuevo,alta,1,admin,2024-01-18 15:20:26,2024-01-18 15:31:26,,2024,Sur-Este,Sur,Este,18,3,0.009472592042304205,0,1,0,0,1.0,15,1,20,Thursday,January,3,1,3,0.18333333333333332,1
55,Agua turbia en suministro #53,Las aguas residuales están contaminando el suelo y podrían afectar pozos cercanos. Durante las lluvias el problema se vuelve más peligroso.,3,Saneamiento,"Andador Cerrada Los Pinos #15, Col. Jardines de Xicotepec, altura del puente",20.2716,-97.9603,en_proceso,alta,1,admin,2024-01-19 20:55:43,2024-01-25 20:24:28,,2024,Norte-Oeste,Norte,Oeste,19,4,0.0016278820596116327,0,0,0,0,2.0,20,1,55,Friday,January,3,0,3,143.47916666666666,1
53,Maltrato animal en espacio urbano #51,Las actividades no reguladas están impactando negativamente el comercio local.,9,Otros,"Calle Privada San José #63, Col. Solidaridad, cerca de la terminal",20.28,-97.9584,nuevo,alta,2,María González López,2024-01-19 21:05:43,2024-01-20 18:44:46,,2024,Norte-Este,Norte,Este,19,4,0.010127191120938685,0,0,0,0,1.0,21,1,5,Friday,January,3,1,3,21.650833333333335,1
54,Contaminación del aire por quema #52,El área verde requiere rehabilitación para restaurar el ecosistema local. Los comerciantes locales también han expresado su preocupación. En horario escolar representa mayor riesgo para los menores.,7,Medio Ambiente,"Camino Santo Domingo #176, Col. El Mirador",20.2788,-97.9567,cerrado,media,2,María González López,2024-01-19 22:01:28,2024-04-20 10:27:03,,2024,Norte-Este,Norte,Este,19,4,0.009398404119848587,0,0,1,0,4.0,22,1,1,Friday,January,2,0,3,2196.426388888889,1
56,Drenaje con retorno de agua sucia #54,"La obstrucción causa desbordamientos durante las lluvias, inundando casas vecinas. En horario escolar representa mayor riesgo para los menores.",3,Saneamiento,"Calle Camino Real #134, Col. Las Flores, altura del puente",20.2765,-97.9581,en_proceso,alta,1,admin,2024-01-20 10:50:59,2024-01-22 02:11:45,,2024,Norte-Este,Norte,Este,20,5,0.0067720011813316655,1,1,0,0,2.0,10,1,50,Saturday,January,3,0,3,39.346111111111114,1
57,Toma de agua sin tapa #55,Los residentes reportan fallas constantes en el suministro eléctrico de la zona.,2,Servicios Públicos,"Andador Del Río #31, Col. Centro, entre calles",20.2705,-97.9604,en_proceso,baja,2,María González López,2024-01-20 12:13:55,2024-01-24 08:16:46,,2024,Norte-Oeste,Norte,Oeste,20,5,0.0006403124237506701,1,1,0,0,2.0,12,1,13,Saturday,January,1,0,3,92.0475,1
59,Fauna silvestre en peligro urbano #57,El área verde requiere rehabilitación para restaurar el ecosistema local.,7,Medio Ambiente,"Cerrada Avenida Tecnológico #52, Col. Santa María",20.2726,-97.954,nuevo,media,2,María González López,2024-01-21 04:23:41,2024-01-21 20:41:38,,2024,Norte-Este,Norte,Este,21,6,0.00653911308970935,1,0,1,0,1.0,4,1,23,Sunday,January,2,1,3,16.299166666666668,1
58,Conductor imprudente en zona escolar #56,El mantenimiento de la flota de transporte público es deficiente.,6,Transporte,"Camino Miguel Hidalgo #28, Col. Santa Cecilia, altura del puente",20.2747,-97.95,cerrado,alta,2,María González López,2024-01-21 09:52:01,2024-04-21 23:42:20,,2024,Norte-Este,Norte,Este,21,6,0.011049434374655352,1,1,0,0,4.0,9,1,52,Sunday,January,3,0,3,2197.8386111111113,1
60,Basura tras eventos masivos sin limpieza #58,Los contenedores están dañados y no pueden contener adecuadamente la basura.,4,Limpieza,"Callejón Hidalgo #80, Col. Lázaro Cárdenas, altura del semáforo",20.28,-97.9633,en_proceso,media,2,María González López,2024-01-21 10:46:25,2024-01-23 02:03:25,,2024,Norte-Oeste,Norte,Oeste,21,6,0.010530432089904847,1,1,0,0,2.0,10,1,46,Sunday,January,2,0,3,39.28333333333333,1
63,Agua estancada con larvas #61,Las aguas residuales están contaminando el suelo y podrían afectar pozos cercanos. El problema coincide con fallas similares en zonas cercanas.,3,Saneamiento,"Camino Plutarco Elías Calles #166, Col. Francisco Villa",20.2701,-97.9621,no_aprobado,media,2,María González López,2024-01-22 14:36:05,2024-01-27 19:31:14,,2024,Norte-Oeste,Norte,Oeste,22,0,0.0021023796041757074,0,1,0,0,1.0,14,1,36,Monday,January,2,0,4,124.91916666666667,1
61,Clínica sin insumos básicos #59,Se requiere intervención sanitaria urgente para prevenir la propagación de enfermedades. Se observa un patrón de deterioro acelerado en los últimos días.,8,Salud Pública,"Avenida Miguel Hidalgo #1106, Col. San Juan",20.2725,-97.9513,resuelto,alta,2,María González López,2024-01-22 18:58:08,2024-02-02 03:59:12,,2024,Norte-Este,Norte,Este,22,0,0.009052071586097795,0,1,0,0,3.0,18,1,58,Monday,January,3,0,4,249.01777777777778,1
62,Cableado colgante sobre calle #60,El problema afecta el funcionamiento normal de comercios y hogares del sector.,2,Servicios Públicos,"Cerrada Principal #60, Col. La Huerta",20.2797,-97.95,nuevo,media,2,María González López,2024-01-22 19:09:28,2024-01-23 09:44:37,,2024,Norte-Este,Norte,Este,22,0,0.01393161871426982,0,0,0,0,1.0,19,1,9,Monday,January,2,1,4,14.585833333333333,1
64,Fuga de mascotas en calle #62,La situación está afectando la convivencia pacífica y el orden público. El problema se intensifica durante las horas pico. En horario escolar representa mayor riesgo para los menores.,9,Otros,"Camino San Juan #2, Col. San Juan",20.279,-97.9544,resuelto,alta,2,María González López,2024-01-23 01:54:38,2024-02-03 14:36:58,,2024,Norte-Este,Norte,Este,23,1,0.010599999999993394,0,0,1,0,3.0,1,1,54,Tuesday,January,3,0,4,276.7055555555556,1
65,Pasajeros viajando de pie en exceso #63,Los usuarios del transporte público reportan retrasos constantes en esta ruta. La comunidad está organizada para colaborar con las autoridades. Las condiciones climáticas recientes han agravado la situación.,6,Transporte,"Calle Del Río #202, Col. Francisco Villa, frente a la iglesia",20.2627,-97.9584,no_aprobado,media,2,María González López,2024-01-23 07:50:08,2024-01-26 17:04:55,,2024,Sur-Este,Sur,Este,23,1,0.007473285756613286,0,0,0,0,1.0,7,1,50,Tuesday,January,2,0,4,81.24638888888889,1
68,Pasajeros viajando de pie en exceso #66,Los usuarios del transporte público reportan retrasos constantes en esta ruta.,6,Transporte,"Callejón Avenida Hidalgo #38, Col. Colinas de San Juan",20.2701,-97.9559,resuelto,baja,2,María González López,2024-01-24 03:53:59,2024-02-20 02:54:52,,2024,Norte-Este,Norte,Este,24,2,0.004101219330875969,0,0,1,0,3.0,3,1,53,Wednesday,January,1,0,4,647.0147222222222,1
66,Fuga de agua en tubería principal #64,Las aguas residuales están contaminando el suelo y podrían afectar pozos cercanos. La situación afecta particularmente a adultos mayores y niños. El problema se presenta de manera intermitente pero frecuente.,3,Saneamiento,"Avenida Privada del Carmen #945, Col. Lomas del Mirador, frente a la iglesia",20.2711,-97.9571,en_proceso,media,1,admin,2024-01-24 13:24:34,2024-01-31 21:36:35,,2024,Norte-Este,Norte,Este,24,2,0.0031016124838515176,0,1,0,0,2.0,13,1,24,Wednesday,January,2,0,4,176.20027777777779,1
67,Carril de bicicleta obstruido #65,Los usuarios del transporte público reportan retrasos constantes en esta ruta.,6,Transporte,"Privada Callejón del Mercado #38, Col. Los Pinos",20.2753,-97.958,resuelto,alta,2,María González López,2024-01-24 16:00:25,2024-02-16 02:37:18,,2024,Norte-Este,Norte,Este,24,2,0.005664803615307512,0,1,0,0,3.0,16,1,0,Wednesday,January,3,0,4,538.6147222222222,1
69,Quema de llantas en baldío #67,La quema irregular de materiales genera humo tóxico para la comunidad. Se requiere coordinación entre múltiples dependencias municipales.,7,Medio Ambiente,"Boulevard Mirador #1093, Col. Lázaro Cárdenas",20.2767,-97.9535,resuelto,alta,1,admin,2024-01-25 02:37:03,2024-02-23 09:23:00,,2024,Norte-Este,Norte,Este,25,3,0.009334880824085439,0,0,1,0,3.0,2,1,37,Thursday,January,3,0,4,702.7658333333334,1
70,Contaminación auditiva por altavoces #68,La quema irregular de materiales genera humo tóxico para la comunidad.,7,Medio Ambiente,"Camino Privada Juárez #187, Col. Francisco Villa",20.271,-97.9543,nuevo,baja,2,María González López,2024-01-25 03:42:05,2024-01-25 05:16:25,,2024,Norte-Este,Norte,Este,25,3,0.005787054518482741,0,0,1,0,1.0,3,1,42,Thursday,January,1,1,4,1.5722222222222222,1
71,Tubería rota en zona habitacional #69,La presión del agua es insuficiente para abastecer adecuadamente los hogares.,3,Saneamiento,"Andador Calle Estrella #41, Col. Lomas del Mirador",20.2774,-97.9521,en_proceso,alta,1,admin,2024-01-25 15:19:28,2024-01-31 18:28:40,,2024,Norte-Este,Norte,Este,25,3,0.010824509226744885,0,1,0,0,2.0,15,1,19,Thursday,January,3,0,4,147.15333333333334,1
74,Bache profundo en avenida principal #72,La falta de mantenimiento ha resultado en condiciones inseguras para la comunidad. Las condiciones climáticas recientes han agravado la situación.,1,Infraestructura,"Boulevard Anillo Periférico #220, Col. Lomas de Santa Anita, C.P. 73080",20.2762,-97.9553,nuevo,alta,1,admin,2024-01-26 03:48:12,2024-01-26 16:47:05,,2024,Norte-Este,Norte,Este,26,4,0.007780102827083602,0,0,1,0,1.0,3,1,48,Friday,January,3,1,4,12.981388888888889,1
72,Zona sin acceso a servicios médicos #70,Se necesita fumigación para controlar vectores de enfermedades tropicales. Se solicita seguimiento continuo hasta la resolución completa. Las condiciones climáticas recientes han agravado la situación.,8,Salud Pública,"Camino Los Pinos #102, Col. Lomas del Mirador",20.2712,-97.95,cerrado,media,1,admin,2024-01-26 22:01:53,2024-03-27 02:47:47,,2024,Norte-Este,Norte,Este,26,4,0.010071742649602398,0,0,1,0,4.0,22,1,1,Friday,January,2,0,4,1444.765,1
73,Humedad saliendo de registro de drenaje #71,La fuga representa un riesgo sanitario y desperdicio del recurso hídrico. El problema se intensifica durante las horas pico.,3,Saneamiento,"Cerrada Periférico Sur #16, Col. Santa María",20.2587,-97.964,nuevo,media,1,admin,2024-01-26 23:22:22,2024-01-27 12:53:01,,2024,Sur-Oeste,Sur,Oeste,26,4,0.011987076374162547,0,0,1,1,1.0,23,1,22,Friday,January,2,1,4,13.510833333333334,1
75,Residuos sólidos flotando en canal #73,La comunidad está dispuesta a colaborar con horarios específicos de recolección. Se requiere coordinación entre múltiples dependencias municipales.,4,Limpieza,"Boulevard Callejón del Río #254, Col. Las Flores",20.2705,-97.9608,en_proceso,alta,2,María González López,2024-01-27 01:18:33,2024-01-31 19:01:15,,2024,Norte-Oeste,Norte,Oeste,27,5,0.0009433981132155125,1,0,1,0,2.0,1,1,18,Saturday,January,3,0,4,113.71166666666667,1
76,Tubería pluvial desconectada #74,Es urgente restaurar el flujo normal para prevenir problemas de salud pública.,3,Saneamiento,"Avenida Los Fresnos #320, Col. Los Pinos, altura del puente",20.2736,-97.9554,en_proceso,media,2,María González López,2024-01-27 11:32:48,2024-02-02 12:18:34,,2024,Norte-Este,Norte,Este,27,5,0.005841232746600454,1,1,0,0,2.0,11,1,32,Saturday,January,2,0,4,144.76277777777779,1
77,Circos o ferias con instalaciones inseguras #75,Es necesario establecer regulaciones claras para prevenir futuros conflictos.,9,Otros,"Avenida Calle de la Paz #825, Col. El Calvario, cerca de la terminal",20.2665,-97.9635,cerrado,baja,2,María González López,2024-01-28 06:32:46,2024-04-29 01:13:39,,2024,Sur-Oeste,Sur,Oeste,28,6,0.004949747468306858,1,0,1,0,4.0,6,1,32,Sunday,January,1,0,4,2202.6813888888887,1
78,Falta de agua potable en clínica #76,Se necesita fumigación para controlar vectores de enfermedades tropicales. La comunidad está organizada para colaborar con las autoridades.,8,Salud Pública,"Boulevard Avenida de la Juventud #1228, Col. Lomas del Mirador",20.2743,-97.9601,resuelto,media,2,María González López,2024-01-28 11:23:54,2024-02-14 14:07:03,,2024,Norte-Oeste,Norte,Oeste,28,6,0.004301162633522027,1,1,0,0,3.0,11,1,23,Sunday,January,2,0,4,410.7191666666667,1
79,Falta de tapas en registros de drenaje #77,La fuga representa un riesgo sanitario y desperdicio del recurso hídrico.,3,Saneamiento,"Callejón Avenida Juárez #5, Col. Nuevo México",20.2761,-97.9591,en_proceso,alta,1,admin,2024-01-28 17:40:03,2024-01-31 02:36:24,,2024,Norte-Este,Norte,Este,28,6,0.006166036003785331,1,1,0,0,2.0,17,1,40,Sunday,January,3,0,4,56.939166666666665,1
81,Baños públicos contaminados #79,Se requiere intervención sanitaria urgente para prevenir la propagación de enfermedades.,8,Salud Pública,"Callejón Calle de la Paz #20, Col. Nuevo México",20.278,-97.9561,resuelto,alta,2,María González López,2024-01-29 03:06:54,2024-02-07 11:03:06,,2024,Norte-Este,Norte,Este,29,0,0.008899999999993668,0,0,1,0,3.0,3,1,6,Monday,January,3,0,5,223.93666666666667,1
80,Violencia en cancha deportiva #78,Es urgente implementar medidas preventivas antes de que ocurran incidentes graves. Se requiere coordinación entre múltiples dependencias municipales. El problema se presenta de manera intermitente pero frecuente.,5,Seguridad,"Camino Carretera Xicotepec-Tlaxco #47, Col. La Huerta, frente al banco",20.2672,-97.965,resuelto,baja,1,admin,2024-01-29 09:08:29,2024-02-25 15:43:11,,2024,Sur-Oeste,Sur,Oeste,29,0,0.005730619512766475,0,1,0,0,3.0,9,1,8,Monday,January,1,0,5,654.5783333333334,1
82,Contenedor de basura desbordado #80,El servicio de recolección no ha pasado por esta zona en más de una semana.,4,Limpieza,"Avenida Calle Otoño #584, Col. Santa María",20.28,-97.9556,nuevo,alta,1,admin,2024-01-29 23:41:06,2024-01-30 12:52:08,,2024,Norte-Este,Norte,Este,29,0,0.010925200226995432,0,0,1,0,1.0,23,1,41,Monday,January,3,1,5,13.18388888888889,1
84,Fuga de agua en tubería principal #82,Los malos olores afectan la calidad de vida de los residentes de la zona.,3,Saneamiento,"Calle Del Río #17, Col. La Libertad, cerca de la terminal",20.268,-97.9615,resuelto,alta,1,admin,2024-01-30 02:05:08,2024-02-25 09:54:57,,2024,Sur-Oeste,Sur,Oeste,30,1,0.0025000000000034105,0,0,1,0,3.0,2,1,5,Tuesday,January,3,0,5,631.8302777777777,1
85,Mercado con condiciones insalubres #83,Las instalaciones sanitarias no cumplen con normas básicas de higiene. Durante las lluvias el problema se vuelve más peligroso.,8,Salud Pública,"Avenida Carretera Xicotepec-Tlaxco #243, Col. Centro",20.2788,-97.9527,no_aprobado,alta,2,María González López,2024-01-30 03:13:02,2024-01-31 08:14:20,,2024,Norte-Este,Norte,Este,30,1,0.01143372205364575,0,0,1,0,1.0,3,1,13,Tuesday,January,3,0,5,29.02166666666667,1
83,Contenedor de basura desbordado #81,La acumulación de desechos está atrayendo fauna nociva y generando malos olores.,4,Limpieza,"Calle Degollado #125, Col. Nuevo México",20.2749,-97.95,nuevo,baja,2,María González López,2024-01-30 10:49:55,2024-02-03 04:00:16,,2024,Norte-Este,Norte,Este,30,1,0.011135977729854286,0,1,0,0,1.0,10,1,49,Tuesday,January,1,0,5,89.1725,1
86,Residuos hospitalarios mal manejados #84,Las instalaciones sanitarias no cumplen con normas básicas de higiene.,8,Salud Pública,"Callejón Residencial #61, Col. San Juan",20.2759,-97.9541,en_proceso,alta,1,admin,2024-01-31 00:42:21,2024-02-03 01:39:43,,2024,Norte-Este,Norte,Este,31,2,0.008343860017999399,0,0,1,0,2.0,0,1,42,Wednesday,January,3,0,5,72.95611111111111,1
87,Escaleras sin barandales #85,El daño estructural requiere reparación urgente antes de que cause accidentes graves.,1,Infraestructura,"Callejón Callejón del Río #38, Col. Jardines de Xicotepec",20.2733,-97.9592,en_proceso,alta,2,María González López,2024-01-31 19:15:24,2024-02-02 21:58:16,,2024,Norte-Este,Norte,Este,31,2,0.003395585369268921,0,0,0,0,2.0,19,1,15,Wednesday,January,3,0,5,50.714444444444446,1
88,Trafico intenso por mal diseño vial #86,Los horarios irregulares afectan la movilidad de trabajadores y estudiantes.,6,Transporte,"Cerrada Andador Guadalupe #18, Col. La Libertad, frente al OXXO",20.2709,-97.95,en_proceso,alta,2,María González López,2024-02-01 10:19:36,2024-02-02 14:39:30,,2024,Norte-Este,Norte,Este,1,3,0.010040418317969662,0,1,0,0,2.0,10,2,19,Thursday,February,3,0,5,28.331666666666667,1
90,Transformador haciendo ruidos extraños #88,Se requiere revisión técnica urgente para evitar cortes prolongados de energía.,2,Servicios Públicos,"Carretera Camino a Tlaxcalantongo #711, Col. Santa Cecilia",20.2637,-97.9561,resuelto,media,2,María González López,2024-02-01 10:57:24,2024-03-01 11:33:03,,2024,Sur-Este,Sur,Este,1,3,0.0074094534211300266,0,1,0,0,3.0,10,2,57,Thursday,February,2,0,5,696.5941666666666,1
89,Puente vehicular con fisuras visibles #87,Se observan grietas que se extienden y podrían causar un colapso parcial. Se requiere coordinación entre múltiples dependencias municipales.,1,Infraestructura,"Privada Campestre #14, Col. La Cruz, C.P. 73080",20.28,-97.9571,resuelto,alta,2,María González López,2024-02-01 16:28:35,2024-02-13 10:43:31,,2024,Norte-Este,Norte,Este,1,3,0.010412012293500842,0,1,0,0,3.0,16,2,28,Thursday,February,3,0,5,282.24888888888887,1
91,Quema de basura en casa particular #89,La comunidad propone soluciones colaborativas para resolver el problema. La situación afecta particularmente a adultos mayores y niños.,9,Otros,"Cerrada Boulevard Héroes de Puebla #58, Col. Santa Cecilia",20.2563,-97.9509,resuelto,media,1,admin,2024-02-02 13:06:14,2024-02-23 19:28:52,,2024,Sur-Este,Sur,Este,2,4,0.016446884203392725,0,1,0,1,3.0,13,2,6,Friday,February,2,0,5,510.3772222222222,1
93,Circos o ferias con instalaciones inseguras #91,El problema se ha extendido y ahora afecta a múltiples cuadras del sector. Se solicita seguimiento continuo hasta la resolución completa. El problema se presenta de manera intermitente pero frecuente.,9,Otros,"Andador Del Bosque #60, Col. Nuevo México, C.P. 73080",20.2643,-97.9593,en_proceso,media,2,María González López,2024-02-02 16:41:44,2024-02-09 15:32:48,,2024,Sur-Este,Sur,Este,2,4,0.005742821606144779,0,1,0,0,2.0,16,2,41,Friday,February,2,0,5,166.85111111111112,1
92,Quema de llantas en baldío #90,La vegetación dañada representa un riesgo para la infraestructura cercana. La comunidad está organizada para colaborar con las autoridades. Las condiciones climáticas recientes han agravado la situación.,7,Medio Ambiente,"Avenida Andador Guadalupe #906, Col. Benito Juárez",20.277,-97.9564,en_proceso,media,2,María González López,2024-02-02 17:41:56,2024-02-10 07:53:14,,2024,Norte-Este,Norte,Este,2,4,0.007871467461659223,0,1,0,0,2.0,17,2,41,Friday,February,2,0,5,182.18833333333333,1
94,Zona sin acceso a servicios médicos #92,La comunidad solicita campañas de vacunación y educación sanitaria. Los residentes están dispuestos a aportar recursos para la solución.,8,Salud Pública,"Calle Reforma #134, Col. Solidaridad",20.2753,-97.9504,no_aprobado,baja,2,María González López,2024-02-03 05:14:53,2024-02-07 02:03:38,,2024,Norte-Este,Norte,Este,3,5,0.010965856099724407,1,0,1,0,1.0,5,2,14,Saturday,February,1,0,5,92.8125,1
96,Cajas eléctricas abiertas #94,"La comunidad ha estado sin servicio confiable, afectando sus actividades diarias.",2,Servicios Públicos,"Avenida Calle Invierno #835, Col. San Miguel, junto a la farmacia",20.2582,-97.9556,nuevo,alta,1,admin,2024-02-03 14:11:55,2024-02-03 17:13:58,,2024,Sur-Este,Sur,Este,3,5,0.012593649193142212,1,1,0,1,1.0,14,2,11,Saturday,February,3,1,5,3.0341666666666667,1
95,Zona oscura propensa a delitos #93,Los residentes evitan transitar por el área durante horas nocturnas.,5,Seguridad,"Avenida Aldama #758, Col. San José, C.P. 73080",20.2758,-97.95,nuevo,media,1,admin,2024-02-03 19:20:11,2024-02-04 11:26:22,,2024,Norte-Este,Norte,Este,3,5,0.011560276813287222,1,0,0,0,1.0,19,2,20,Saturday,February,2,1,5,16.103055555555557,1
98,Autos estacionados sobre banquetas #96,La falta de normativa clara permite que la situación se repita constantemente.,9,Otros,"Andador Los Arcos #68, Col. La Cruz, cerca del panteón",20.2739,-97.9611,nuevo,baja,2,María González López,2024-02-04 04:52:37,2024-02-04 19:16:38,,2024,Norte-Oeste,Norte,Oeste,4,6,0.004052159917874669,1,0,1,0,1.0,4,2,52,Sunday,February,1,1,5,14.400277777777777,1
97,Recolección de basura atrasada #95,La comunidad está dispuesta a colaborar con horarios específicos de recolección.,4,Limpieza,"Avenida Revolución #358, Col. San Antonio",20.2743,-97.9542,en_proceso,alta,2,María González López,2024-02-04 08:49:38,2024-02-06 00:25:34,,2024,Norte-Este,Norte,Este,4,6,0.007220110802469107,1,1,0,0,2.0,8,2,49,Sunday,February,3,0,5,39.59888888888889,1
99,Columna estructural con daño #97,Los materiales sueltos representan un riesgo tanto para peatones como para vehículos. Se requiere coordinación entre múltiples dependencias municipales.,1,Infraestructura,"Carretera Callejón San José #391, Col. La Esperanza",20.2766,-97.95,en_proceso,alta,2,María González López,2024-02-05 04:27:44,2024-02-09 09:10:39,,2024,Norte-Este,Norte,Este,5,0,0.011981652640591893,0,0,1,0,2.0,4,2,27,Monday,February,3,0,6,100.71527777777777,1
100,Puente vehicular con fisuras visibles #98,Varios vecinos han reportado tropiezos y caídas en esta zona.,1,Infraestructura,"Carretera Aquiles Serdán #1238, Col. El Calvario",20.2778,-97.95,no_aprobado,alta,1,admin,2024-02-05 12:26:16,2024-02-07 00:22:32,,2024,Norte-Este,Norte,Este,5,0,0.012682271089982726,0,1,0,0,1.0,12,2,26,Monday,February,3,0,6,35.937777777777775,1
101,Bus con fallas mecánicas #99,El problema vial está causando congestionamientos y accidentes menores.,6,Transporte,"Avenida Degollado #147, Col. Colinas de San Juan",20.2778,-97.9565,en_proceso,alta,2,María González López,2024-02-05 15:50:52,2024-02-11 09:06:26,,2024,Norte-Este,Norte,Este,5,0,0.008549268974591427,0,1,0,0,2.0,15,2,50,Monday,February,3,0,6,137.25944444444445,1
104,Personas sospechosas merodeando #102,La comunidad solicita patrullajes más frecuentes y puntos de vigilancia. El problema coincide con fallas similares en zonas cercanas.,5,Seguridad,"Boulevard Loma Bonita #785, Col. La Libertad",20.2761,-97.9569,nuevo,alta,1,admin,2024-02-06 15:18:58,2024-02-06 20:52:35,,2024,Norte-Este,Norte,Este,6,1,0.006842514157817513,0,1,0,0,1.0,15,2,18,Tuesday,February,3,1,6,5.560277777777777,1
102,Venta de droga en espacio público #100,Los comerciantes han sido víctimas de robos en múltiples ocasiones.,5,Seguridad,"Camino Aldama #145, Col. Lomas del Mirador, cerca del zócalo",20.2763,-97.9543,no_aprobado,media,1,admin,2024-02-06 15:20:49,2024-02-09 13:39:51,,2024,Norte-Este,Norte,Este,6,1,0.0084958813550969,0,1,0,0,1.0,15,2,20,Tuesday,February,2,0,6,70.31722222222223,1
103,Medicamentos caducados en clínica #101,Se han reportado casos sospechosos de enfermedades transmisibles en el área.,8,Salud Pública,"Camino Calle del Sol #167, Col. Vista Alegre",20.2746,-97.9529,resuelto,alta,2,María González López,2024-02-06 19:58:18,2024-02-19 05:33:27,,2024,Norte-Este,Norte,Este,6,1,0.00845990543681877,0,0,0,0,3.0,19,2,58,Tuesday,February,3,0,6,297.5858333333333,1
106,Venta de droga en espacio público #104,La falta de iluminación y vigilancia favorece las actividades delictivas.,5,Seguridad,"Callejón Calle Verano #48, Col. Los Pinos",20.2763,-97.9516,nuevo,baja,1,admin,2024-02-07 01:32:09,2024-02-08 01:01:42,,2024,Norte-Este,Norte,Este,7,2,0.010499999999995424,0,0,1,0,1.0,1,2,32,Wednesday,February,1,1,6,23.4925,1
107,Falta de vacunación comunitaria #105,Se requiere intervención sanitaria urgente para prevenir la propagación de enfermedades.,8,Salud Pública,"Boulevard Quinta #1037, Col. Buenos Aires",20.2704,-97.95,resuelto,alta,1,admin,2024-02-07 14:01:28,2024-02-16 05:29:47,,2024,Norte-Este,Norte,Este,7,2,0.010007996802548318,0,1,0,0,3.0,14,2,1,Wednesday,February,3,0,6,207.47194444444443,1
105,Tala no autorizada de árboles #103,Es necesario implementar medidas de protección ambiental inmediatas. Se observa un patrón de deterioro acelerado en los últimos días.,7,Medio Ambiente,"Calle Andador Guadalupe #41, Col. Las Flores",20.2667,-97.9564,en_proceso,alta,2,María González López,2024-02-07 20:56:59,2024-02-09 06:51:54,,2024,Sur-Este,Sur,Este,7,2,0.004883646178823331,0,0,0,0,2.0,20,2,56,Wednesday,February,3,0,6,33.915277777777774,1
108,Esquina sin rampa para discapacitados #106,Varios vecinos han reportado tropiezos y caídas en esta zona. La situación afecta particularmente a adultos mayores y niños. Se observa un patrón de deterioro acelerado en los últimos días.,1,Infraestructura,"Cerrada Santa María #41, Col. La Esperanza, frente al banco",20.279,-97.9548,en_proceso,alta,1,admin,2024-02-08 05:41:31,2024-02-10 15:32:21,,2024,Norte-Este,Norte,Este,8,3,0.01039422916814326,0,0,1,0,2.0,5,2,41,Thursday,February,3,0,6,57.84722222222222,1
109,Puente peatonal deteriorado #107,La reparación temporal anterior no fue efectiva y el problema persiste.,1,Infraestructura,"Calle Josefa Ortiz #118, Col. Vista Alegre",20.2751,-97.9579,nuevo,alta,2,María González López,2024-02-08 09:05:36,2024-02-09 07:28:34,,2024,Norte-Este,Norte,Este,8,3,0.005515432893253425,0,1,0,0,1.0,9,2,5,Thursday,February,3,1,6,22.38277777777778,1
110,Zona oscura propensa a delitos #108,Los actos vandálicos han dañado propiedades públicas y privadas del sector.,5,Seguridad,"Andador Las Américas #5, Col. Centro",20.2753,-97.9601,en_proceso,alta,2,María González López,2024-02-09 13:48:17,2024-02-14 15:15:48,,2024,Norte-Oeste,Norte,Oeste,9,4,0.00530094331228135,0,1,0,0,2.0,13,2,48,Friday,February,3,0,6,121.45861111111111,1
112,Transformador haciendo ruidos extraños #110,Se requiere revisión técnica urgente para evitar cortes prolongados de energía.,2,Servicios Públicos,"Privada Boulevard Héroes de Puebla #5, Col. Jardines de Xicotepec",20.2698,-97.955,en_proceso,alta,1,admin,2024-02-09 23:28:41,2024-02-17 06:01:55,,2024,Sur-Este,Sur,Este,9,4,0.005003998401274159,0,0,1,0,2.0,23,2,28,Friday,February,3,0,6,174.55388888888888,1
111,Zona sin alumbrado desde hace semanas #109,Las condiciones del cableado representan un riesgo de electrocución para transeúntes. Se solicita seguimiento continuo hasta la resolución completa.,2,Servicios Públicos,"Privada Callejón de los Sabinos #77, Col. Benito Juárez",20.2672,-97.9565,en_proceso,media,1,admin,2024-02-09 23:29:18,2024-02-11 07:24:23,,2024,Sur-Este,Sur,Este,9,4,0.004482186966194212,0,0,1,0,2.0,23,2,29,Friday,February,2,0,6,31.918055555555554,1
113,Drenaje colapsado en avenida #111,Las aguas residuales están contaminando el suelo y podrían afectar pozos cercanos. Se observa un patrón de deterioro acelerado en los últimos días.,3,Saneamiento,"Andador Libramiento #19, Col. Emiliano Zapata",20.278,-97.9532,en_proceso,alta,2,María González López,2024-02-10 02:41:22,2024-02-15 14:57:36,,2024,Norte-Este,Norte,Este,10,5,0.010499523798723619,1,0,1,0,2.0,2,2,41,Saturday,February,3,0,6,132.27055555555555,1
114,Banquetas resbalosas sin textura #112,La estructura presenta daños visibles que comprometen la seguridad peatonal y vehicular.,1,Infraestructura,"Boulevard Cerrada Las Flores #860, Col. Benito Juárez, junto a la farmacia",20.2751,-97.9556,en_proceso,alta,1,admin,2024-02-10 06:02:03,2024-02-13 18:33:14,,2024,Norte-Este,Norte,Este,10,5,0.006735725647611936,1,0,1,0,2.0,6,2,2,Saturday,February,3,0,6,84.51972222222223,1
115,Semáforo descompuesto en cruce #113,La ruta necesita reubicación de paradas para mejorar la seguridad peatonal.,6,Transporte,"Boulevard Rinconada #741, Col. La Libertad, frente a la clínica",20.2678,-97.9619,nuevo,media,1,admin,2024-02-10 15:36:10,2024-02-10 19:22:16,,2024,Sur-Oeste,Sur,Oeste,10,5,0.002906888370752607,1,1,0,0,1.0,15,2,36,Saturday,February,2,1,6,3.7683333333333335,1
117,Montón de hojas secas sin recoger #115,El servicio de recolección no ha pasado por esta zona en más de una semana. Durante las lluvias el problema se vuelve más peligroso.,4,Limpieza,"Cerrada Vicente Guerrero #43, Col. Santa Matilde",20.269,-97.9593,resuelto,media,2,María González López,2024-02-11 03:56:16,2024-02-22 00:00:02,,2024,Sur-Este,Sur,Este,11,6,0.0012206555615713985,1,0,1,0,3.0,3,2,56,Sunday,February,2,0,6,260.0627777777778,1
116,Parada de autobús vandalizada #114,Se requiere revisión técnica urgente para evitar cortes prolongados de energía.,2,Servicios Públicos,"Camino Callejón de las Flores #219, Col. Vista Alegre",20.2788,-97.9546,nuevo,alta,2,María González López,2024-02-11 11:28:26,2024-02-11 17:44:32,,2024,Norte-Este,Norte,Este,11,6,0.010324727599310067,1,1,0,0,1.0,11,2,28,Sunday,February,3,1,6,6.2683333333333335,1
119,Transformador con fugas de aceite #117,El transformador muestra signos de sobrecarga y necesita mantenimiento preventivo.,2,Servicios Públicos,"Carretera Juárez #1085, Col. La Libertad",20.2768,-97.95,no_aprobado,alta,1,admin,2024-02-12 05:50:01,2024-02-16 11:41:44,,2024,Norte-Este,Norte,Este,12,0,0.012092973166258335,0,0,1,0,1.0,5,2,50,Monday,February,3,0,7,101.86194444444445,1
118,Violencia en cancha deportiva #116,Los comerciantes han sido víctimas de robos en múltiples ocasiones. La situación ha empeorado desde la semana pasada.,5,Seguridad,"Camino Cuarta #35, Col. Vista Hermosa, frente al OXXO",20.2565,-97.962,en_proceso,media,2,María González López,2024-02-12 07:59:40,2024-02-13 11:28:01,,2024,Sur-Oeste,Sur,Oeste,12,0,0.013647344063958086,0,0,0,1,2.0,7,2,59,Monday,February,2,0,7,27.4725,1
120,Fuga de gases industriales #118,El ruido excesivo afecta el descanso y bienestar de los residentes. Se ha documentado el deterioro progresivo con fotografías.,7,Medio Ambiente,"Carretera Plutarco Elías Calles #859, Col. San José",20.2751,-97.95,nuevo,alta,2,María González López,2024-02-12 22:31:24,2024-02-12 22:55:42,,2024,Norte-Este,Norte,Este,12,0,0.011225417586878698,0,0,1,0,1.0,22,2,31,Monday,February,3,1,7,0.405,1
121,Venta ilegal de medicamentos #119,Se han reportado casos sospechosos de enfermedades transmisibles en el área. El problema se intensifica durante las horas pico.,8,Salud Pública,"Camino Panorámica #139, Col. San Miguel, altura del puente",20.2726,-97.9549,nuevo,alta,1,admin,2024-02-13 02:34:37,2024-02-13 17:28:41,,2024,Norte-Este,Norte,Este,13,1,0.005724508712544066,0,0,1,0,1.0,2,2,34,Tuesday,February,3,1,7,14.901111111111112,1
123,Falta de mantenimiento a jardineras #121,Es necesario implementar medidas de protección ambiental inmediatas.,7,Medio Ambiente,"Andador San Miguel #9, Col. Buenos Aires",20.2789,-97.9556,en_proceso,media,1,admin,2024-02-13 15:21:46,2024-02-20 15:25:59,,2024,Norte-Este,Norte,Este,13,1,0.009928242543366876,0,1,0,0,2.0,15,2,21,Tuesday,February,2,0,7,168.0702777777778,1
122,Zona sin patrullaje policial #120,Es urgente implementar medidas preventivas antes de que ocurran incidentes graves.,5,Seguridad,"Avenida Las Rosas #980, Col. La Cruz",20.2719,-97.9515,resuelto,alta,2,María González López,2024-02-13 17:17:42,2024-02-28 23:02:35,,2024,Norte-Este,Norte,Este,13,1,0.008709764635164482,0,1,0,0,3.0,17,2,17,Tuesday,February,3,0,7,365.74805555555554,1
124,Paradero sin iluminación #122,Los usuarios del transporte público reportan retrasos constantes en esta ruta. La comunidad está organizada para colaborar con las autoridades.,6,Transporte,"Avenida Poniente #1172, Col. Centro",20.2716,-97.9603,resuelto,media,1,admin,2024-02-14 00:42:36,2024-02-28 14:30:56,,2024,Norte-Oeste,Norte,Oeste,14,2,0.0016278820596116327,0,0,1,0,3.0,0,2,42,Wednesday,February,2,0,7,349.80555555555554,1
126,Grupo de personas intimidando en calle #124,"Las cámaras de seguridad no funcionan, dejando la zona sin monitoreo.",5,Seguridad,"Camino Loma Bonita #117, Col. La Libertad",20.2769,-97.9604,cerrado,alta,1,admin,2024-02-14 11:42:02,2024-05-14 17:49:38,,2024,Norte-Oeste,Norte,Oeste,14,2,0.006911584478253438,0,1,0,0,4.0,11,2,42,Wednesday,February,3,0,7,2166.1266666666666,1
125,Baños públicos contaminados #123,La falta de agua potable obliga a los vecinos a usar fuentes contaminadas.,8,Salud Pública,"Privada Camino a Tlaxcalantongo #52, Col. San Francisco",20.2691,-97.9598,en_proceso,alta,2,María González López,2024-02-14 19:03:04,2024-02-20 04:12:27,,2024,Sur-Este,Sur,Este,14,2,0.0009219544457255987,0,0,0,0,2.0,19,2,3,Wednesday,February,3,0,7,129.1563888888889,1
127,Nido de avispas en parque #125,El ruido excesivo afecta el descanso y bienestar de los residentes.,7,Medio Ambiente,"Cerrada Sur #20, Col. Revolución, cerca del zócalo",20.2741,-97.95,resuelto,alta,1,admin,2024-02-15 00:19:42,2024-02-24 20:35:25,,2024,Norte-Este,Norte,Este,15,3,0.010807867504731316,0,0,1,0,3.0,0,2,19,Thursday,February,3,0,7,236.26194444444445,1
128,Quema de llantas en baldío #126,Se observa mortandad de flora y fauna local debido a la contaminación.,7,Medio Ambiente,"Privada Allende #2, Col. Nuevo México",20.2718,-97.955,cerrado,media,2,María González López,2024-02-15 06:59:42,2024-03-15 21:02:54,,2024,Norte-Este,Norte,Este,15,3,0.0053141321022300726,0,0,1,0,4.0,6,2,59,Thursday,February,2,0,7,710.0533333333333,1
131,Material médico abandonado #129,Se observan materiales peligrosos mezclados con residuos domésticos comunes. La situación afecta particularmente a adultos mayores y niños.,4,Limpieza,"Boulevard Callejón de la Cruz #378, Col. Solidaridad",20.2795,-97.9556,resuelto,media,1,admin,2024-02-16 10:25:20,2024-02-29 07:44:12,,2024,Norte-Este,Norte,Este,16,4,0.010469479452193127,0,1,0,0,3.0,10,2,25,Friday,February,2,0,7,309.31444444444446,1
129,Material de construcción obstruyendo calle #127,Los materiales sueltos representan un riesgo tanto para peatones como para vehículos.,1,Infraestructura,"Calle Carmen Serdán #138, Col. El Paraíso",20.271,-97.9604,en_proceso,alta,2,María González López,2024-02-16 11:48:52,2024-02-19 06:00:07,,2024,Norte-Oeste,Norte,Oeste,16,4,0.001077032961432967,0,1,0,0,2.0,11,2,48,Friday,February,3,0,7,66.1875,1
130,Maltrato animal en espacio urbano #128,El problema se ha extendido y ahora afecta a múltiples cuadras del sector.,9,Otros,"Camino Calle del Sol #254, Col. Valle Verde",20.274,-97.95,en_proceso,media,1,admin,2024-02-16 22:12:25,2024-02-22 01:42:06,,2024,Norte-Este,Norte,Este,16,4,0.010770329614261059,0,0,1,0,2.0,22,2,12,Friday,February,2,0,7,123.49472222222222,1
134,Poste de concreto dañado #132,La estructura presenta daños visibles que comprometen la seguridad peatonal y vehicular. Durante las lluvias el problema se vuelve más peligroso.,1,Infraestructura,"Callejón Campestre #3, Col. San Juan, C.P. 73080",20.2731,-97.9657,no_aprobado,media,2,María González López,2024-02-17 02:22:55,2024-02-20 23:18:51,,2024,Norte-Oeste,Norte,Oeste,17,5,0.0064884512790072115,1,0,1,0,1.0,2,2,22,Saturday,February,2,0,7,92.93222222222222,1
132,Daño intencional a mobiliario urbano #130,El vandalismo continuo genera un ambiente de inseguridad para las familias.,5,Seguridad,"Callejón Los Laureles #21, Col. Santa Cecilia",20.28,-97.9538,en_proceso,media,1,admin,2024-02-17 19:08:37,2024-02-23 05:01:47,,2024,Norte-Este,Norte,Este,17,5,0.011766052864063641,1,0,0,0,2.0,19,2,8,Saturday,February,2,0,7,129.88611111111112,1
133,Personas sospechosas merodeando #131,Es urgente implementar medidas preventivas antes de que ocurran incidentes graves.,5,Seguridad,"Camino Las Jacarandas #92, Col. Santa Cecilia",20.2694,-97.95,resuelto,alta,1,admin,2024-02-17 20:15:27,2024-03-12 09:48:20,,2024,Sur-Este,Sur,Este,17,5,0.010017983829085393,1,0,0,0,3.0,20,2,15,Saturday,February,3,0,7,565.5480555555556,1
136,Intento de saqueo a local #134,Se requiere incrementar la presencia policial y mejorar la infraestructura de seguridad. Las condiciones climáticas recientes han agravado la situación.,5,Seguridad,"Boulevard Avenida de la Juventud #865, Col. Santa Rosa",20.2739,-97.9609,en_proceso,alta,1,admin,2024-02-18 16:41:22,2024-02-23 00:09:27,,2024,Norte-Oeste,Norte,Oeste,18,6,0.004002499219239756,1,1,0,0,2.0,16,2,41,Sunday,February,3,0,7,103.46805555555555,1
137,Vecinos usando bocinas de alto volumen #135,El uso inadecuado del espacio público afecta el libre tránsito de ciudadanos.,9,Otros,"Boulevard Miguel Hidalgo #1470, Col. Solidaridad",20.2734,-97.9545,en_proceso,baja,1,admin,2024-02-18 17:45:01,2024-02-21 06:12:12,,2024,Norte-Este,Norte,Este,18,6,0.0064660652641286166,1,1,0,0,2.0,17,2,45,Sunday,February,1,0,7,60.45305555555556,1
135,Pasajeros viajando de pie en exceso #133,Los peatones no tienen cruzamentos seguros en esta intersección de alto tráfico.,6,Transporte,"Carretera San Juan #1189, Col. Lázaro Cárdenas",20.2749,-97.9566,cerrado,media,2,María González López,2024-02-18 22:38:58,2024-03-19 17:46:51,,2024,Norte-Este,Norte,Este,18,6,0.005964059020498285,1,0,1,0,4.0,22,2,38,Sunday,February,2,0,7,715.1313888888889,1
138,Animales callejeros agresivos #136,Las instalaciones sanitarias no cumplen con normas básicas de higiene.,8,Salud Pública,"Camino Bellavista #47, Col. Jardines de Xicotepec",20.28,-97.9508,nuevo,alta,1,admin,2024-02-19 07:19:58,2024-02-20 05:45:08,,2024,Norte-Este,Norte,Este,19,0,0.013588230201166679,0,0,0,0,1.0,7,2,19,Monday,February,3,1,8,22.419444444444444,1
139,Banquetas resbalosas sin textura #137,El daño estructural requiere reparación urgente antes de que cause accidentes graves.,1,Infraestructura,"Carretera Hidalgo #1382, Col. Emiliano Zapata, junto al DIF",20.28,-97.9579,resuelto,media,1,admin,2024-02-19 21:09:59,2024-02-28 20:11:59,,2024,Norte-Este,Norte,Este,19,0,0.01021812115802243,0,0,0,0,3.0,21,2,9,Monday,February,2,0,8,215.03333333333333,1
141,Daño intencional a mobiliario urbano #139,La falta de iluminación y vigilancia favorece las actividades delictivas. Los comerciantes locales también han expresado su preocupación.,5,Seguridad,"Carretera Los Fresnos #1052, Col. Rincón de los Ángeles",20.2688,-97.9661,nuevo,alta,1,admin,2024-02-20 04:32:11,2024-02-20 23:51:30,,2024,Sur-Oeste,Sur,Oeste,20,1,0.006216912416951447,0,0,1,0,1.0,4,2,32,Tuesday,February,3,1,8,19.321944444444444,1
142,Bache profundo en avenida principal #140,La reparación temporal anterior no fue efectiva y el problema persiste.,1,Infraestructura,"Calle Las Jacarandas #300, Col. Las Palmas",20.2736,-97.9511,en_proceso,alta,2,María González López,2024-02-20 13:26:19,2024-02-25 18:08:39,,2024,Norte-Este,Norte,Este,20,1,0.009600520819202348,0,1,0,0,2.0,13,2,26,Tuesday,February,3,0,8,124.70555555555555,1
140,Recolección de basura atrasada #138,La basura obstruye el drenaje pluvial y podría causar inundaciones.,4,Limpieza,"Boulevard Ricardo Flores Magón #610, Col. Santa María",20.2763,-97.9622,en_proceso,alta,2,María González López,2024-02-20 15:37:49,2024-02-22 13:03:12,,2024,Norte-Oeste,Norte,Oeste,20,1,0.006673080248281356,0,1,0,0,2.0,15,2,37,Tuesday,February,3,0,8,45.42305555555556,1
144,Vehículo abandonado en esquina #142,Los comerciantes han sido víctimas de robos en múltiples ocasiones.,5,Seguridad,"Andador Las Jacarandas #10, Col. Colinas de San Juan",20.2691,-97.9556,nuevo,alta,2,María González López,2024-02-21 01:01:00,2024-02-22 00:00:11,,2024,Sur-Este,Sur,Este,21,2,0.004491102314566657,0,0,1,0,1.0,1,2,1,Wednesday,February,3,1,8,22.98638888888889,1
145,Mercado con condiciones insalubres #143,Las instalaciones sanitarias no cumplen con normas básicas de higiene. La situación afecta particularmente a adultos mayores y niños.,8,Salud Pública,"Camino Periférico Norte #62, Col. Santa Rosa",20.2743,-97.9518,nuevo,alta,1,admin,2024-02-21 12:21:44,2024-02-22 10:17:04,,2024,Norte-Este,Norte,Este,21,2,0.009259049627246232,0,1,0,0,1.0,12,2,21,Wednesday,February,3,1,8,21.92222222222222,1
143,Banqueta colapsada por raíces #141,La estructura presenta daños visibles que comprometen la seguridad peatonal y vehicular. La comunidad está organizada para colaborar con las autoridades.,1,Infraestructura,"Boulevard Carretera Estatal #347, Col. El Carmen",20.2715,-97.95,resuelto,alta,2,María González López,2024-02-21 15:42:35,2024-03-07 04:19:23,,2024,Norte-Este,Norte,Este,21,2,0.010111874208069357,0,1,0,0,3.0,15,2,42,Wednesday,February,3,0,8,348.61333333333334,1
147,Zona sin patrullaje policial #145,Los residentes evitan transitar por el área durante horas nocturnas.,5,Seguridad,"Privada Avenida de la Juventud #24, Col. Santa Rosa",20.275,-97.95,en_proceso,baja,1,admin,2024-02-22 00:18:10,2024-02-23 07:06:25,,2024,Norte-Este,Norte,Este,22,3,0.011180339887490369,0,0,1,0,2.0,0,2,18,Thursday,February,1,0,8,30.804166666666667,1
146,Cobros de pasaje no autorizados #144,Las unidades de transporte operan en condiciones inseguras para los pasajeros.,6,Transporte,"Privada Calle Aurora #12, Col. Santa María, junto a la escuela",20.2783,-97.9548,en_proceso,alta,1,admin,2024-02-22 10:47:20,2024-02-27 05:43:42,,2024,Norte-Este,Norte,Este,22,3,0.009794386147171588,0,1,0,0,2.0,10,2,47,Thursday,February,3,0,8,114.93944444444445,1
148,Tala no autorizada de árboles #146,El problema ambiental está afectando la calidad del aire y agua en la zona.,7,Medio Ambiente,"Boulevard San Rafael #534, Col. San Antonio",20.2742,-97.95,no_aprobado,alta,2,María González López,2024-02-22 20:47:08,2024-02-27 22:39:29,,2024,Norte-Este,Norte,Este,22,3,0.01084619749035695,0,0,0,0,1.0,20,2,47,Thursday,February,3,0,8,121.8725,1
150,Vandalismo en parque infantil #148,Los residentes evitan transitar por el área durante horas nocturnas.,5,Seguridad,"Privada Callejón de las Flores #63, Col. San Juan, junto a la farmacia",20.2714,-97.9583,en_proceso,alta,2,María González López,2024-02-23 03:12:38,2024-02-26 16:06:05,,2024,Norte-Este,Norte,Este,23,4,0.0022022715545543924,0,0,1,0,2.0,3,2,12,Friday,February,3,0,8,84.89083333333333,1
149,Puente peatonal deteriorado #147,Varios vecinos han reportado tropiezos y caídas en esta zona. Se requiere coordinación entre múltiples dependencias municipales.,1,Infraestructura,"Privada Los Arcos #70, Col. Lomas del Mirador",20.28,-97.9501,nuevo,media,2,María González López,2024-02-23 08:16:28,2024-02-23 20:28:12,,2024,Norte-Este,Norte,Este,23,4,0.014071602609503492,0,1,0,0,1.0,8,2,16,Friday,February,2,1,8,12.195555555555556,1
153,Montón de hojas secas sin recoger #151,La situación está creando un foco de infección que pone en riesgo la salud pública.,4,Limpieza,"Callejón Vicente Guerrero #17, Col. Los Pinos",20.28,-97.9539,en_proceso,alta,1,admin,2024-02-24 11:21:25,2024-03-02 23:23:03,,2024,Norte-Este,Norte,Este,24,5,0.011713667231055404,1,1,0,0,2.0,11,2,21,Saturday,February,3,0,8,180.02722222222224,1
152,Desechos electrónicos en banqueta #150,La acumulación de desechos está atrayendo fauna nociva y generando malos olores. Se observa un patrón de deterioro acelerado en los últimos días.,4,Limpieza,"Avenida Los Naranjos #736, Col. Las Flores",20.274,-97.95,en_proceso,alta,2,María González López,2024-02-24 13:45:24,2024-02-25 22:42:29,,2024,Norte-Este,Norte,Este,24,5,0.010770329614261059,1,1,0,0,2.0,13,2,45,Saturday,February,3,0,8,32.951388888888886,1
151,Conexión cruzada agua-potable/aguas-negras #149,La fuga representa un riesgo sanitario y desperdicio del recurso hídrico. Se requiere coordinación entre múltiples dependencias municipales.,3,Saneamiento,"Camino Callejón de la Cruz #176, Col. San Rafael",20.2695,-97.9619,resuelto,baja,2,María González López,2024-02-24 16:00:11,2024-03-23 03:55:09,,2024,Sur-Oeste,Sur,Oeste,24,5,0.0019646882704445786,1,1,0,0,3.0,16,2,0,Saturday,February,1,0,8,659.9161111111111,1
155,Focos rotos en la vía pública #153,Es necesario incrementar la frecuencia de recolección en esta área de alta densidad.,4,Limpieza,"Callejón Matamoros #21, Col. El Paraíso",20.2704,-97.95,en_proceso,alta,1,admin,2024-02-25 01:53:30,2024-02-28 01:40:17,,2024,Norte-Este,Norte,Este,25,6,0.010007996802548318,1,0,1,0,2.0,1,2,53,Sunday,February,3,0,8,71.77972222222222,1
156,Fuga de gases industriales #154,La vegetación dañada representa un riesgo para la infraestructura cercana.,7,Medio Ambiente,"Privada Libramiento #69, Col. Jardines de Xicotepec",20.2668,-97.9605,nuevo,alta,2,María González López,2024-02-25 09:04:59,2024-02-26 05:19:17,,2024,Sur-Oeste,Sur,Oeste,25,6,0.00323882694814035,1,1,0,0,1.0,9,2,4,Sunday,February,3,1,8,20.238333333333333,1
154,Residuos hospitalarios mal manejados #152,La comunidad solicita campañas de vacunación y educación sanitaria.,8,Salud Pública,"Andador Primera #32, Col. San Rafael",20.2775,-97.9591,cerrado,media,1,admin,2024-02-25 18:50:41,2024-04-26 15:22:09,,2024,Norte-Este,Norte,Este,25,6,0.007553806987207265,1,1,0,0,4.0,18,2,50,Sunday,February,2,0,8,1460.5244444444445,1
159,Transformador con fugas de aceite #157,Los residentes reportan fallas constantes en el suministro eléctrico de la zona. El problema coincide con fallas similares en zonas cercanas.,2,Servicios Públicos,"Calle Las Jacarandas #192, Col. Centro, junto a la farmacia",20.2712,-97.9644,en_proceso,media,1,admin,2024-02-26 00:18:29,2024-03-02 09:23:55,,2024,Norte-Oeste,Norte,Oeste,26,0,0.004560701700400568,0,0,1,0,2.0,0,2,18,Monday,February,2,0,9,129.09055555555557,1
158,Transportes sin ventilación adecuada #156,Las unidades de transporte operan en condiciones inseguras para los pasajeros.,6,Transporte,"Camino Segunda #139, Col. El Mirador, altura de la gasolinera",20.277,-97.952,cerrado,media,1,admin,2024-02-26 12:00:50,2024-03-27 00:55:48,,2024,Norte-Este,Norte,Este,26,0,0.010630145812732267,0,1,0,0,4.0,12,2,0,Monday,February,2,0,9,708.9161111111111,1
157,Transformador con fugas de aceite #155,"La comunidad ha estado sin servicio confiable, afectando sus actividades diarias. Las condiciones climáticas recientes han agravado la situación.",2,Servicios Públicos,"Privada Boulevard Héroes de Puebla #64, Col. La Libertad",20.275,-97.9609,en_proceso,alta,1,admin,2024-02-26 12:32:11,2024-03-02 21:58:24,,2024,Norte-Oeste,Norte,Oeste,26,0,0.005080354318351494,0,1,0,0,2.0,12,2,32,Monday,February,3,0,9,129.43694444444444,1
161,Escaleras sin barandales #159,La reparación temporal anterior no fue efectiva y el problema persiste. Los vecinos han intentado soluciones temporales sin éxito. Las condiciones climáticas recientes han agravado la situación.,1,Infraestructura,"Cerrada Camino a Tlaxcalantongo #24, Col. Revolución",20.2744,-97.9656,resuelto,media,2,María González López,2024-02-27 02:42:18,2024-03-19 04:37:49,,2024,Norte-Oeste,Norte,Oeste,27,1,0.0071217975259071035,0,0,1,0,3.0,2,2,42,Tuesday,February,2,0,9,505.92527777777775,1
160,Vecinos usando bocinas de alto volumen #158,Es necesario establecer regulaciones claras para prevenir futuros conflictos.,9,Otros,"Camino Carmen Serdán #126, Col. San Francisco",20.2725,-97.9583,en_proceso,media,2,María González López,2024-02-27 11:55:34,2024-03-02 05:15:26,,2024,Norte-Este,Norte,Este,27,1,0.0030232432915670224,0,1,0,0,2.0,11,2,55,Tuesday,February,2,0,9,89.33111111111111,1
164,Mercado con condiciones insalubres #162,El manejo inadecuado de residuos médicos pone en riesgo la salud pública. La comunidad está organizada para colaborar con las autoridades. La situación ha empeorado desde la semana pasada.,8,Salud Pública,"Cerrada Bellavista #72, Col. Emiliano Zapata, altura de la gasolinera",20.2757,-97.95,resuelto,alta,2,María González López,2024-02-28 05:36:56,2024-03-07 15:30:40,,2024,Norte-Este,Norte,Este,28,2,0.011510430052775121,0,0,1,0,3.0,5,2,36,Wednesday,February,3,0,9,201.89555555555555,1
163,Cristales rotos en edificio abandonado #161,Los incidentes delictivos han aumentado significativamente en esta zona. El problema coincide con fallas similares en zonas cercanas.,5,Seguridad,"Andador Principal #43, Col. Los Pinos",20.2771,-97.9591,en_proceso,media,1,admin,2024-02-28 06:32:00,2024-03-04 15:38:34,,2024,Norte-Este,Norte,Este,28,2,0.007156814934032758,0,0,1,0,2.0,6,2,32,Wednesday,February,2,0,9,129.10944444444445,1
162,Venta de pirotecnia ilegal #160,Es necesario establecer regulaciones claras para prevenir futuros conflictos. La comunidad está organizada para colaborar con las autoridades. La situación ha empeorado desde la semana pasada.,9,Otros,"Boulevard Calle Verano #1339, Col. Las Palmas",20.2742,-97.9611,resuelto,media,1,admin,2024-02-28 13:34:37,2024-03-24 06:39:52,,2024,Norte-Oeste,Norte,Oeste,28,2,0.0043416586692213745,0,1,0,0,3.0,13,2,34,Wednesday,February,2,0,9,593.0875,1
166,Animales callejeros agresivos #164,Se necesita fumigación para controlar vectores de enfermedades tropicales. El problema coincide con fallas similares en zonas cercanas. La situación es crítica especialmente los fines de semana.,8,Salud Pública,"Calle Andador Guadalupe #229, Col. San Antonio",20.2798,-97.95,nuevo,alta,2,María González López,2024-02-29 10:31:20,2024-03-01 02:59:49,,2024,Norte-Este,Norte,Este,29,3,0.014001428498544636,0,1,0,0,1.0,10,2,31,Thursday,February,3,1,9,16.474722222222223,1
165,Inundación por lluvia en colonia #163,Es urgente restaurar el flujo normal para prevenir problemas de salud pública. Los vecinos han intentado soluciones temporales sin éxito.,3,Saneamiento,"Camino Carretera Federal 119 #24, Col. Santa María",20.2737,-97.9591,en_proceso,media,1,admin,2024-02-29 17:02:35,2024-03-08 14:14:07,,2024,Norte-Este,Norte,Este,29,3,0.0038078865529309167,0,1,0,0,2.0,17,2,2,Thursday,February,2,0,9,189.19222222222223,1
167,Árbol caído tras tormenta #165,La vegetación dañada representa un riesgo para la infraestructura cercana. El problema se presenta de manera intermitente pero frecuente.,7,Medio Ambiente,"Carretera Emiliano Zapata #1386, Col. San Juan, C.P. 73080",20.2728,-97.95,nuevo,alta,1,admin,2024-02-29 21:16:45,2024-03-01 12:20:18,,2024,Norte-Este,Norte,Este,29,3,0.010384603988589133,0,0,0,0,1.0,21,2,16,Thursday,February,3,1,9,15.059166666666666,1
168,Fiestas con música excesiva #166,Las actividades no reguladas están impactando negativamente el comercio local.,9,Otros,"Camino Juárez #61, Col. Rincón de los Ángeles",20.2697,-97.95,nuevo,media,1,admin,2024-03-01 09:07:07,2024-03-01 10:54:43,,2024,Sur-Este,Sur,Este,1,4,0.010004498987946257,0,1,0,0,1.0,9,3,7,Friday,March,2,1,9,1.7933333333333332,1
169,Acumulación de agua estancada #167,Las condiciones insalubres están causando enfermedades respiratorias y gastrointestinales. Se ha documentado el deterioro progresivo con fotografías. El problema se presenta de manera intermitente pero frecuente.,8,Salud Pública,"Boulevard Aquiles Serdán #1162, Col. El Paraíso",20.2731,-97.9645,resuelto,alta,1,admin,2024-03-01 19:59:02,2024-03-11 06:00:32,,2024,Norte-Oeste,Norte,Oeste,1,4,0.005464430436931625,0,0,0,0,3.0,19,3,59,Friday,March,3,0,9,226.025,1
171,Cajas eléctricas abiertas #169,El transformador muestra signos de sobrecarga y necesita mantenimiento preventivo.,2,Servicios Públicos,"Andador Periférico Norte #23, Col. Buenos Aires, junto al hospital",20.275,-97.9505,resuelto,media,1,admin,2024-03-02 02:26:21,2024-03-23 16:53:52,,2024,Norte-Este,Norte,Este,2,5,0.01073545527678132,1,0,1,0,3.0,2,3,26,Saturday,March,2,0,9,518.4586111111112,1
172,Bache profundo en avenida principal #170,La reparación temporal anterior no fue efectiva y el problema persiste.,1,Infraestructura,"Calle Camino Real #83, Col. Colinas de San Juan",20.273,-97.965,nuevo,baja,2,María González López,2024-03-02 07:44:55,2024-03-02 09:46:12,,2024,Norte-Oeste,Norte,Oeste,2,5,0.005830951894853646,1,0,0,0,1.0,7,3,44,Saturday,March,1,1,9,2.0213888888888887,1
170,Maltrato animal en espacio urbano #168,Los residentes reportan molestias continuas que alteran su calidad de vida. Los residentes están dispuestos a aportar recursos para la solución.,9,Otros,"Boulevard Boulevard Héroes de Puebla #1078, Col. El Carmen",20.2682,-97.95,nuevo,alta,2,María González López,2024-03-02 10:51:28,2024-03-02 16:59:14,,2024,Sur-Este,Sur,Este,2,5,0.010160708636695366,1,1,0,0,1.0,10,3,51,Saturday,March,3,1,9,6.129444444444444,1
175,Acumulación de agua estancada #173,Se requiere intervención sanitaria urgente para prevenir la propagación de enfermedades. El problema coincide con fallas similares en zonas cercanas.,8,Salud Pública,"Calle Del Campo #243, Col. San Antonio",20.272,-97.9595,resuelto,media,1,admin,2024-03-03 04:09:51,2024-03-28 23:35:54,,2024,Norte-Este,Norte,Este,3,6,0.0020615528128048875,1,0,1,0,3.0,4,3,9,Sunday,March,2,0,9,619.4341666666667,1
174,Focos rotos en la vía pública #172,El servicio de recolección no ha pasado por esta zona en más de una semana. Durante las lluvias el problema se vuelve más peligroso.,4,Limpieza,"Carretera San José #346, Col. El Paraíso, frente al banco",20.2749,-97.9543,en_proceso,media,2,María González López,2024-03-03 06:59:49,2024-03-08 00:10:18,,2024,Norte-Este,Norte,Este,3,6,0.007516648189178578,1,0,1,0,2.0,6,3,59,Sunday,March,2,0,9,113.17472222222223,1
173,Asaltos frecuentes en calle #171,Los incidentes delictivos han aumentado significativamente en esta zona. Las condiciones climáticas recientes han agravado la situación.,5,Seguridad,"Callejón Jardines #65, Col. Lázaro Cárdenas",20.2517,-97.9649,en_proceso,media,1,admin,2024-03-03 10:34:52,2024-03-05 08:13:58,,2024,Sur-Oeste,Sur,Oeste,3,6,0.01894465623863525,1,1,0,1,2.0,10,3,34,Sunday,March,2,0,9,45.651666666666664,1
177,Puente peatonal deteriorado #175,El daño estructural requiere reparación urgente antes de que cause accidentes graves.,1,Infraestructura,"Camino Las Palmas #298, Col. Lomas del Mirador",20.2762,-97.9519,en_proceso,alta,2,María González López,2024-03-04 04:04:37,2024-03-07 06:15:56,,2024,Norte-Este,Norte,Este,4,0,0.010200490184298939,0,0,1,0,2.0,4,3,4,Monday,March,3,0,10,74.18861111111111,1
176,Falta de mantenimiento a jardineras #174,Se solicita inspección ambiental y aplicación de sanciones correspondientes. Los vecinos han intentado soluciones temporales sin éxito.,7,Medio Ambiente,"Avenida Loma Bonita #693, Col. San Francisco, frente a la clínica",20.2764,-97.95,en_proceso,media,1,admin,2024-03-04 08:50:39,2024-03-09 16:15:23,,2024,Norte-Este,Norte,Este,4,0,0.011872657663716623,0,1,0,0,2.0,8,3,50,Monday,March,2,0,10,127.41222222222223,1
178,Unidades de transporte muy sucias #176,Los horarios irregulares afectan la movilidad de trabajadores y estudiantes.,6,Transporte,"Privada Del Valle #64, Col. Vista Hermosa",20.2536,-97.9512,en_proceso,alta,1,admin,2024-03-04 17:44:15,2024-03-06 21:07:45,,2024,Sur-Este,Sur,Este,4,0,0.018611824198608726,0,1,0,1,2.0,17,3,44,Monday,March,3,0,10,51.391666666666666,1
179,Desnivel peligroso en calle #177,La falta de mantenimiento ha resultado en condiciones inseguras para la comunidad. Se solicita seguimiento continuo hasta la resolución completa.,1,Infraestructura,"Callejón Ocampo #53, Col. El Mirador",20.2712,-97.9589,en_proceso,alta,2,María González López,2024-03-05 00:08:50,2024-03-08 14:46:00,,2024,Norte-Este,Norte,Este,5,1,0.0016278820596063949,0,0,1,0,2.0,0,3,8,Tuesday,March,3,0,10,86.61944444444444,1
180,Cableado colgante sobre calle #178,Los equipos presentan ruidos anormales y podrían fallar completamente pronto. La situación afecta particularmente a adultos mayores y niños. La situación ha empeorado desde la semana pasada.,2,Servicios Públicos,"Camino Álvaro Obregón #296, Col. Lomas de Santa Anita, entre calles",20.2737,-97.95,nuevo,media,2,María González López,2024-03-05 06:24:28,2024-03-06 06:24:00,,2024,Norte-Este,Norte,Este,5,1,0.010662551289435055,0,0,1,0,1.0,6,3,24,Tuesday,March,2,1,10,23.99222222222222,1
183,Vandalismo en parque infantil #181,La comunidad solicita patrullajes más frecuentes y puntos de vigilancia. El problema coincide con fallas similares en zonas cercanas. En horario escolar representa mayor riesgo para los menores.,5,Seguridad,"Boulevard Calle Aurora #338, Col. Santa Matilde, frente al banco",20.2674,-97.9534,nuevo,alta,1,admin,2024-03-06 07:43:18,2024-03-07 05:40:48,,2024,Sur-Este,Sur,Este,6,2,0.007093659140379962,0,0,0,0,1.0,7,3,43,Wednesday,March,3,1,10,21.958333333333332,1
182,Falta de mantenimiento a jardineras #180,El área verde requiere rehabilitación para restaurar el ecosistema local.,7,Medio Ambiente,"Privada Aquiles Serdán #66, Col. El Paraíso, junto al hospital",20.2781,-97.9641,resuelto,alta,2,María González López,2024-03-06 07:54:13,2024-03-19 21:42:32,,2024,Norte-Oeste,Norte,Oeste,6,2,0.009078546139115518,0,0,0,0,3.0,7,3,54,Wednesday,March,3,0,10,325.8052777777778,1
181,Columna estructural con daño #179,La reparación temporal anterior no fue efectiva y el problema persiste. El problema se intensifica durante las horas pico.,1,Infraestructura,"Privada San Juan #69, Col. La Libertad, cerca del zócalo, C.P. 73080",20.2761,-97.9501,en_proceso,alta,2,María González López,2024-03-06 10:33:30,2024-03-13 12:50:07,,2024,Norte-Este,Norte,Este,6,2,0.011628413477330178,0,1,0,0,2.0,10,3,33,Wednesday,March,3,0,10,170.27694444444444,1
186,Inundación en área verde #184,Los niveles de contaminación han aumentado por la actividad industrial no regulada. Los comerciantes locales también han expresado su preocupación.,7,Medio Ambiente,"Avenida Vicente Guerrero #595, Col. Vista Hermosa",20.2724,-97.9553,cerrado,media,2,María González López,2024-03-07 00:40:30,2024-06-07 21:59:07,,2024,Norte-Este,Norte,Este,7,3,0.005277309920783929,0,0,1,0,4.0,0,3,40,Thursday,March,2,0,10,2229.3102777777776,1
184,Vertido de aceite en calle #182,Se solicita inspección ambiental y aplicación de sanciones correspondientes. Los vecinos han intentado soluciones temporales sin éxito.,7,Medio Ambiente,"Avenida Camino Real #441, Col. El Paraíso, cerca del panteón",20.2772,-97.9522,en_proceso,alta,1,admin,2024-03-07 15:33:55,2024-03-14 10:14:09,,2024,Norte-Este,Norte,Este,7,3,0.01061508360776501,0,1,0,0,2.0,15,3,33,Thursday,March,3,0,10,162.67055555555555,1
185,Banquetas resbalosas sin textura #183,El área afectada está en una zona de alto tráfico peatonal y necesita atención inmediata. Los comerciantes locales también han expresado su preocupación.,1,Infraestructura,"Carretera Boulevard Héroes de Puebla #242, Col. El Mirador",20.278,-97.9513,resuelto,alta,1,admin,2024-03-07 18:26:29,2024-04-02 02:54:11,,2024,Norte-Este,Norte,Este,7,3,0.011819052415478093,0,1,0,0,3.0,18,3,26,Thursday,March,3,0,10,608.4616666666667,1
188,Intento de saqueo a local #186,Los comerciantes han sido víctimas de robos en múltiples ocasiones.,5,Seguridad,"Andador Camino a Tlaxcalantongo #5, Col. El Carmen",20.2741,-97.9512,en_proceso,alta,2,María González López,2024-03-08 00:45:39,2024-03-14 08:37:30,,2024,Norte-Este,Norte,Este,8,4,0.009708243919468555,0,0,1,0,2.0,0,3,45,Friday,March,3,0,10,151.86416666666668,1
189,Banqueta colapsada por raíces #187,La estructura presenta daños visibles que comprometen la seguridad peatonal y vehicular. Los comerciantes locales también han expresado su preocupación.,1,Infraestructura,"Camino Bellavista #46, Col. Las Flores",20.2746,-97.9537,en_proceso,alta,2,María González López,2024-03-08 19:51:02,2024-03-15 15:56:37,,2024,Norte-Este,Norte,Este,8,4,0.00780064099929927,0,0,0,0,2.0,19,3,51,Friday,March,3,0,10,164.09305555555557,1
187,Obstrucción de accesos para discapacitados #185,Las actividades no reguladas están impactando negativamente el comercio local.,9,Otros,"Callejón Jardines #15, Col. Benito Juárez",20.2724,-97.9629,resuelto,media,1,admin,2024-03-08 22:46:24,2024-03-16 15:52:34,,2024,Norte-Oeste,Norte,Oeste,8,4,0.0037643060449531847,0,0,1,0,3.0,22,3,46,Friday,March,2,0,10,185.1027777777778,1
191,Venta ilegal de medicamentos #189,Se requiere intervención sanitaria urgente para prevenir la propagación de enfermedades. Durante las lluvias el problema se vuelve más peligroso.,8,Salud Pública,"Cerrada Las Palmas #75, Col. Lomas del Mirador",20.2589,-97.9572,nuevo,baja,2,María González López,2024-03-09 06:42:04,2024-03-09 18:31:01,,2024,Sur-Este,Sur,Este,9,5,0.011447707194016681,1,0,1,1,1.0,6,3,42,Saturday,March,1,1,10,11.815833333333334,1
190,Transformador haciendo ruidos extraños #188,Los residentes reportan fallas constantes en el suministro eléctrico de la zona.,2,Servicios Públicos,"Callejón Mirador #76, Col. San Antonio, altura del puente",20.28,-97.95,nuevo,media,1,admin,2024-03-09 13:48:24,2024-03-10 01:21:40,,2024,Norte-Este,Norte,Este,9,5,0.014142135623725625,1,1,0,0,1.0,13,3,48,Saturday,March,2,1,10,11.554444444444444,1
193,Contenedor de basura desbordado #191,Los contenedores están dañados y no pueden contener adecuadamente la basura. Se solicita seguimiento continuo hasta la resolución completa.,4,Limpieza,"Andador Vista Verde #57, Col. Lomas del Mirador",20.2732,-97.9556,en_proceso,media,1,admin,2024-03-10 04:45:57,2024-03-12 17:10:18,,2024,Norte-Este,Norte,Este,10,6,0.005440588203485677,1,0,1,0,2.0,4,3,45,Sunday,March,2,0,10,60.405833333333334,1
192,Humedad saliendo de registro de drenaje #190,La fuga representa un riesgo sanitario y desperdicio del recurso hídrico. El problema se presenta de manera intermitente pero frecuente.,3,Saneamiento,"Carretera Josefa Ortiz #586, Col. El Carmen",20.2656,-97.9557,no_aprobado,alta,2,María González López,2024-03-10 20:58:11,2024-03-14 04:39:59,,2024,Sur-Este,Sur,Este,10,6,0.0061522353661095435,1,0,0,0,1.0,20,3,58,Sunday,March,3,0,10,79.69666666666667,1
194,Cristales rotos en edificio abandonado #192,"Las cámaras de seguridad no funcionan, dejando la zona sin monitoreo. En horario escolar representa mayor riesgo para los menores.",5,Seguridad,"Privada Bravo #44, Col. Jardines de Xicotepec",20.275,-97.9555,en_proceso,alta,2,María González López,2024-03-10 22:30:44,2024-03-18 04:48:22,,2024,Norte-Este,Norte,Este,10,6,0.006726812023531477,1,0,1,0,2.0,22,3,30,Sunday,March,3,0,10,174.2938888888889,1
195,Quema de llantas en baldío #193,Se solicita inspección ambiental y aplicación de sanciones correspondientes.,7,Medio Ambiente,"Carretera Andador La Paz #1403, Col. Lomas de Santa Anita",20.2762,-97.9605,cerrado,alta,2,María González López,2024-03-11 01:48:44,2024-05-11 13:56:20,,2024,Norte-Oeste,Norte,Oeste,11,0,0.006220128616033548,0,0,1,0,4.0,1,3,48,Monday,March,3,0,11,1476.1266666666668,1
196,Mercado con condiciones insalubres #194,Se han reportado casos sospechosos de enfermedades transmisibles en el área. Los vecinos han intentado soluciones temporales sin éxito.,8,Salud Pública,"Callejón Los Fresnos #49, Col. Revolución",20.2724,-97.9599,en_proceso,alta,1,admin,2024-03-11 11:54:11,2024-03-18 09:26:22,,2024,Norte-Este,Norte,Este,11,0,0.00240208242989392,0,1,0,0,2.0,11,3,54,Monday,March,3,0,11,165.5363888888889,1
197,Pavimento levantado por raíces de árbol #195,Varios vecinos han reportado tropiezos y caídas en esta zona.,1,Infraestructura,"Privada Los Eucaliptos #58, Col. La Huerta",20.2755,-97.95,en_proceso,baja,1,admin,2024-03-11 22:22:27,2024-03-13 15:26:20,,2024,Norte-Este,Norte,Este,11,0,0.01141271221050603,0,0,1,0,2.0,22,3,22,Monday,March,1,0,11,41.06472222222222,1
199,Charcos permanentes en calle #197,Se observa proliferación de insectos y roedores debido al agua estancada. El problema coincide con fallas similares en zonas cercanas.,3,Saneamiento,"Avenida Vista Verde #1441, Col. La Huerta",20.2738,-97.9586,resuelto,alta,1,admin,2024-03-12 03:52:45,2024-04-10 20:37:22,,2024,Norte-Este,Norte,Este,12,1,0.004049691346261424,0,0,1,0,3.0,3,3,52,Tuesday,March,3,0,11,712.7436111111111,1
200,Pavimento levantado por raíces de árbol #198,La falta de mantenimiento ha resultado en condiciones inseguras para la comunidad. Los residentes están dispuestos a aportar recursos para la solución.,1,Infraestructura,"Avenida Aldama #1121, Col. Lázaro Cárdenas, C.P. 73080",20.2745,-97.9534,en_proceso,baja,2,María González López,2024-03-12 05:13:54,2024-03-18 11:20:43,,2024,Norte-Este,Norte,Este,12,1,0.007988116173409866,0,0,1,0,2.0,5,3,13,Tuesday,March,1,0,11,150.1136111111111,1
198,Venta de droga en espacio público #196,Se requiere incrementar la presencia policial y mejorar la infraestructura de seguridad.,5,Seguridad,"Calle Hermanos Serdán #283, Col. San Francisco",20.2723,-97.951,cerrado,alta,2,María González López,2024-03-12 05:53:01,2024-05-12 15:31:38,,2024,Norte-Este,Norte,Este,12,1,0.009289241088485872,0,0,1,0,4.0,5,3,53,Tuesday,March,3,0,11,1473.643611111111,1
202,Ambulancias sin mantenimiento #200,Se han reportado casos sospechosos de enfermedades transmisibles en el área. La comunidad está organizada para colaborar con las autoridades.,8,Salud Pública,"Camino Allende #85, Col. Santa Cecilia",20.2768,-97.9559,en_proceso,alta,1,admin,2024-03-13 15:10:30,2024-03-15 03:57:51,,2024,Norte-Este,Norte,Este,13,2,0.007940403012440667,0,1,0,0,2.0,15,3,10,Wednesday,March,3,0,11,36.78916666666667,1
201,Lámpara pública colgando #199,El transformador muestra signos de sobrecarga y necesita mantenimiento preventivo.,2,Servicios Públicos,"Camino Boulevard Miguel Alemán #10, Col. La Esperanza",20.267,-97.9572,en_proceso,media,1,admin,2024-03-13 17:42:54,2024-03-14 17:49:16,,2024,Sur-Este,Sur,Este,13,2,0.004103656905732269,0,1,0,0,2.0,17,3,42,Wednesday,March,2,0,11,24.10611111111111,1
203,Animales callejeros agresivos #201,Se han reportado casos sospechosos de enfermedades transmisibles en el área.,8,Salud Pública,"Carretera Francisco Villa #1360, Col. Lomas de Santa Anita",20.2709,-97.95,en_proceso,alta,2,María González López,2024-03-14 13:37:24,2024-03-16 17:21:19,,2024,Norte-Este,Norte,Este,14,3,0.010040418317969662,0,1,0,0,2.0,13,3,37,Thursday,March,3,0,11,51.731944444444444,1
205,Conexión cruzada agua-potable/aguas-negras #203,La presión del agua es insuficiente para abastecer adecuadamente los hogares. Se ha documentado el deterioro progresivo con fotografías.,3,Saneamiento,"Cerrada Santa Ana #51, Col. San Miguel",20.2561,-97.9584,nuevo,baja,1,admin,2024-03-14 17:40:48,2024-03-15 11:13:38,,2024,Sur-Este,Sur,Este,14,3,0.013991783303066711,0,1,0,1,1.0,17,3,40,Thursday,March,1,1,11,17.54722222222222,1
204,Accidente por señalización deficiente #202,El problema vial está causando congestionamientos y accidentes menores. Los comerciantes locales también han expresado su preocupación.,6,Transporte,"Camino Periférico Norte #64, Col. Valle Verde",20.2723,-97.951,en_proceso,media,2,María González López,2024-03-14 19:03:19,2024-03-16 19:15:29,,2024,Norte-Este,Norte,Este,14,3,0.009289241088485872,0,0,0,0,2.0,19,3,3,Thursday,March,2,0,11,48.202777777777776,1
207,Fosas sépticas rebosadas #205,El problema de drenaje ha causado acumulación de agua contaminada en la vía pública.,3,Saneamiento,"Callejón Juárez #8, Col. Jardines de Xicotepec",20.2774,-97.9622,resuelto,alta,2,María González López,2024-03-15 04:11:22,2024-04-06 22:47:49,,2024,Norte-Oeste,Norte,Oeste,15,4,0.007720103626248572,0,0,1,0,3.0,4,3,11,Friday,March,3,0,11,546.6075,1
206,Cartón mojado bloqueando acera #204,La acumulación de desechos está atrayendo fauna nociva y generando malos olores. El problema se intensifica durante las horas pico.,4,Limpieza,"Carretera Vicente Guerrero #1334, Col. Valle Verde",20.269,-97.9593,en_proceso,alta,2,María González López,2024-03-15 14:13:26,2024-03-23 13:25:19,,2024,Sur-Este,Sur,Este,15,4,0.0012206555615713985,0,1,0,0,2.0,14,3,13,Friday,March,3,0,11,191.19805555555556,1
208,Conexión cruzada agua-potable/aguas-negras #206,Se observa proliferación de insectos y roedores debido al agua estancada.,3,Saneamiento,"Avenida Privada del Carmen #505, Col. Emiliano Zapata, altura del deportivo",20.2777,-97.9504,nuevo,baja,2,María González López,2024-03-15 16:35:13,2024-03-16 15:29:49,,2024,Norte-Este,Norte,Este,15,4,0.012306502346314346,0,1,0,0,1.0,16,3,35,Friday,March,1,1,11,22.91,1
209,Contenedores con jeringas usadas #207,Las instalaciones sanitarias no cumplen con normas básicas de higiene. Los vecinos han intentado soluciones temporales sin éxito.,8,Salud Pública,"Boulevard Lázaro Cárdenas #873, Col. Lázaro Cárdenas",20.2687,-97.9598,resuelto,alta,1,admin,2024-03-16 03:00:54,2024-03-30 05:24:27,,2024,Sur-Este,Sur,Este,16,5,0.001315294643795956,1,0,1,0,3.0,3,3,0,Saturday,March,3,0,11,338.3925,1
210,Cárcamo sin funcionamiento #208,Los malos olores afectan la calidad de vida de los residentes de la zona. Se solicita seguimiento continuo hasta la resolución completa.,3,Saneamiento,"Camino Calle Invierno #4, Col. La Cruz",20.2744,-97.9609,resuelto,media,2,María González López,2024-03-16 10:53:35,2024-03-26 21:03:44,,2024,Norte-Oeste,Norte,Oeste,16,5,0.004491102314577811,1,1,0,0,3.0,10,3,53,Saturday,March,2,0,11,250.16916666666665,1
211,Refugio de animales con condiciones antihigiénicas #209,Se requiere intervención sanitaria urgente para prevenir la propagación de enfermedades. Se ha documentado el deterioro progresivo con fotografías.,8,Salud Pública,"Privada Calle Progreso #57, Col. Jardines de Xicotepec",20.254,-97.9643,nuevo,media,1,admin,2024-03-16 10:56:14,2024-03-17 07:38:26,,2024,Sur-Oeste,Sur,Oeste,16,5,0.01656773973721066,1,1,0,1,1.0,10,3,56,Saturday,March,2,1,11,20.703333333333333,1
213,Acumulación de agua estancada #211,Se necesita fumigación para controlar vectores de enfermedades tropicales.,8,Salud Pública,"Calle Poniente #64, Col. El Carmen",20.2579,-97.9594,nuevo,baja,2,María González López,2024-03-17 01:24:15,2024-03-18 15:49:39,,2024,Sur-Este,Sur,Este,17,6,0.012114866899805178,1,0,1,1,1.0,1,3,24,Sunday,March,1,0,11,38.42333333333333,1
212,Puerta forzada en escuela pública #210,Los residentes evitan transitar por el área durante horas nocturnas.,5,Seguridad,"Avenida Guerrero #1199, Col. El Mirador, frente al banco",20.252,-97.9544,resuelto,baja,1,admin,2024-03-17 14:30:53,2024-04-01 08:43:15,,2024,Sur-Este,Sur,Este,17,6,0.01885099466871386,1,1,0,1,3.0,14,3,30,Sunday,March,1,0,11,354.2061111111111,1
216,Autos estacionados sobre banquetas #214,Es necesario establecer regulaciones claras para prevenir futuros conflictos.,9,Otros,"Boulevard Aldama #1284, Col. La Cruz",20.2794,-97.9623,en_proceso,media,1,admin,2024-03-18 01:53:13,2024-03-21 01:25:26,,2024,Norte-Oeste,Norte,Oeste,18,0,0.009677293009928615,0,0,1,0,2.0,1,3,53,Monday,March,2,0,12,71.53694444444444,1
215,Falta de señalética de obra en construcción #213,La superficie irregular dificulta el tránsito y acceso para personas con discapacidad.,1,Infraestructura,"Camino Calle del Sol #35, Col. Lázaro Cárdenas, junto al DIF",20.2722,-97.9503,resuelto,baja,2,María González López,2024-03-18 05:18:28,2024-04-11 12:31:53,,2024,Norte-Este,Norte,Este,18,0,0.00994635611668488,0,0,1,0,3.0,5,3,18,Monday,March,1,0,12,583.2236111111112,1
214,Derrumbes menores en laderas #212,La comunidad propone soluciones colaborativas para resolver el problema.,9,Otros,"Callejón Calle Esperanza #69, Col. Nuevo México, esquina con Hidalgo",20.2772,-97.95,nuevo,baja,2,María González López,2024-03-18 21:08:42,2024-03-18 22:54:12,,2024,Norte-Este,Norte,Este,18,0,0.012322337440592685,0,0,0,0,1.0,21,3,8,Monday,March,1,1,12,1.7583333333333333,1
217,Pasajeros viajando de pie en exceso #215,Los peatones no tienen cruzamentos seguros en esta intersección de alto tráfico.,6,Transporte,"Callejón Santo Domingo #43, Col. Emiliano Zapata",20.2538,-97.9632,resuelto,alta,2,María González López,2024-03-19 04:44:51,2024-04-02 18:42:56,,2024,Sur-Oeste,Sur,Oeste,19,1,0.01651302516197702,0,0,1,1,3.0,4,3,44,Tuesday,March,3,0,12,349.96805555555557,1
219,Ambulancias sin mantenimiento #217,La situación representa un riesgo grave de brote epidemiológico en la comunidad. El problema es más evidente durante las primeras horas del día.,8,Salud Pública,"Privada Callejón de las Flores #42, Col. Lomas del Mirador",20.2782,-97.9606,en_proceso,alta,2,María González López,2024-03-19 17:30:35,2024-03-22 14:20:13,,2024,Norte-Oeste,Norte,Oeste,19,1,0.008221921916436859,0,1,0,0,2.0,17,3,30,Tuesday,March,3,0,12,68.82722222222222,1
218,Fuga de agua en tubería principal #216,Los malos olores afectan la calidad de vida de los residentes de la zona.,3,Saneamiento,"Callejón Andador La Paz #15, Col. Vista Hermosa",20.2569,-97.9586,nuevo,baja,1,admin,2024-03-19 19:05:23,2024-03-19 23:01:35,,2024,Sur-Este,Sur,Este,19,1,0.013174596768019723,0,0,0,1,1.0,19,3,5,Tuesday,March,1,1,12,3.9366666666666665,1
220,Rejilla de desagüe hundida #218,La superficie irregular dificulta el tránsito y acceso para personas con discapacidad. Los vecinos han intentado soluciones temporales sin éxito.,1,Infraestructura,"Camino Los Pinos #276, Col. Santa María",20.2672,-97.9551,cerrado,media,1,admin,2024-03-20 13:19:03,2024-06-21 09:19:13,,2024,Sur-Este,Sur,Este,20,2,0.0056435804238024415,0,1,0,0,4.0,13,3,19,Wednesday,March,2,0,12,2228.0027777777777,1
221,Columna estructural con daño #219,Varios vecinos han reportado tropiezos y caídas en esta zona. Se solicita seguimiento continuo hasta la resolución completa.,1,Infraestructura,"Andador Del Río #71, Col. Vista Alegre",20.2718,-97.95,nuevo,alta,2,María González López,2024-03-20 16:27:34,2024-03-20 20:17:04,,2024,Norte-Este,Norte,Este,20,2,0.010160708636695366,0,1,0,0,1.0,16,3,27,Wednesday,March,3,1,12,3.825,1
224,Clínica sin insumos básicos #222,La situación representa un riesgo grave de brote epidemiológico en la comunidad. La situación ha empeorado desde la semana pasada.,8,Salud Pública,"Carretera Insurgentes #484, Col. La Cruz",20.2776,-97.963,cerrado,alta,1,admin,2024-03-21 05:21:52,2024-05-21 14:20:17,,2024,Norte-Oeste,Norte,Oeste,21,3,0.008170679286326287,0,0,1,0,4.0,5,3,21,Thursday,March,3,0,12,1472.973611111111,1
223,Venta de pirotecnia ilegal #221,La falta de normativa clara permite que la situación se repita constantemente. La comunidad está organizada para colaborar con las autoridades. La situación es crítica especialmente los fines de semana.,9,Otros,"Andador Segunda #73, Col. Santa Rosa, esquina con Hidalgo",20.2718,-97.9564,resuelto,alta,1,admin,2024-03-21 08:19:08,2024-03-31 20:38:57,,2024,Norte-Este,Norte,Este,21,3,0.00402492235949183,0,1,0,0,3.0,8,3,19,Thursday,March,3,0,12,252.33027777777778,1
222,Cableado colgante sobre calle #220,El transformador muestra signos de sobrecarga y necesita mantenimiento preventivo. La situación afecta particularmente a adultos mayores y niños. La situación es crítica especialmente los fines de semana.,2,Servicios Públicos,"Callejón Del Campo #70, Col. Rincón de los Ángeles",20.272,-97.9529,nuevo,baja,1,admin,2024-03-21 13:47:10,2024-03-21 22:29:18,,2024,Norte-Este,Norte,Este,21,3,0.0073763134423580415,0,1,0,0,1.0,13,3,47,Thursday,March,1,1,12,8.702222222222222,1
225,Violencia en cancha deportiva #223,Es urgente implementar medidas preventivas antes de que ocurran incidentes graves.,5,Seguridad,"Calle Sexta #210, Col. El Calvario",20.2695,-97.9579,resuelto,alta,2,María González López,2024-03-22 01:40:47,2024-04-16 17:37:41,,2024,Sur-Este,Sur,Este,22,4,0.0021587033144907153,0,0,1,0,3.0,1,3,40,Friday,March,3,0,12,615.9483333333334,1
227,Casos de dengue sin fumigación #225,Se han reportado casos sospechosos de enfermedades transmisibles en el área. Los residentes están dispuestos a aportar recursos para la solución.,8,Salud Pública,"Andador Venustiano Carranza #28, Col. La Esperanza",20.2767,-97.9548,en_proceso,alta,1,admin,2024-03-22 04:04:52,2024-03-27 23:59:03,,2024,Norte-Este,Norte,Este,22,4,0.00848115558163525,0,0,1,0,2.0,4,3,4,Friday,March,3,0,12,139.90305555555557,1
226,Desnivel peligroso en calle #224,La reparación temporal anterior no fue efectiva y el problema persiste. El problema se intensifica durante las horas pico.,1,Infraestructura,"Camino Campestre #64, Col. Lomas del Mirador, frente al mercado",20.2582,-97.9593,resuelto,baja,1,admin,2024-03-22 13:45:18,2024-03-31 17:03:33,,2024,Sur-Este,Sur,Este,22,4,0.011820744477401349,0,1,0,1,3.0,13,3,45,Friday,March,1,0,12,219.30416666666667,1
228,Lámpara pública colgando #226,El servicio ha estado interrumpido por más de 48 horas afectando a múltiples familias. El problema se intensifica durante las horas pico.,2,Servicios Públicos,"Privada Avenida Tecnológico #77, Col. Colinas de San Juan",20.2686,-97.9582,nuevo,alta,2,María González López,2024-03-23 11:16:57,2024-03-24 02:25:24,,2024,Sur-Este,Sur,Este,23,5,0.002280350850189534,1,1,0,0,1.0,11,3,16,Saturday,March,3,1,12,15.140833333333333,1
230,Nido de avispas en parque #228,Los desechos químicos están contaminando el suelo y fuentes de agua. La situación afecta particularmente a adultos mayores y niños.,7,Medio Ambiente,"Andador Avenida Tecnológico #66, Col. Jardines de Xicotepec",20.2704,-97.95,cerrado,media,1,admin,2024-03-23 14:01:27,2024-05-23 18:51:53,,2024,Norte-Este,Norte,Este,23,5,0.010007996802548318,1,1,0,0,4.0,14,3,1,Saturday,March,2,0,12,1468.8405555555555,1
229,Asaltos frecuentes en calle #227,El vandalismo continuo genera un ambiente de inseguridad para las familias.,5,Seguridad,"Cerrada Cerrada Las Flores #79, Col. Las Palmas, esquina con Hidalgo",20.2709,-97.95,nuevo,alta,1,admin,2024-03-23 20:39:15,2024-03-24 05:25:16,,2024,Norte-Este,Norte,Este,23,5,0.010040418317969662,1,0,0,0,1.0,20,3,39,Saturday,March,3,1,12,8.766944444444444,1
232,Baños públicos contaminados #230,La situación representa un riesgo grave de brote epidemiológico en la comunidad. Los residentes están dispuestos a aportar recursos para la solución.,8,Salud Pública,"Callejón Las Magnolias #55, Col. Solidaridad, altura del puente",20.2711,-97.958,en_proceso,baja,2,María González López,2024-03-24 14:02:14,2024-03-26 20:49:08,,2024,Norte-Este,Norte,Este,24,6,0.002282542442099058,1,1,0,0,2.0,14,3,2,Sunday,March,1,0,12,54.781666666666666,1
231,Falta de atención a denuncias previas #229,La falta de normativa clara permite que la situación se repita constantemente. Los residentes están dispuestos a aportar recursos para la solución.,9,Otros,"Avenida Camino a Honey #232, Col. Santa Rosa",20.2744,-97.9558,resuelto,alta,2,María González López,2024-03-24 16:09:57,2024-04-08 02:40:16,,2024,Norte-Este,Norte,Este,24,6,0.006082762530296659,1,1,0,0,3.0,16,3,9,Sunday,March,3,0,12,346.5052777777778,1
233,Residuos sólidos flotando en canal #231,La basura obstruye el drenaje pluvial y podría causar inundaciones.,4,Limpieza,"Boulevard Rayón #821, Col. Revolución",20.28,-97.9562,resuelto,media,2,María González López,2024-03-25 03:36:28,2024-04-19 13:31:04,,2024,Norte-Este,Norte,Este,25,0,0.010697663296253905,0,0,1,0,3.0,3,3,36,Monday,March,2,0,13,609.91,1
235,Árbol caído tras tormenta #233,La vegetación dañada representa un riesgo para la infraestructura cercana.,7,Medio Ambiente,"Calle Matamoros #176, Col. Lomas del Mirador",20.2758,-97.9548,nuevo,baja,1,admin,2024-03-25 11:18:31,2024-03-26 09:04:55,,2024,Norte-Este,Norte,Este,25,0,0.007789736837652605,0,1,0,0,1.0,11,3,18,Monday,March,1,1,13,21.773333333333333,1
234,Inundación en área verde #232,Se solicita inspección ambiental y aplicación de sanciones correspondientes. La comunidad está organizada para colaborar con las autoridades.,7,Medio Ambiente,"Cerrada Callejón del Río #27, Col. Emiliano Zapata",20.2759,-97.9629,en_proceso,baja,1,admin,2024-03-25 14:09:22,2024-03-29 18:45:37,,2024,Norte-Oeste,Norte,Oeste,25,0,0.006574191965562708,0,1,0,0,2.0,14,3,9,Monday,March,1,0,13,100.60416666666667,1
238,Medidor de luz expuesto #236,Se requiere revisión técnica urgente para evitar cortes prolongados de energía. Se observa un patrón de deterioro acelerado en los últimos días.,2,Servicios Públicos,"Avenida De la Montaña #891, Col. Nuevo México",20.2766,-97.9543,nuevo,baja,2,María González López,2024-03-26 15:46:36,2024-03-26 23:58:50,,2024,Norte-Este,Norte,Este,26,1,0.008720665112241933,0,1,0,0,1.0,15,3,46,Tuesday,March,1,1,13,8.203888888888889,1
237,Mobiliario roto abandonado en calle #235,Los contenedores están dañados y no pueden contener adecuadamente la basura.,4,Limpieza,"Privada Carmen Serdán #36, Col. Jardines de Xicotepec",20.2682,-97.9509,en_proceso,alta,2,María González López,2024-03-26 16:16:33,2024-03-27 20:44:36,,2024,Sur-Este,Sur,Este,26,1,0.009276313923094975,0,1,0,0,2.0,16,3,16,Tuesday,March,3,0,13,28.4675,1
236,Cableado colgante sobre calle #234,Los equipos presentan ruidos anormales y podrían fallar completamente pronto. El problema coincide con fallas similares en zonas cercanas. En horario escolar representa mayor riesgo para los menores.,2,Servicios Públicos,"Andador Avenida Revolución #75, Col. San Francisco, cerca del panteón",20.2718,-97.9528,en_proceso,alta,1,admin,2024-03-26 18:14:45,2024-04-02 02:23:42,,2024,Norte-Este,Norte,Este,26,1,0.00742159012610914,0,1,0,0,2.0,18,3,14,Tuesday,March,3,0,13,152.14916666666667,1
239,Tiempos de espera muy largos #237,Los peatones no tienen cruzamentos seguros en esta intersección de alto tráfico.,6,Transporte,"Cerrada Hidalgo #21, Col. La Cruz",20.2756,-97.95,cerrado,media,2,María González López,2024-03-27 07:27:39,2024-05-28 00:47:44,,2024,Norte-Este,Norte,Este,27,2,0.011461239025508154,0,0,0,0,4.0,7,3,27,Wednesday,March,2,0,13,1481.3347222222221,1
241,Falta de mantenimiento a jardineras #239,El problema ambiental está afectando la calidad del aire y agua en la zona. Los vecinos han intentado soluciones temporales sin éxito.,7,Medio Ambiente,"Carretera Calle Victoria #1479, Col. Nuevo México",20.2755,-97.9573,nuevo,baja,2,María González López,2024-03-27 17:43:41,2024-03-28 05:06:46,,2024,Norte-Este,Norte,Este,27,2,0.0061269894728130676,0,1,0,0,1.0,17,3,43,Wednesday,March,1,1,13,11.384722222222223,1
240,Tala no autorizada de árboles #238,Los desechos químicos están contaminando el suelo y fuentes de agua.,7,Medio Ambiente,"Avenida Sexta #574, Col. Nuevo México",20.2785,-97.9541,cerrado,alta,2,María González López,2024-03-27 20:32:40,2024-04-28 04:23:04,,2024,Norte-Este,Norte,Este,27,2,0.010346980235797743,0,0,0,0,4.0,20,3,32,Wednesday,March,3,0,13,751.84,1
243,Cárcamo sin funcionamiento #241,"La obstrucción causa desbordamientos durante las lluvias, inundando casas vecinas.",3,Saneamiento,"Camino Santo Domingo #248, Col. Santa Cecilia",20.2755,-97.9632,nuevo,alta,2,María González López,2024-03-28 10:36:41,2024-03-28 15:55:50,,2024,Norte-Oeste,Norte,Oeste,28,3,0.006363175307977813,0,1,0,0,1.0,10,3,36,Thursday,March,3,1,13,5.319166666666667,1
242,Reclamos vecinales sin respuesta del gobierno #240,Se requiere mediación municipal para resolver el conflicto de manera efectiva. Los vecinos han intentado soluciones temporales sin éxito.,9,Otros,"Privada Callejón de las Flores #44, Col. Rincón de los Ángeles",20.2792,-97.9526,nuevo,media,2,María González López,2024-03-28 12:15:40,2024-03-28 15:02:26,,2024,Norte-Este,Norte,Este,28,3,0.0118067777145099,0,1,0,0,1.0,12,3,15,Thursday,March,2,1,13,2.7794444444444446,1
245,Venta de pirotecnia ilegal #243,Los residentes reportan molestias continuas que alteran su calidad de vida. El problema coincide con fallas similares en zonas cercanas.,9,Otros,"Camino Poniente #126, Col. La Huerta",20.2691,-97.9647,nuevo,alta,1,admin,2024-03-29 02:06:43,2024-04-01 00:22:50,,2024,Sur-Oeste,Sur,Oeste,29,4,0.004785394445601474,0,0,1,0,1.0,2,3,6,Friday,March,3,0,13,70.26861111111111,1
244,Grietas en muros de contención #242,Los materiales sueltos representan un riesgo tanto para peatones como para vehículos.,1,Infraestructura,"Callejón Allende #52, Col. Santa Rosa, cerca del zócalo",20.2685,-97.9538,en_proceso,alta,2,María González López,2024-03-29 10:11:26,2024-04-02 19:28:00,,2024,Sur-Este,Sur,Este,29,4,0.0063788713735197,0,1,0,0,2.0,10,3,11,Friday,March,3,0,13,105.2761111111111,1
246,Agua turbia en suministro #244,El problema de drenaje ha causado acumulación de agua contaminada en la vía pública.,3,Saneamiento,"Avenida Carretera a Huauchinango #152, Col. La Esperanza",20.279,-97.9556,en_proceso,alta,2,María González López,2024-03-29 15:39:52,2024-04-05 22:51:25,,2024,Norte-Este,Norte,Este,29,4,0.010017983829090358,0,1,0,0,2.0,15,3,39,Friday,March,3,0,13,175.1925,1
248,Vehículo abandonado en esquina #246,La falta de iluminación y vigilancia favorece las actividades delictivas.,5,Seguridad,"Cerrada 16 de Septiembre #2, Col. Buenos Aires",20.2754,-97.9665,en_proceso,media,1,admin,2024-03-30 01:18:12,2024-04-02 01:55:17,,2024,Norte-Oeste,Norte,Oeste,30,5,0.008450443775332248,1,0,1,0,2.0,1,3,18,Saturday,March,2,0,13,72.61805555555556,1
247,Tala no autorizada de árboles #245,El problema ambiental está afectando la calidad del aire y agua en la zona. Los comerciantes locales también han expresado su preocupación.,7,Medio Ambiente,"Cerrada Callejón de la Cruz #54, Col. Nuevo México",20.2755,-97.9571,resuelto,alta,2,María González López,2024-03-30 05:39:22,2024-04-28 20:31:06,,2024,Norte-Este,Norte,Este,30,5,0.0062177166226836614,1,0,1,0,3.0,5,3,39,Saturday,March,3,0,13,710.8622222222223,1
249,Robos constantes en zona escolar #247,El vandalismo continuo genera un ambiente de inseguridad para las familias.,5,Seguridad,"Camino Avenida de la Juventud #217, Col. La Huerta, C.P. 73080",20.2566,-97.9545,cerrado,alta,2,María González López,2024-03-30 22:46:53,2024-05-01 05:56:21,,2024,Sur-Este,Sur,Este,30,5,0.01448481963988493,1,0,1,1,4.0,22,3,46,Saturday,March,3,0,13,751.1577777777778,1
251,Autos estacionados sobre banquetas #249,La comunidad propone soluciones colaborativas para resolver el problema.,9,Otros,"Boulevard Del Valle #114, Col. El Mirador, cerca del zócalo",20.2769,-97.9556,resuelto,media,1,admin,2024-03-31 08:52:34,2024-04-21 07:13:20,,2024,Norte-Este,Norte,Este,31,6,0.00818352002502181,1,1,0,0,3.0,8,3,52,Sunday,March,2,0,13,502.3461111111111,1
252,Robo de cableado público #250,Los actos vandálicos han dañado propiedades públicas y privadas del sector.,5,Seguridad,"Carretera Benito Juárez #1223, Col. Santa María",20.2545,-97.9562,en_proceso,alta,1,admin,2024-03-31 15:34:44,2024-04-02 16:50:51,,2024,Sur-Este,Sur,Este,31,6,0.015959009994356423,1,1,0,1,2.0,15,3,34,Sunday,March,3,0,13,49.26861111111111,1
250,Transporte informal operando en ruta oficial #248,Se requiere mejor coordinación semafórica para optimizar el flujo vehicular.,6,Transporte,"Andador Las Jacarandas #40, Col. Francisco Villa",20.2708,-97.95,nuevo,baja,2,María González López,2024-03-31 18:30:30,2024-04-03 05:26:14,,2024,Norte-Este,Norte,Este,31,6,0.010031948963178631,1,1,0,0,1.0,18,3,30,Sunday,March,1,0,13,58.92888888888889,1
254,Humedad por filtración subterránea #252,El sistema requiere limpieza profunda y reparación de conexiones dañadas.,3,Saneamiento,"Andador Calle Aurora #27, Col. San Antonio",20.2745,-97.95,en_proceso,alta,1,admin,2024-04-01 05:33:08,2024-04-03 03:56:36,,2024,Norte-Este,Norte,Este,1,0,0.010965856099722431,0,0,1,0,2.0,5,4,33,Monday,April,3,0,14,46.39111111111111,2
253,Drenaje con retorno de agua sucia #251,Los vecinos reportan problemas de salud relacionados con la contaminación del agua.,3,Saneamiento,"Camino Las Magnolias #252, Col. Santa Matilde",20.2707,-97.9619,en_proceso,alta,2,María González López,2024-04-01 08:28:21,2024-04-05 06:14:06,,2024,Norte-Oeste,Norte,Oeste,1,0,0.002024845673138169,0,1,0,0,2.0,8,4,28,Monday,April,3,0,14,93.7625,2
255,Pavimento levantado por raíces de árbol #253,Se observan grietas que se extienden y podrían causar un colapso parcial.,1,Infraestructura,"Cerrada Los Fresnos #32, Col. Lomas del Mirador",20.2728,-97.9508,en_proceso,alta,2,María González López,2024-04-02 04:27:26,2024-04-09 09:44:30,,2024,Norte-Este,Norte,Este,2,1,0.009616652224130297,0,0,1,0,2.0,4,4,27,Tuesday,April,3,0,14,173.28444444444443,2
257,Muros de contención con filtraciones #255,"El deterioro ha empeorado con las lluvias recientes, creando condiciones peligrosas. El problema es más evidente durante las primeras horas del día.",1,Infraestructura,"Boulevard Privada Hidalgo #1187, Col. El Paraíso",20.2687,-97.9597,en_proceso,alta,1,admin,2024-04-02 08:09:07,2024-04-10 05:32:41,,2024,Sur-Este,Sur,Este,2,1,0.0013341664064121868,0,1,0,0,2.0,8,4,9,Tuesday,April,3,0,14,189.39277777777778,2
256,Pasajeros viajando de pie en exceso #254,Los usuarios del transporte público reportan retrasos constantes en esta ruta. Los vecinos han intentado soluciones temporales sin éxito.,6,Transporte,"Privada Del Bosque #28, Col. Buenos Aires, altura del semáforo",20.2769,-97.9575,nuevo,alta,1,admin,2024-04-02 18:10:27,2024-04-03 01:52:07,,2024,Norte-Este,Norte,Este,2,1,0.007338937252764317,0,1,0,0,1.0,18,4,10,Tuesday,April,3,1,14,7.694444444444445,2
260,Muros de contención con filtraciones #258,Varios vecinos han reportado tropiezos y caídas en esta zona.,1,Infraestructura,"Carretera Privada del Carmen #537, Col. San Miguel, esquina principal",20.252,-97.9593,en_proceso,media,2,María González López,2024-04-03 16:40:37,2024-04-07 12:18:44,,2024,Sur-Este,Sur,Este,3,2,0.018013605968823048,0,1,0,1,2.0,16,4,40,Wednesday,April,2,0,14,91.63527777777777,2
259,Cartón mojado bloqueando acera #257,Se observan materiales peligrosos mezclados con residuos domésticos comunes. La comunidad está organizada para colaborar con las autoridades.,4,Limpieza,"Boulevard 16 de Septiembre #828, Col. Emiliano Zapata, cerca del panteón",20.2749,-97.9527,nuevo,media,2,María González López,2024-04-03 17:07:02,2024-04-04 05:41:45,,2024,Norte-Este,Norte,Este,3,2,0.008792041856133505,0,1,0,0,1.0,17,4,7,Wednesday,April,2,1,14,12.578611111111112,2
258,Columna estructural con daño #256,Varios vecinos han reportado tropiezos y caídas en esta zona. Se requiere coordinación entre múltiples dependencias municipales.,1,Infraestructura,"Cerrada Ricardo Flores Magón #30, Col. Las Flores",20.2781,-97.9517,cerrado,alta,2,María González López,2024-04-03 23:13:17,2024-05-04 06:43:50,,2024,Norte-Este,Norte,Este,3,2,0.011597413504736207,0,0,1,0,4.0,23,4,13,Wednesday,April,3,0,14,727.5091666666667,2
262,Venta de droga en espacio público #260,"Las cámaras de seguridad no funcionan, dejando la zona sin monitoreo.",5,Seguridad,"Carretera Santa Cecilia #1436, Col. La Esperanza",20.2747,-97.9553,en_proceso,alta,1,admin,2024-04-04 03:53:48,2024-04-05 15:43:59,,2024,Norte-Este,Norte,Este,4,3,0.006646803743153129,0,0,1,0,2.0,3,4,53,Thursday,April,3,0,14,35.83638888888889,2
263,Casos de dengue sin fumigación #261,Los servicios de salud son insuficientes para atender la demanda de la población.,8,Salud Pública,"Privada Privada Juárez #37, Col. El Paraíso",20.2761,-97.9512,resuelto,alta,1,admin,2024-04-04 13:16:48,2024-04-18 05:16:40,,2024,Norte-Este,Norte,Este,4,3,0.010707474025179286,0,1,0,0,3.0,13,4,16,Thursday,April,3,0,14,327.9977777777778,2
261,Alcantarilla obstruida con basura #259,La presión del agua es insuficiente para abastecer adecuadamente los hogares.,3,Saneamiento,"Boulevard Bellavista #998, Col. Buenos Aires",20.2754,-97.9579,resuelto,alta,1,admin,2024-04-04 20:28:24,2024-04-17 16:02:50,,2024,Norte-Este,Norte,Este,4,3,0.005793962374749419,0,0,0,0,3.0,20,4,28,Thursday,April,3,0,14,307.5738888888889,2
265,Escombros de construcción abandonados #263,Los comerciantes de la zona reportan que la situación afecta sus ventas.,4,Limpieza,"Callejón De la Montaña #23, Col. San José",20.27,-97.9634,resuelto,media,2,María González López,2024-04-05 10:16:46,2024-05-04 22:21:11,,2024,Norte-Oeste,Norte,Oeste,5,4,0.0033999999999991815,0,1,0,0,3.0,10,4,16,Friday,April,2,0,14,708.0736111111111,2
264,Contador de electricidad sin protección #262,El servicio ha estado interrumpido por más de 48 horas afectando a múltiples familias.,2,Servicios Públicos,"Andador Avenida Tecnológico #22, Col. Santa Rosa",20.2771,-97.9594,nuevo,media,1,admin,2024-04-05 20:17:44,2024-04-06 11:13:03,,2024,Norte-Este,Norte,Este,5,4,0.00712530701092992,0,0,0,0,1.0,20,4,17,Friday,April,2,1,14,14.921944444444444,2
267,Sistema pluvial no funcional #265,"La obstrucción causa desbordamientos durante las lluvias, inundando casas vecinas.",3,Saneamiento,"Cerrada Jardines #58, Col. Santa Matilde",20.2773,-97.9508,en_proceso,alta,2,María González López,2024-04-06 13:52:02,2024-04-11 17:11:53,,2024,Norte-Este,Norte,Este,6,5,0.011744360348689831,1,1,0,0,2.0,13,4,52,Saturday,April,3,0,14,123.33083333333333,2
268,Chatarra acumulada en vía pública #266,La acumulación de desechos está atrayendo fauna nociva y generando malos olores. Los residentes están dispuestos a aportar recursos para la solución.,4,Limpieza,"Carretera Portal #638, Col. Lomas del Mirador",20.2749,-97.9569,resuelto,alta,1,admin,2024-04-06 14:15:42,2024-05-07 07:05:19,,2024,Norte-Este,Norte,Este,6,5,0.0057982756057232835,1,1,0,0,3.0,14,4,15,Saturday,April,3,0,14,736.8269444444444,2
266,Derrumbes menores en laderas #264,El problema se ha extendido y ahora afecta a múltiples cuadras del sector. El problema coincide con fallas similares en zonas cercanas.,9,Otros,"Avenida Poniente #848, Col. Jardines de Xicotepec",20.2685,-97.9563,resuelto,alta,1,admin,2024-04-06 22:58:13,2024-05-03 02:08:27,,2024,Sur-Este,Sur,Este,6,5,0.0039924929555307485,1,0,1,0,3.0,22,4,58,Saturday,April,3,0,14,627.1705555555556,2
270,Basura doméstica expuesta a animales #268,Se observan materiales peligrosos mezclados con residuos domésticos comunes.,4,Limpieza,"Calle Callejón de la Cruz #141, Col. Los Pinos",20.279,-97.9566,cerrado,baja,1,admin,2024-04-07 06:13:35,2024-06-07 11:43:38,,2024,Norte-Este,Norte,Este,7,6,0.009620810776644584,1,0,1,0,4.0,6,4,13,Sunday,April,1,0,14,1469.5008333333333,2
269,Accidente por señalización deficiente #267,Las unidades de transporte operan en condiciones inseguras para los pasajeros.,6,Transporte,"Camino Carretera a Huauchinango #131, Col. Revolución",20.2737,-97.958,resuelto,media,1,admin,2024-04-07 08:43:03,2024-04-16 18:46:11,,2024,Norte-Este,Norte,Este,7,6,0.0042059481689621925,1,1,0,0,3.0,8,4,43,Sunday,April,2,0,14,226.0522222222222,2
271,Rejilla de desagüe hundida #269,Varios vecinos han reportado tropiezos y caídas en esta zona. La situación es crítica especialmente los fines de semana.,1,Infraestructura,"Camino San Carlos #138, Col. Centro",20.2709,-97.9611,nuevo,media,2,María González López,2024-04-07 12:10:47,2024-04-09 09:59:38,,2024,Norte-Oeste,Norte,Oeste,7,6,0.001421267040362376,1,1,0,0,1.0,12,4,10,Sunday,April,2,0,14,45.814166666666665,2
273,Inundación en área verde #271,Se observa mortandad de flora y fauna local debido a la contaminación. Se requiere coordinación entre múltiples dependencias municipales.,7,Medio Ambiente,"Callejón Matamoros #1, Col. Santa Matilde",20.2581,-97.9504,en_proceso,baja,2,María González López,2024-04-08 06:52:52,2024-04-13 08:26:04,,2024,Sur-Este,Sur,Este,8,0,0.015289538907366031,0,0,1,1,2.0,6,4,52,Monday,April,1,0,15,121.55333333333333,2
272,Basura doméstica expuesta a animales #270,La comunidad está dispuesta a colaborar con horarios específicos de recolección. Los comerciantes locales también han expresado su preocupación. El problema es más evidente durante las primeras horas del día.,4,Limpieza,"Privada Aldama #15, Col. San Francisco",20.2715,-97.9576,en_proceso,alta,2,María González López,2024-04-08 23:52:36,2024-04-13 18:19:31,,2024,Norte-Este,Norte,Este,8,0,0.002830194339612268,0,0,1,0,2.0,23,4,52,Monday,April,3,0,15,114.4486111111111,2
274,Árbol caído tras tormenta #272,Es necesario implementar medidas de protección ambiental inmediatas.,7,Medio Ambiente,"Privada Avenida Hidalgo #57, Col. San Juan",20.2698,-97.9571,resuelto,media,2,María González López,2024-04-09 01:25:09,2024-04-17 23:07:42,,2024,Sur-Este,Sur,Este,9,1,0.0029068883707464963,0,0,1,0,3.0,1,4,25,Tuesday,April,2,0,15,213.70916666666668,2
276,Humo constante en zona residencial #274,Es necesario implementar medidas de protección ambiental inmediatas.,7,Medio Ambiente,"Boulevard Avenida Independencia #375, Col. Benito Juárez",20.2779,-97.9562,resuelto,baja,2,María González López,2024-04-09 05:55:44,2024-04-20 09:39:22,,2024,Norte-Este,Norte,Este,9,1,0.008766413177575904,0,0,1,0,3.0,5,4,55,Tuesday,April,1,0,15,267.7272222222222,2
275,Residuos sólidos flotando en canal #273,La situación está creando un foco de infección que pone en riesgo la salud pública.,4,Limpieza,"Privada Vía Corta a Pantepec #34, Col. El Mirador, esquina con Hidalgo",20.2658,-97.9566,nuevo,baja,1,admin,2024-04-09 06:50:30,2024-04-10 06:19:34,,2024,Sur-Este,Sur,Este,9,1,0.0054037024344426796,0,0,1,0,1.0,6,4,50,Tuesday,April,1,1,15,23.484444444444446,2
278,Robos constantes en zona escolar #276,Los comerciantes han sido víctimas de robos en múltiples ocasiones.,5,Seguridad,"Avenida Periférico Sur #442, Col. Lomas de Santa Anita",20.2763,-97.9549,nuevo,alta,2,María González López,2024-04-10 01:25:08,2024-04-12 07:58:03,,2024,Norte-Este,Norte,Este,10,2,0.008105553651662638,0,0,1,0,1.0,1,4,25,Wednesday,April,3,0,15,54.548611111111114,2
279,Humedad por filtración subterránea #277,Es urgente restaurar el flujo normal para prevenir problemas de salud pública. Se solicita seguimiento continuo hasta la resolución completa. La situación ha empeorado desde la semana pasada.,3,Saneamiento,"Andador Miguel Hidalgo #43, Col. El Paraíso",20.2759,-97.9618,en_proceso,alta,2,María González López,2024-04-10 05:01:38,2024-04-15 16:07:13,,2024,Norte-Oeste,Norte,Oeste,10,2,0.0061684682053177444,0,0,1,0,2.0,5,4,1,Wednesday,April,3,0,15,131.09305555555557,2
277,Intento de saqueo a local #275,Es urgente implementar medidas preventivas antes de que ocurran incidentes graves.,5,Seguridad,"Andador San Francisco #22, Col. San Miguel",20.2745,-97.9596,resuelto,alta,2,María González López,2024-04-10 12:16:34,2024-05-02 17:37:13,,2024,Norte-Este,Norte,Este,10,2,0.004517742799230695,0,1,0,0,3.0,12,4,16,Wednesday,April,3,0,15,533.3441666666666,2
280,Foco de infección por basura #278,Se han reportado casos sospechosos de enfermedades transmisibles en el área.,8,Salud Pública,"Camino Calle Esperanza #235, Col. Las Palmas, altura del puente",20.2774,-97.9594,resuelto,media,2,María González López,2024-04-11 03:16:11,2024-05-06 19:44:24,,2024,Norte-Este,Norte,Este,11,3,0.007424284477308063,0,0,1,0,3.0,3,4,16,Thursday,April,2,0,15,616.4702777777778,2
281,Fosas sépticas rebosadas #279,El sistema requiere limpieza profunda y reparación de conexiones dañadas. Los vecinos han intentado soluciones temporales sin éxito.,3,Saneamiento,"Camino San Rafael #269, Col. Nuevo México, cerca del zócalo",20.2653,-97.9588,cerrado,baja,1,admin,2024-04-11 12:55:27,2024-07-12 05:20:29,,2024,Sur-Este,Sur,Este,11,3,0.004850773134252983,0,1,0,0,4.0,12,4,55,Thursday,April,1,0,15,2200.4172222222223,2
282,Humo constante en zona residencial #280,El ruido excesivo afecta el descanso y bienestar de los residentes.,7,Medio Ambiente,"Andador Bravo #12, Col. Francisco Villa",20.2763,-97.9597,en_proceso,alta,2,María González López,2024-04-11 19:03:59,2024-04-17 11:50:17,,2024,Norte-Este,Norte,Este,11,3,0.006307138812487918,0,0,0,0,2.0,19,4,3,Thursday,April,3,0,15,136.77166666666668,2
284,Parada de autobús vandalizada #282,El servicio ha estado interrumpido por más de 48 horas afectando a múltiples familias.,2,Servicios Públicos,"Cerrada Álvaro Obregón #50, Col. Valle Verde",20.2656,-97.9614,resuelto,media,2,María González López,2024-04-12 09:03:24,2024-05-01 23:48:35,,2024,Sur-Oeste,Sur,Oeste,12,4,0.004617358552247628,0,1,0,0,3.0,9,4,3,Friday,April,2,0,15,470.75305555555553,2
283,Drenaje colapsado en avenida #281,Se observa proliferación de insectos y roedores debido al agua estancada. Se solicita seguimiento continuo hasta la resolución completa. La situación es crítica especialmente los fines de semana.,3,Saneamiento,"Avenida Los Fresnos #398, Col. El Paraíso",20.2695,-97.9624,nuevo,baja,1,admin,2024-04-12 22:57:56,2024-04-13 06:38:03,,2024,Sur-Oeste,Sur,Oeste,12,4,0.0024515301344344514,0,0,1,0,1.0,22,4,57,Friday,April,1,1,15,7.668611111111111,2
287,Cajas eléctricas abiertas #285,El transformador muestra signos de sobrecarga y necesita mantenimiento preventivo. Se requiere coordinación entre múltiples dependencias municipales.,2,Servicios Públicos,"Avenida Avenida Hidalgo #1238, Col. El Carmen",20.2761,-97.9549,nuevo,media,1,admin,2024-04-13 08:59:17,2024-04-13 10:51:56,,2024,Norte-Este,Norte,Este,13,5,0.007951100552752896,1,1,0,0,1.0,8,4,59,Saturday,April,2,1,15,1.8775,2
285,Venta ilegal de medicamentos #283,La comunidad solicita campañas de vacunación y educación sanitaria.,8,Salud Pública,"Cerrada Calle Libertad #28, Col. El Carmen",20.2741,-97.957,en_proceso,baja,2,María González López,2024-04-13 09:38:00,2024-04-19 09:07:05,,2024,Norte-Este,Norte,Este,13,5,0.005080354318353172,1,1,0,0,2.0,9,4,38,Saturday,April,1,0,15,143.48472222222222,2
286,Poste de concreto dañado #284,La falta de mantenimiento ha resultado en condiciones inseguras para la comunidad.,1,Infraestructura,"Boulevard Poniente #1300, Col. Los Pinos, altura del deportivo",20.2693,-97.9549,resuelto,alta,2,María González López,2024-04-13 22:15:07,2024-05-01 05:19:16,,2024,Sur-Este,Sur,Este,13,5,0.005147815070492062,1,0,1,0,3.0,22,4,15,Saturday,April,3,0,15,415.06916666666666,2
290,Baños públicos contaminados #288,El manejo inadecuado de residuos médicos pone en riesgo la salud pública. La comunidad está organizada para colaborar con las autoridades.,8,Salud Pública,"Callejón Cerrada Las Flores #33, Col. El Paraíso, altura de la gasolinera",20.2725,-97.9601,nuevo,media,1,admin,2024-04-14 07:19:17,2024-04-14 13:15:08,,2024,Norte-Oeste,Norte,Oeste,14,6,0.0025019992006407713,1,0,0,0,1.0,7,4,19,Sunday,April,2,1,15,5.930833333333333,2
289,Basura flotante en río #287,Los niveles de contaminación han aumentado por la actividad industrial no regulada.,7,Medio Ambiente,"Andador Calle del Sol #13, Col. La Cruz",20.2764,-97.9544,nuevo,alta,2,María González López,2024-04-14 09:31:00,2024-04-15 04:24:37,,2024,Norte-Este,Norte,Este,14,6,0.008504116650178596,1,1,0,0,1.0,9,4,31,Sunday,April,3,1,15,18.89361111111111,2
288,Vandalismo en parque infantil #286,Los residentes evitan transitar por el área durante horas nocturnas.,5,Seguridad,"Camino Morelos #6, Col. Jardines de Xicotepec",20.2715,-97.9646,resuelto,alta,1,admin,2024-04-14 23:04:17,2024-05-04 06:35:03,,2024,Norte-Oeste,Norte,Oeste,14,6,0.0048383881613712695,1,0,1,0,3.0,23,4,4,Sunday,April,3,0,15,463.5127777777778,2
292,Puerta forzada en escuela pública #290,Los comerciantes han sido víctimas de robos en múltiples ocasiones. Los comerciantes locales también han expresado su preocupación.,5,Seguridad,"Calle Cerrada San Miguel #251, Col. Revolución",20.2671,-97.9571,no_aprobado,media,1,admin,2024-04-15 13:15:25,2024-04-17 01:56:12,,2024,Sur-Este,Sur,Este,15,0,0.004101219330879954,0,1,0,0,1.0,13,4,15,Monday,April,2,0,16,36.679722222222225,2
293,Corte frecuente de energía eléctrica #291,Se requiere revisión técnica urgente para evitar cortes prolongados de energía. La situación afecta particularmente a adultos mayores y niños. Se observa un patrón de deterioro acelerado en los últimos días.,2,Servicios Públicos,"Calle Hermanos Serdán #11, Col. Emiliano Zapata",20.2707,-97.9545,en_proceso,media,2,María González López,2024-04-15 21:09:58,2024-04-17 00:14:01,,2024,Norte-Este,Norte,Este,15,0,0.005544366510249744,0,0,0,0,2.0,21,4,9,Monday,April,2,0,16,27.0675,2
291,Maltrato animal en espacio urbano #289,Las actividades no reguladas están impactando negativamente el comercio local.,9,Otros,"Calle Los Arcos #285, Col. Vista Hermosa",20.2715,-97.9575,en_proceso,baja,1,admin,2024-04-15 22:27:20,2024-04-23 18:17:20,,2024,Norte-Este,Norte,Este,15,0,0.00291547594742073,0,0,1,0,2.0,22,4,27,Monday,April,1,0,16,187.83333333333334,2
295,Trafico intenso por mal diseño vial #293,Las unidades de transporte operan en condiciones inseguras para los pasajeros. Los residentes están dispuestos a aportar recursos para la solución.,6,Transporte,"Callejón Cerrada San Miguel #17, Col. San Francisco, junto a la farmacia",20.276,-97.9617,nuevo,media,2,María González López,2024-04-16 04:59:29,2024-04-17 03:23:51,,2024,Norte-Oeste,Norte,Oeste,16,1,0.006236184731067654,0,0,1,0,1.0,4,4,59,Tuesday,April,2,1,16,22.406111111111112,2
294,Quema de llantas en baldío #292,Es necesario implementar medidas de protección ambiental inmediatas. La comunidad está organizada para colaborar con las autoridades. Durante las lluvias el problema se vuelve más peligroso.,7,Medio Ambiente,"Privada Niños Héroes #57, Col. El Mirador",20.2778,-97.9573,nuevo,media,1,admin,2024-04-16 15:12:53,2024-04-17 11:22:27,,2024,Norte-Este,Norte,Este,16,1,0.00825408989531495,0,1,0,0,1.0,15,4,12,Tuesday,April,2,1,16,20.159444444444443,2
298,Humedad por filtración subterránea #296,El sistema requiere limpieza profunda y reparación de conexiones dañadas. El problema coincide con fallas similares en zonas cercanas.,3,Saneamiento,"Callejón Santa Lucía #53, Col. Benito Juárez, frente al mercado",20.2748,-97.9646,nuevo,alta,2,María González López,2024-04-17 07:10:21,2024-04-17 07:35:58,,2024,Norte-Oeste,Norte,Oeste,17,2,0.006648308055444814,0,0,0,0,1.0,7,4,10,Wednesday,April,3,1,16,0.42694444444444446,2
297,Fuga de agua en tubería principal #295,Se observa proliferación de insectos y roedores debido al agua estancada. Se ha documentado el deterioro progresivo con fotografías.,3,Saneamiento,"Avenida Las Jacarandas #138, Col. Vista Alegre",20.2729,-97.95,no_aprobado,media,2,María González López,2024-04-17 10:13:51,2024-04-18 12:50:30,,2024,Norte-Este,Norte,Este,17,2,0.010412012293491596,0,1,0,0,1.0,10,4,13,Wednesday,April,2,0,16,26.610833333333332,2
296,Pozo séptico sin mantenimiento #294,Las aguas residuales están contaminando el suelo y podrían afectar pozos cercanos. La comunidad está organizada para colaborar con las autoridades.,3,Saneamiento,"Carretera Callejón del Carmen #689, Col. San Miguel, frente a la clínica",20.2758,-97.9523,resuelto,alta,1,admin,2024-04-17 14:25:51,2024-04-26 23:45:33,,2024,Norte-Este,Norte,Este,17,2,0.009640020746865914,0,1,0,0,3.0,14,4,25,Wednesday,April,3,0,16,225.32833333333335,2
301,Esquina sin rampa para discapacitados #299,Los materiales sueltos representan un riesgo tanto para peatones como para vehículos.,1,Infraestructura,"Callejón Las Jacarandas #62, Col. La Cruz",20.28,-97.9519,resuelto,alta,2,María González López,2024-04-18 03:51:35,2024-05-11 01:00:35,,2024,Norte-Este,Norte,Este,18,3,0.012868954891521426,0,0,1,0,3.0,3,4,51,Thursday,April,3,0,16,549.15,2
300,Asaltos frecuentes en calle #298,Los residentes evitan transitar por el área durante horas nocturnas.,5,Seguridad,"Calle Cerrada Los Pinos #47, Col. Santa María",20.275,-97.95,en_proceso,alta,1,admin,2024-04-18 18:02:30,2024-04-23 01:03:42,,2024,Norte-Este,Norte,Este,18,3,0.011180339887490369,0,1,0,0,2.0,18,4,2,Thursday,April,3,0,16,103.02,2
299,Agua turbia en suministro #297,Las aguas residuales están contaminando el suelo y podrían afectar pozos cercanos. Se requiere coordinación entre múltiples dependencias municipales. El problema se presenta de manera intermitente pero frecuente.,3,Saneamiento,"Avenida Anillo Periférico #1447, Col. Los Pinos",20.2773,-97.957,en_proceso,media,1,admin,2024-04-18 20:08:54,2024-04-19 23:09:08,,2024,Norte-Este,Norte,Este,18,3,0.007892401408950995,0,0,0,0,2.0,20,4,8,Thursday,April,2,0,16,27.003888888888888,2
303,Árbol caído tras tormenta #301,Se observa mortandad de flora y fauna local debido a la contaminación. Se ha documentado el deterioro progresivo con fotografías. El problema es más evidente durante las primeras horas del día.,7,Medio Ambiente,"Callejón Portal #41, Col. Lomas de Santa Anita",20.275,-97.965,en_proceso,media,1,admin,2024-04-19 05:34:08,2024-04-21 03:18:44,,2024,Norte-Oeste,Norte,Oeste,19,4,0.007071067811871605,0,0,1,0,2.0,5,4,34,Friday,April,2,0,16,45.74333333333333,2
302,Falta de mantenimiento a jardineras #300,Es necesario implementar medidas de protección ambiental inmediatas. La situación es crítica especialmente los fines de semana.,7,Medio Ambiente,"Camino Las Camelias #217, Col. Santa Matilde",20.28,-97.9574,nuevo,media,2,María González López,2024-04-19 12:32:36,2024-04-20 03:35:21,,2024,Norte-Este,Norte,Este,19,4,0.010332473082469793,0,1,0,0,1.0,12,4,32,Friday,April,2,1,16,15.045833333333333,2
304,Señal de tránsito caída #302,El mantenimiento de la flota de transporte público es deficiente.,6,Transporte,"Privada Niños Héroes #77, Col. Santa Rosa",20.2748,-97.9577,nuevo,alta,1,admin,2024-04-19 19:45:23,2024-04-20 02:06:24,,2024,Norte-Este,Norte,Este,19,4,0.005322593352864177,0,0,0,0,1.0,19,4,45,Friday,April,3,1,16,6.3502777777777775,2
306,Venta de droga en espacio público #304,Se requiere incrementar la presencia policial y mejorar la infraestructura de seguridad.,5,Seguridad,"Boulevard Bellavista #1177, Col. San José, junto al hospital",20.27,-97.9529,en_proceso,alta,1,admin,2024-04-20 04:01:20,2024-04-22 19:51:24,,2024,Norte-Este,Norte,Este,20,5,0.007099999999994111,1,0,1,0,2.0,4,4,1,Saturday,April,3,0,16,63.83444444444444,2
305,Puerta forzada en escuela pública #303,Los comerciantes han sido víctimas de robos en múltiples ocasiones. La situación ha empeorado desde la semana pasada.,5,Seguridad,"Carretera Tercera #1463, Col. Santa Cecilia",20.2707,-97.9694,nuevo,alta,2,María González López,2024-04-20 12:38:43,2024-04-22 03:11:21,,2024,Norte-Oeste,Norte,Oeste,20,5,0.00942602779541794,1,1,0,0,1.0,12,4,38,Saturday,April,3,0,16,38.54388888888889,2
309,Reclamos vecinales sin respuesta del gobierno #307,Es necesario establecer regulaciones claras para prevenir futuros conflictos.,9,Otros,"Avenida San José #378, Col. Francisco Villa",20.2567,-97.9583,no_aprobado,alta,1,admin,2024-04-21 01:49:58,2024-04-25 01:06:34,,2024,Sur-Este,Sur,Este,21,6,0.013408206442325708,1,0,1,1,1.0,1,4,49,Sunday,April,3,0,16,95.27666666666667,2
308,Zona con variaciones de voltaje #306,Los residentes reportan fallas constantes en el suministro eléctrico de la zona. El problema coincide con fallas similares en zonas cercanas. La situación es crítica especialmente los fines de semana.,2,Servicios Públicos,"Camino Hermanos Serdán #16, Col. Las Palmas",20.2752,-97.9626,resuelto,media,2,María González López,2024-04-21 04:19:56,2024-05-08 18:31:08,,2024,Norte-Oeste,Norte,Oeste,21,6,0.005813776741501792,1,0,1,0,3.0,4,4,19,Sunday,April,2,0,16,422.18666666666667,2
307,Circos o ferias con instalaciones inseguras #305,Los residentes reportan molestias continuas que alteran su calidad de vida. El problema coincide con fallas similares en zonas cercanas.,9,Otros,"Camino Principal #247, Col. San Rafael",20.2722,-97.9507,no_aprobado,baja,2,María González López,2024-04-21 22:53:13,2024-04-26 19:07:07,,2024,Norte-Este,Norte,Este,21,6,0.009556673061266455,1,0,1,0,1.0,22,4,53,Sunday,April,1,0,16,116.23166666666667,2
311,Agua turbia en suministro #309,Las aguas residuales están contaminando el suelo y podrían afectar pozos cercanos. La comunidad está organizada para colaborar con las autoridades.,3,Saneamiento,"Carretera Del Campo #100, Col. Los Pinos",20.2787,-97.96,nuevo,alta,2,María González López,2024-04-22 00:37:22,2024-04-22 18:07:38,,2024,Norte-Este,Norte,Este,22,0,0.00870000000000104,0,0,1,0,1.0,0,4,37,Monday,April,3,1,17,17.504444444444445,2
310,Conexión ilegal de luz #308,El transformador muestra signos de sobrecarga y necesita mantenimiento preventivo.,2,Servicios Públicos,"Callejón Cerrada Las Flores #35, Col. San Rafael",20.2725,-97.9629,resuelto,alta,2,María González López,2024-04-22 08:11:25,2024-05-02 17:45:20,,2024,Norte-Oeste,Norte,Oeste,22,0,0.0038288379438244998,0,1,0,0,3.0,8,4,11,Monday,April,3,0,17,249.56527777777777,2
312,Autos estacionados sobre banquetas #310,El uso inadecuado del espacio público afecta el libre tránsito de ciudadanos. El problema coincide con fallas similares en zonas cercanas.,9,Otros,"Cerrada Periférico Sur #55, Col. Lomas de Santa Anita, C.P. 73080",20.2693,-97.9569,resuelto,alta,1,admin,2024-04-22 14:16:23,2024-05-03 21:51:04,,2024,Sur-Este,Sur,Este,22,0,0.0031780497164032684,0,1,0,0,3.0,14,4,16,Monday,April,3,0,17,271.5780555555556,2
314,Maltrato animal en espacio urbano #312,La comunidad propone soluciones colaborativas para resolver el problema. Los vecinos han intentado soluciones temporales sin éxito.,9,Otros,"Calle Santa María #54, Col. Santa Rosa",20.2734,-97.9633,nuevo,media,2,María González López,2024-04-23 01:05:07,2024-04-23 16:19:04,,2024,Norte-Oeste,Norte,Oeste,23,1,0.004738143096199281,0,0,1,0,1.0,1,4,5,Tuesday,April,2,1,17,15.2325,2
315,Obras sin permiso municipal #313,El uso inadecuado del espacio público afecta el libre tránsito de ciudadanos.,9,Otros,"Cerrada Del Bosque #80, Col. La Esperanza, junto a la escuela, C.P. 73080",20.2773,-97.95,cerrado,media,2,María González López,2024-04-23 04:06:41,2024-06-23 16:09:24,,2024,Norte-Este,Norte,Este,23,1,0.012381033882508725,0,0,1,0,4.0,4,4,6,Tuesday,April,2,0,17,1476.0452777777778,2
313,Nido de avispas en parque #311,La quema irregular de materiales genera humo tóxico para la comunidad. Los residentes están dispuestos a aportar recursos para la solución.,7,Medio Ambiente,"Camino Niños Héroes #290, Col. Nuevo México",20.2692,-97.9582,resuelto,baja,1,admin,2024-04-23 11:04:08,2024-05-16 08:51:30,,2024,Sur-Este,Sur,Este,23,1,0.001969771560348137,0,1,0,0,3.0,11,4,4,Tuesday,April,1,0,17,549.7894444444445,2
317,Fosas sépticas rebosadas #315,Los malos olores afectan la calidad de vida de los residentes de la zona. Los vecinos han intentado soluciones temporales sin éxito.,3,Saneamiento,"Boulevard Josefa Ortiz #729, Col. San José",20.28,-97.95,no_aprobado,alta,1,admin,2024-04-24 00:11:18,2024-04-30 00:07:53,,2024,Norte-Este,Norte,Este,24,2,0.014142135623725625,0,0,1,0,1.0,0,4,11,Wednesday,April,3,0,17,143.94305555555556,2
316,Cables eléctricos sobre zona peatonal #314,El transformador muestra signos de sobrecarga y necesita mantenimiento preventivo. Se ha documentado el deterioro progresivo con fotografías. La situación es crítica especialmente los fines de semana.,2,Servicios Públicos,"Boulevard Las Magnolias #1088, Col. Santa María",20.2743,-97.9584,cerrado,media,2,María González López,2024-04-24 19:07:01,2024-07-24 22:05:40,,2024,Norte-Este,Norte,Este,24,2,0.004588027898781081,0,0,0,0,4.0,19,4,7,Wednesday,April,2,0,17,2186.9775,2
320,Fauna silvestre en peligro urbano #318,El problema ambiental está afectando la calidad del aire y agua en la zona. Se solicita seguimiento continuo hasta la resolución completa. Se observa un patrón de deterioro acelerado en los últimos días.,7,Medio Ambiente,"Cerrada Los Cedros #33, Col. San Antonio",20.2758,-97.9581,cerrado,baja,1,admin,2024-04-25 05:25:51,2024-05-25 18:16:41,,2024,Norte-Este,Norte,Este,25,3,0.006103277807865026,0,0,1,0,4.0,5,4,25,Thursday,April,1,0,17,732.8472222222222,2
318,Venta ilegal de medicamentos #316,Se requiere intervención sanitaria urgente para prevenir la propagación de enfermedades. El problema es más evidente durante las primeras horas del día.,8,Salud Pública,"Callejón Callejón de la Iglesia #69, Col. Lomas del Mirador",20.2727,-97.9515,cerrado,alta,1,admin,2024-04-25 06:43:18,2024-05-25 13:59:40,,2024,Norte-Este,Norte,Este,25,3,0.008918520056599615,0,0,1,0,4.0,6,4,43,Thursday,April,3,0,17,727.2727777777778,2
319,Personas haciendo fogatas en parques #317,Es necesario establecer regulaciones claras para prevenir futuros conflictos. Los comerciantes locales también han expresado su preocupación. Las condiciones climáticas recientes han agravado la situación.,9,Otros,"Privada Sexta #30, Col. Centro, cerca del centro, C.P. 73080",20.2778,-97.9557,cerrado,media,1,admin,2024-04-25 07:15:19,2024-05-26 03:49:51,,2024,Norte-Este,Norte,Este,25,3,0.008906739021662138,0,0,0,0,4.0,7,4,15,Thursday,April,2,0,17,740.5755555555555,2
322,Cárcamo sin funcionamiento #320,Las aguas residuales están contaminando el suelo y podrían afectar pozos cercanos. Durante las lluvias el problema se vuelve más peligroso.,3,Saneamiento,"Avenida Ignacio Zaragoza #1218, Col. Buenos Aires, junto a la farmacia",20.2771,-97.9556,cerrado,alta,2,María González López,2024-04-26 07:21:50,2024-07-26 22:53:06,,2024,Norte-Este,Norte,Este,26,4,0.008352843827100267,0,0,0,0,4.0,7,4,21,Friday,April,3,0,17,2199.521111111111,2
323,Fauna silvestre en peligro urbano #321,La vegetación dañada representa un riesgo para la infraestructura cercana.,7,Medio Ambiente,"Privada Constitución #63, Col. San Rafael, altura de la gasolinera",20.2777,-97.9556,en_proceso,baja,2,María González López,2024-04-26 17:21:24,2024-04-30 02:13:02,,2024,Norte-Este,Norte,Este,26,4,0.00886848352312316,0,1,0,0,2.0,17,4,21,Friday,April,1,0,17,80.86055555555555,2
321,Agua turbia en suministro #319,"La obstrucción causa desbordamientos durante las lluvias, inundando casas vecinas. Los comerciantes locales también han expresado su preocupación.",3,Saneamiento,"Avenida Avenida Juárez #160, Col. El Calvario, junto a la farmacia",20.28,-97.9556,en_proceso,alta,1,admin,2024-04-26 20:00:00,2024-05-04 02:44:15,,2024,Norte-Este,Norte,Este,26,4,0.010925200226995432,0,0,0,0,2.0,20,4,0,Friday,April,3,0,17,174.7375,2
324,Desnivel peligroso en calle #322,La falta de mantenimiento ha resultado en condiciones inseguras para la comunidad.,1,Infraestructura,"Andador Quinta #71, Col. Buenos Aires",20.2697,-97.9635,cerrado,alta,2,María González López,2024-04-27 17:24:45,2024-06-28 03:52:05,,2024,Sur-Oeste,Sur,Oeste,27,5,0.0035128336140524915,1,1,0,0,4.0,17,4,24,Saturday,April,3,0,17,1474.4555555555555,2
325,Fugas en sistema eléctrico público #323,Los residentes reportan fallas constantes en el suministro eléctrico de la zona.,2,Servicios Públicos,"Privada Rayón #75, Col. La Cruz",20.28,-97.9556,nuevo,alta,1,admin,2024-04-27 19:04:12,2024-04-27 20:25:18,,2024,Norte-Este,Norte,Este,27,5,0.010925200226995432,1,0,0,0,1.0,19,4,4,Saturday,April,3,1,17,1.3516666666666666,2
328,Parada de autobús sin techo #326,El problema vial está causando congestionamientos y accidentes menores. El problema coincide con fallas similares en zonas cercanas.,6,Transporte,"Carretera Ocampo #656, Col. San Rafael",20.2636,-97.9582,en_proceso,media,2,María González López,2024-04-28 02:25:03,2024-05-05 19:56:43,,2024,Sur-Este,Sur,Este,28,6,0.006648308055434126,1,0,1,0,2.0,2,4,25,Sunday,April,2,0,17,185.52777777777777,2
326,Publicidad invasiva en postes #324,La falta de normativa clara permite que la situación se repita constantemente.,9,Otros,"Avenida Allende #979, Col. Santa Rosa",20.2616,-97.9516,en_proceso,alta,1,admin,2024-04-28 02:42:14,2024-05-05 07:01:22,,2024,Sur-Este,Sur,Este,28,6,0.011879393923928921,1,0,1,0,2.0,2,4,42,Sunday,April,3,0,17,172.3188888888889,2
327,Animales callejeros agresivos #325,Se necesita fumigación para controlar vectores de enfermedades tropicales.,8,Salud Pública,"Callejón Segunda #30, Col. Los Pinos",20.2772,-97.9568,en_proceso,alta,1,admin,2024-04-28 07:42:52,2024-05-06 06:52:32,,2024,Norte-Este,Norte,Este,28,6,0.007879086241434753,1,0,0,0,2.0,7,4,42,Sunday,April,3,0,17,191.1611111111111,2
331,Fuga de mascotas en calle #329,La falta de normativa clara permite que la situación se repita constantemente. Los vecinos han intentado soluciones temporales sin éxito.,9,Otros,"Avenida Los Cedros #1365, Col. San Juan, junto a la farmacia",20.277,-97.9544,nuevo,alta,2,María González López,2024-04-29 05:34:32,2024-04-29 11:45:59,,2024,Norte-Este,Norte,Este,29,0,0.008964373932398967,0,0,1,0,1.0,5,4,34,Monday,April,3,1,18,6.190833333333333,2
329,Contenedor de reciclaje saturado #327,La acumulación de desechos está atrayendo fauna nociva y generando malos olores. La situación ha empeorado desde la semana pasada.,4,Limpieza,"Camino Carretera a Huauchinango #51, Col. La Esperanza",20.2671,-97.958,cerrado,media,1,admin,2024-04-29 09:02:11,2024-05-29 10:37:16,,2024,Sur-Este,Sur,Este,29,0,0.003522782990759347,0,1,0,0,4.0,9,4,2,Monday,April,2,0,18,721.5847222222222,2
330,Zona con variaciones de voltaje #328,Se requiere revisión técnica urgente para evitar cortes prolongados de energía. La situación ha empeorado desde la semana pasada.,2,Servicios Públicos,"Camino Las Rosas #199, Col. Las Flores",20.2737,-97.9518,en_proceso,media,2,María González López,2024-04-29 13:18:25,2024-04-30 19:39:36,,2024,Norte-Este,Norte,Este,29,0,0.00899611027054572,0,1,0,0,2.0,13,4,18,Monday,April,2,0,18,30.353055555555557,2
332,Quema de basura en casa particular #330,Se solicita intervención de autoridades competentes para establecer orden. La situación es crítica especialmente los fines de semana.,9,Otros,"Boulevard Leona Vicario #702, Col. El Paraíso",20.2748,-97.9633,nuevo,media,2,María González López,2024-04-30 07:24:24,2024-05-03 04:03:52,,2024,Norte-Oeste,Norte,Oeste,30,1,0.00582494635168955,0,0,0,0,1.0,7,4,24,Tuesday,April,2,0,18,68.65777777777778,2
333,Chatarra acumulada en vía pública #331,Los contenedores están dañados y no pueden contener adecuadamente la basura. El problema se intensifica durante las horas pico.,4,Limpieza,"Andador Del Bosque #24, Col. San Antonio",20.2776,-97.9646,resuelto,alta,1,admin,2024-04-30 14:03:43,2024-05-11 00:15:13,,2024,Norte-Oeste,Norte,Oeste,30,1,0.008883692925810654,0,1,0,0,3.0,14,4,3,Tuesday,April,3,0,18,250.19166666666666,2
334,Robo a casa habitación #332,Los incidentes delictivos han aumentado significativamente en esta zona.,5,Seguridad,"Cerrada Carmen Serdán #56, Col. La Cruz",20.2666,-97.9538,nuevo,alta,1,admin,2024-04-30 22:39:44,2024-05-01 20:18:54,,2024,Sur-Este,Sur,Este,30,1,0.007071067811858642,0,0,1,0,1.0,22,4,39,Tuesday,April,3,1,18,21.65277777777778,2
336,Transportes sin ventilación adecuada #334,La ruta necesita reubicación de paradas para mejorar la seguridad peatonal.,6,Transporte,"Cerrada Santa María #20, Col. San Antonio",20.27,-97.9506,nuevo,alta,2,María González López,2024-05-01 11:29:03,2024-05-02 07:18:36,,2024,Norte-Este,Norte,Este,1,2,0.009399999999999409,0,1,0,0,1.0,11,5,29,Wednesday,May,3,1,18,19.825833333333332,2
335,Circos o ferias con instalaciones inseguras #333,El uso inadecuado del espacio público afecta el libre tránsito de ciudadanos. La situación ha empeorado desde la semana pasada.,9,Otros,"Privada Colinas #28, Col. Lázaro Cárdenas, altura del puente",20.2505,-97.9619,resuelto,baja,2,María González López,2024-05-01 18:31:04,2024-05-15 12:48:31,,2024,Sur-Oeste,Sur,Oeste,1,2,0.019592345444077196,0,1,0,1,3.0,18,5,31,Wednesday,May,1,0,18,330.29083333333335,2
337,Contaminación del aire por quema #335,La vegetación dañada representa un riesgo para la infraestructura cercana.,7,Medio Ambiente,"Callejón Santo Domingo #1, Col. Solidaridad, cerca de la terminal",20.2747,-97.9564,nuevo,alta,2,María González López,2024-05-02 03:48:33,2024-05-02 23:04:47,,2024,Norte-Este,Norte,Este,2,3,0.005920304046240938,0,0,1,0,1.0,3,5,48,Thursday,May,3,1,18,19.270555555555557,2
338,Daño intencional a mobiliario urbano #336,Se requiere incrementar la presencia policial y mejorar la infraestructura de seguridad.,5,Seguridad,"Boulevard San Juan #1474, Col. Valle Verde",20.2747,-97.95,en_proceso,media,2,María González López,2024-05-02 11:58:59,2024-05-08 03:13:30,,2024,Norte-Este,Norte,Este,2,3,0.011049434374655352,0,1,0,0,2.0,11,5,58,Thursday,May,2,0,18,135.24194444444444,2
339,Fugas en sistema eléctrico público #337,La infraestructura eléctrica muestra signos de deterioro y posibles fallas de seguridad. La situación afecta particularmente a adultos mayores y niños.,2,Servicios Públicos,"Cerrada Poniente #45, Col. San Miguel",20.2738,-97.9568,nuevo,alta,1,admin,2024-05-02 21:39:17,2024-05-05 05:24:28,,2024,Norte-Este,Norte,Este,2,3,0.0049678969393462625,0,0,0,0,1.0,21,5,39,Thursday,May,3,0,18,55.753055555555555,2
341,Pavimento levantado por raíces de árbol #339,Varios vecinos han reportado tropiezos y caídas en esta zona. El problema se intensifica durante las horas pico. En horario escolar representa mayor riesgo para los menores.,1,Infraestructura,"Calle Camino Real #186, Col. Las Flores",20.2702,-97.9562,cerrado,alta,1,admin,2024-05-03 11:35:46,2024-06-04 11:36:28,,2024,Norte-Este,Norte,Este,3,4,0.0038052595180863165,0,1,0,0,4.0,11,5,35,Friday,May,3,0,18,768.0116666666667,2
342,Falta de mantenimiento a jardineras #340,La vegetación dañada representa un riesgo para la infraestructura cercana.,7,Medio Ambiente,"Cerrada Periférico Sur #72, Col. Jardines de Xicotepec",20.2717,-97.9542,nuevo,baja,2,María González López,2024-05-03 12:21:08,2024-05-03 18:16:23,,2024,Norte-Este,Norte,Este,3,4,0.006044005294498362,0,1,0,0,1.0,12,5,21,Friday,May,1,1,18,5.920833333333333,2
340,Graffiti en edificio público #338,Los comerciantes han sido víctimas de robos en múltiples ocasiones. Se observa un patrón de deterioro acelerado en los últimos días.,5,Seguridad,"Calle Los Álamos #278, Col. Centro, C.P. 73080",20.2756,-97.959,cerrado,alta,1,admin,2024-05-03 16:11:59,2024-07-04 04:25:08,,2024,Norte-Este,Norte,Este,3,4,0.00568858506133064,0,1,0,0,4.0,16,5,11,Friday,May,3,0,18,1476.2191666666668,2
343,Eventos masivos sin control #341,Se requiere mediación municipal para resolver el conflicto de manera efectiva.,9,Otros,"Andador Los Arcos #67, Col. Solidaridad, esquina principal",20.2727,-97.9557,en_proceso,alta,2,María González López,2024-05-04 00:03:44,2024-05-05 19:55:14,,2024,Norte-Este,Norte,Este,4,5,0.005077400909915413,1,0,1,0,2.0,0,5,3,Saturday,May,3,0,18,43.858333333333334,2
345,Conexión cruzada agua-potable/aguas-negras #343,La fuga representa un riesgo sanitario y desperdicio del recurso hídrico. Se requiere coordinación entre múltiples dependencias municipales. El problema es más evidente durante las primeras horas del día.,3,Saneamiento,"Callejón Matamoros #61, Col. Colinas de San Juan",20.278,-97.9577,resuelto,alta,2,María González López,2024-05-04 12:14:34,2024-05-13 14:37:27,,2024,Norte-Este,Norte,Este,4,5,0.008324061508659393,1,1,0,0,3.0,12,5,14,Saturday,May,3,0,18,218.3813888888889,2
344,Poste de concreto dañado #342,Varios vecinos han reportado tropiezos y caídas en esta zona. La situación ha empeorado desde la semana pasada.,1,Infraestructura,"Camino Las Américas #177, Col. La Cruz",20.2723,-97.9547,nuevo,alta,2,María González López,2024-05-04 13:02:27,2024-05-07 02:38:55,,2024,Norte-Este,Norte,Este,4,5,0.005777542730254338,1,1,0,0,1.0,13,5,2,Saturday,May,3,0,18,61.60777777777778,2
346,Pozo de absorción colapsado #344,Se observa proliferación de insectos y roedores debido al agua estancada. La comunidad está organizada para colaborar con las autoridades.,3,Saneamiento,"Carretera Hermanos Serdán #437, Col. Las Palmas",20.2772,-97.952,nuevo,alta,2,María González López,2024-05-05 05:59:48,2024-05-05 17:52:47,,2024,Norte-Este,Norte,Este,5,6,0.01076289923765633,1,0,1,0,1.0,5,5,59,Sunday,May,3,1,18,11.883055555555556,2
347,Fuga de mascotas en calle #345,Se solicita intervención de autoridades competentes para establecer orden. Los residentes están dispuestos a aportar recursos para la solución.,9,Otros,"Boulevard Plutarco Elías Calles #235, Col. Santa Cecilia, C.P. 73080",20.2704,-97.95,resuelto,media,2,María González López,2024-05-05 16:13:36,2024-06-01 11:39:19,,2024,Norte-Este,Norte,Este,5,6,0.010007996802548318,1,1,0,0,3.0,16,5,13,Sunday,May,2,0,18,643.4286111111111,2
349,Daño intencional a mobiliario urbano #347,Se requiere incrementar la presencia policial y mejorar la infraestructura de seguridad. La situación ha empeorado desde la semana pasada.,5,Seguridad,"Andador Las Magnolias #71, Col. La Huerta",20.2722,-97.9565,en_proceso,alta,2,María González López,2024-05-06 08:48:17,2024-05-07 09:18:15,,2024,Norte-Este,Norte,Este,6,0,0.004134005321710017,0,1,0,0,2.0,8,5,48,Monday,May,3,0,19,24.499444444444446,2
348,Humedad saliendo de registro de drenaje #346,La fuga representa un riesgo sanitario y desperdicio del recurso hídrico. Se requiere coordinación entre múltiples dependencias municipales.,3,Saneamiento,"Carretera Reforma #545, Col. Lázaro Cárdenas",20.2789,-97.9547,cerrado,alta,2,María González López,2024-05-06 08:57:36,2024-06-06 14:05:51,,2024,Norte-Este,Norte,Este,6,0,0.010358571330058838,0,1,0,0,4.0,8,5,57,Monday,May,3,0,19,749.1375,2
350,Bache profundo en avenida principal #348,La superficie irregular dificulta el tránsito y acceso para personas con discapacidad.,1,Infraestructura,"Avenida Santa Lucía #1385, Col. San Antonio",20.2673,-97.9594,nuevo,alta,1,admin,2024-05-06 12:00:53,2024-05-07 02:16:49,,2024,Sur-Este,Sur,Este,6,0,0.0027658633371868153,0,1,0,0,1.0,12,5,0,Monday,May,3,1,19,14.265555555555556,2
351,Ramas obstruyendo cables eléctricos #349,El ruido excesivo afecta el descanso y bienestar de los residentes.,7,Medio Ambiente,"Camino Juárez #58, Col. San Antonio",20.274,-97.95,en_proceso,media,2,María González López,2024-05-07 03:28:48,2024-05-11 02:20:39,,2024,Norte-Este,Norte,Este,7,1,0.010770329614261059,0,0,1,0,2.0,3,5,28,Tuesday,May,2,0,19,94.86416666666666,2
353,Banqueta colapsada por raíces #351,"El deterioro ha empeorado con las lluvias recientes, creando condiciones peligrosas. El problema coincide con fallas similares en zonas cercanas. La situación ha empeorado desde la semana pasada.",1,Infraestructura,"Boulevard Callejón San José #971, Col. Lomas de Santa Anita, junto al DIF",20.2753,-97.9552,resuelto,media,1,admin,2024-05-07 09:30:08,2024-05-24 07:22:03,,2024,Norte-Este,Norte,Este,7,1,0.00715052445628377,0,1,0,0,3.0,9,5,30,Tuesday,May,2,0,19,405.8652777777778,2
352,Unidades de transporte muy sucias #350,Los horarios irregulares afectan la movilidad de trabajadores y estudiantes.,6,Transporte,"Carretera Insurgentes #363, Col. Las Palmas, C.P. 73080",20.2662,-97.9602,nuevo,baja,1,admin,2024-05-07 18:11:40,2024-05-07 21:23:38,,2024,Sur-Oeste,Sur,Oeste,7,1,0.0038052595180866904,0,1,0,0,1.0,18,5,11,Tuesday,May,1,1,19,3.1994444444444445,2
354,Material de construcción obstruyendo calle #352,El daño estructural requiere reparación urgente antes de que cause accidentes graves. El problema coincide con fallas similares en zonas cercanas.,1,Infraestructura,"Cerrada Boulevard Benito Juárez #20, Col. Solidaridad",20.2787,-97.9552,en_proceso,alta,1,admin,2024-05-08 16:45:27,2024-05-11 20:34:55,,2024,Norte-Este,Norte,Este,8,2,0.009936297097003022,0,1,0,0,2.0,16,5,45,Wednesday,May,3,0,19,75.82444444444444,2
356,Autos estacionados sobre banquetas #354,Se solicita intervención de autoridades competentes para establecer orden.,9,Otros,"Privada Vicente Guerrero #30, Col. Rincón de los Ángeles",20.2686,-97.9586,en_proceso,baja,1,admin,2024-05-08 18:50:06,2024-05-15 01:11:10,,2024,Sur-Este,Sur,Este,8,2,0.0019798989873152065,0,1,0,0,2.0,18,5,50,Wednesday,May,1,0,19,150.35111111111112,2
355,Malos olores por fuga de aguas negras #353,Los vecinos reportan problemas de salud relacionados con la contaminación del agua.,3,Saneamiento,"Boulevard Calle Otoño #265, Col. Francisco Villa",20.2781,-97.9536,nuevo,alta,2,María González López,2024-05-08 22:39:21,2024-05-09 21:22:54,,2024,Norte-Este,Norte,Este,8,2,0.010323274674248135,0,0,1,0,1.0,22,5,39,Wednesday,May,3,1,19,22.725833333333334,2
357,Ruido excesivo por maquinaria #355,Los desechos químicos están contaminando el suelo y fuentes de agua. Se observa un patrón de deterioro acelerado en los últimos días.,7,Medio Ambiente,"Calle Avenida Revolución #48, Col. El Paraíso",20.2729,-97.9575,cerrado,alta,2,María González López,2024-05-09 05:21:43,2024-07-10 05:16:32,,2024,Norte-Este,Norte,Este,9,3,0.0038288379438141075,0,0,1,0,4.0,5,5,21,Thursday,May,3,0,19,1487.913611111111,2
358,Alumbrado público apagado en colonia #356,"La comunidad ha estado sin servicio confiable, afectando sus actividades diarias.",2,Servicios Públicos,"Camino Carretera Federal 119 #64, Col. Lomas de Santa Anita",20.2708,-97.958,nuevo,baja,1,admin,2024-05-09 21:34:04,2024-05-10 21:01:42,,2024,Norte-Este,Norte,Este,9,3,0.0021540659228501007,0,0,0,0,1.0,21,5,34,Thursday,May,1,1,19,23.460555555555555,2
359,Foco de infección por basura #357,Las condiciones insalubres están causando enfermedades respiratorias y gastrointestinales.,8,Salud Pública,"Privada Carretera Estatal #28, Col. La Cruz",20.2674,-97.9572,resuelto,alta,1,admin,2024-05-10 00:33:27,2024-05-17 20:55:35,,2024,Sur-Este,Sur,Este,10,4,0.00382099463490449,0,0,1,0,3.0,0,5,33,Friday,May,3,0,19,188.36888888888888,2
360,Carril de bicicleta obstruido #358,Las unidades de transporte operan en condiciones inseguras para los pasajeros.,6,Transporte,"Andador Calle del Carmen #12, Col. Centro",20.2759,-97.9571,resuelto,media,1,admin,2024-05-10 11:35:51,2024-05-21 07:13:58,,2024,Norte-Este,Norte,Este,10,4,0.0065741919655564396,0,1,0,0,3.0,11,5,35,Friday,May,2,0,19,259.6352777777778,2
361,Circos o ferias con instalaciones inseguras #359,Se requiere mediación municipal para resolver el conflicto de manera efectiva. Los comerciantes locales también han expresado su preocupación.,9,Otros,"Avenida Avenida de la Juventud #101, Col. La Libertad",20.2796,-97.9571,nuevo,alta,1,admin,2024-05-10 19:37:44,2024-05-11 00:05:38,,2024,Norte-Este,Norte,Este,10,4,0.01002845950283298,0,0,0,0,1.0,19,5,37,Friday,May,3,1,19,4.465,2
362,Venta de droga en espacio público #360,Los incidentes delictivos han aumentado significativamente en esta zona.,5,Seguridad,"Camino Calle Esperanza #157, Col. Emiliano Zapata",20.2745,-97.95,en_proceso,alta,1,admin,2024-05-11 08:32:36,2024-05-15 00:35:57,,2024,Norte-Este,Norte,Este,11,5,0.010965856099722431,1,1,0,0,2.0,8,5,32,Saturday,May,3,0,19,88.05583333333334,2
364,Choferes con música muy alta #362,La ruta necesita reubicación de paradas para mejorar la seguridad peatonal.,6,Transporte,"Cerrada Cerrada Los Pinos #23, Col. San Francisco",20.2756,-97.9566,cerrado,media,2,María González López,2024-05-11 19:59:58,2024-06-12 15:34:01,,2024,Norte-Este,Norte,Este,11,5,0.006551335741664247,1,0,0,0,4.0,19,5,59,Saturday,May,2,0,19,763.5675,2
363,Choferes con música muy alta #361,El problema vial está causando congestionamientos y accidentes menores. Durante las lluvias el problema se vuelve más peligroso.,6,Transporte,"Camino Andador Guadalupe #31, Col. Emiliano Zapata",20.28,-97.9574,en_proceso,media,2,María González López,2024-05-11 20:41:21,2024-05-19 18:36:34,,2024,Norte-Este,Norte,Este,11,5,0.010332473082469793,1,0,0,0,2.0,20,5,41,Saturday,May,2,0,19,189.92027777777778,2
367,Incendio provocado en basurero #365,Los incidentes delictivos han aumentado significativamente en esta zona. Se requiere coordinación entre múltiples dependencias municipales. La situación es crítica especialmente los fines de semana.,5,Seguridad,"Cerrada Libramiento #65, Col. La Cruz",20.2745,-97.9517,resuelto,media,1,admin,2024-05-12 08:18:31,2024-05-26 08:49:54,,2024,Norte-Este,Norte,Este,12,6,0.009441398201530182,1,1,0,0,3.0,8,5,18,Sunday,May,2,0,19,336.5230555555556,2
365,Red de agua sin presión constante #363,"La comunidad ha estado sin servicio confiable, afectando sus actividades diarias. Se requiere coordinación entre múltiples dependencias municipales.",2,Servicios Públicos,"Camino Residencial #54, Col. El Paraíso, frente al OXXO",20.2758,-97.9564,nuevo,media,2,María González López,2024-05-12 08:46:16,2024-05-12 22:39:57,,2024,Norte-Este,Norte,Este,12,6,0.00682641926634657,1,1,0,0,1.0,8,5,46,Sunday,May,2,1,19,13.894722222222223,2
366,Conexión ilegal de luz #364,La infraestructura eléctrica muestra signos de deterioro y posibles fallas de seguridad. Los residentes están dispuestos a aportar recursos para la solución.,2,Servicios Públicos,"Avenida Las Américas #401, Col. Lázaro Cárdenas",20.2755,-97.9617,resuelto,media,1,admin,2024-05-12 20:48:42,2024-05-24 18:38:38,,2024,Norte-Oeste,Norte,Oeste,12,6,0.005756735185850912,1,0,0,0,3.0,20,5,48,Sunday,May,2,0,19,285.83222222222224,2
369,Basura flotante en río #367,Se solicita inspección ambiental y aplicación de sanciones correspondientes.,7,Medio Ambiente,"Avenida Degollado #714, Col. Nuevo México, frente al OXXO",20.2694,-97.9516,no_aprobado,alta,2,María González López,2024-05-13 13:25:24,2024-05-15 10:34:00,,2024,Sur-Este,Sur,Este,13,0,0.008421401308565469,0,1,0,0,1.0,13,5,25,Monday,May,3,0,20,45.14333333333333,2
368,Circos o ferias con instalaciones inseguras #366,La situación está afectando la convivencia pacífica y el orden público.,9,Otros,"Callejón Plaza #6, Col. Rincón de los Ángeles",20.2736,-97.95,cerrado,alta,2,María González López,2024-05-13 16:44:18,2024-07-13 18:22:11,,2024,Norte-Este,Norte,Este,13,0,0.010628264204460145,0,1,0,0,4.0,16,5,44,Monday,May,3,0,20,1465.631388888889,2
372,Vertido de aceite en calle #370,El problema ambiental está afectando la calidad del aire y agua en la zona.,7,Medio Ambiente,"Carretera Venustiano Carranza #824, Col. Santa María",20.2788,-97.9665,cerrado,baja,1,admin,2024-05-14 11:33:41,2024-06-15 00:34:29,,2024,Norte-Oeste,Norte,Oeste,14,1,0.01094029250066232,0,1,0,0,4.0,11,5,33,Tuesday,May,1,0,20,757.0133333333333,2
370,Semáforo descompuesto en cruce #368,El problema vial está causando congestionamientos y accidentes menores. El problema coincide con fallas similares en zonas cercanas.,6,Transporte,"Camino Benito Juárez #222, Col. San José",20.2778,-97.9612,nuevo,alta,2,María González López,2024-05-14 12:26:55,2024-05-16 12:19:18,,2024,Norte-Oeste,Norte,Oeste,14,1,0.007891767862780869,0,1,0,0,1.0,12,5,26,Tuesday,May,3,0,20,47.87305555555555,2
371,Ruido excesivo por maquinaria #369,El problema ambiental está afectando la calidad del aire y agua en la zona. Los comerciantes locales también han expresado su preocupación.,7,Medio Ambiente,"Privada Loma Bonita #73, Col. La Huerta",20.2787,-97.9501,cerrado,alta,1,admin,2024-05-14 21:02:59,2024-08-14 23:37:42,,2024,Norte-Este,Norte,Este,14,1,0.013179529581884638,0,0,0,0,4.0,21,5,2,Tuesday,May,3,0,20,2210.578611111111,2
375,Parada de autobús sin techo #373,Los peatones no tienen cruzamentos seguros en esta intersección de alto tráfico.,6,Transporte,"Cerrada Avenida Tecnológico #39, Col. Benito Juárez",20.2726,-97.9602,nuevo,alta,1,admin,2024-05-15 02:35:48,2024-05-16 01:13:26,,2024,Norte-Oeste,Norte,Oeste,15,2,0.0026076809620826113,0,0,1,0,1.0,2,5,35,Wednesday,May,3,1,20,22.627222222222223,2
374,Contaminación visual por anuncios ilegales #372,La quema irregular de materiales genera humo tóxico para la comunidad.,7,Medio Ambiente,"Boulevard Carmen Serdán #571, Col. Santa María, altura de la gasolinera",20.2754,-97.9626,cerrado,media,2,María González López,2024-05-15 19:26:55,2024-06-15 20:16:30,,2024,Norte-Oeste,Norte,Oeste,15,2,0.005993329625510598,0,0,0,0,4.0,19,5,26,Wednesday,May,2,0,20,744.8263888888889,2
373,Contaminación del aire por quema #371,El problema ambiental está afectando la calidad del aire y agua en la zona.,7,Medio Ambiente,"Callejón Boulevard Benito Juárez #36, Col. Buenos Aires",20.2761,-97.9511,resuelto,alta,1,admin,2024-05-15 23:10:08,2024-06-03 07:45:53,,2024,Norte-Este,Norte,Este,15,2,0.010789810007592668,0,0,1,0,3.0,23,5,10,Wednesday,May,3,0,20,440.59583333333336,2
376,Interruptores públicos dañados #374,Los residentes reportan fallas constantes en el suministro eléctrico de la zona. La comunidad está organizada para colaborar con las autoridades.,2,Servicios Públicos,"Andador Primera #77, Col. La Cruz",20.2741,-97.9652,en_proceso,media,1,admin,2024-05-16 00:26:59,2024-05-21 23:54:41,,2024,Norte-Oeste,Norte,Oeste,16,3,0.006621933252459647,0,0,1,0,2.0,0,5,26,Thursday,May,2,0,20,143.46166666666667,2
377,Medicamentos caducados en clínica #375,Los servicios de salud son insuficientes para atender la demanda de la población. En horario escolar representa mayor riesgo para los menores.,8,Salud Pública,"Privada Francisco I. Madero #42, Col. San Antonio, C.P. 73080",20.2725,-97.9519,resuelto,baja,1,admin,2024-05-16 06:02:17,2024-06-03 09:35:48,,2024,Norte-Este,Norte,Este,16,3,0.008477027781008409,0,0,1,0,3.0,6,5,2,Thursday,May,1,0,20,435.55861111111113,2
380,Falta de agua potable en clínica #378,Las condiciones insalubres están causando enfermedades respiratorias y gastrointestinales. Se requiere coordinación entre múltiples dependencias municipales.,8,Salud Pública,"Privada Carretera Estatal #73, Col. Lomas del Mirador",20.2796,-97.9542,resuelto,alta,1,admin,2024-05-17 11:35:31,2024-05-31 05:38:41,,2024,Norte-Este,Norte,Este,17,4,0.011216059914243742,0,1,0,0,3.0,11,5,35,Friday,May,3,0,20,330.0527777777778,2
379,Grietas en muros de contención #377,El área afectada está en una zona de alto tráfico peatonal y necesita atención inmediata. La situación afecta particularmente a adultos mayores y niños.,1,Infraestructura,"Privada Avenida Central #66, Col. Lomas del Mirador",20.2724,-97.9561,nuevo,media,1,admin,2024-05-17 11:41:24,2024-05-17 13:49:29,,2024,Norte-Este,Norte,Este,17,4,0.00457930125673215,0,1,0,0,1.0,11,5,41,Friday,May,2,1,20,2.1347222222222224,2
378,Incendio provocado en basurero #376,La comunidad solicita patrullajes más frecuentes y puntos de vigilancia.,5,Seguridad,"Cerrada Álvaro Obregón #25, Col. Valle Verde",20.2775,-97.9559,resuelto,alta,1,admin,2024-05-17 15:15:55,2024-06-04 14:40:41,,2024,Norte-Este,Norte,Este,17,4,0.00854751425854061,0,1,0,0,3.0,15,5,15,Friday,May,3,0,20,431.41277777777776,2
382,Agua estancada con larvas #380,Los malos olores afectan la calidad de vida de los residentes de la zona.,3,Saneamiento,"Boulevard Calle de la Paz #442, Col. Lomas de Santa Anita, cerca del panteón",20.2763,-97.9528,nuevo,alta,1,admin,2024-05-18 09:15:52,2024-05-20 04:14:06,,2024,Norte-Este,Norte,Este,18,5,0.00956713123145894,1,1,0,0,1.0,9,5,15,Saturday,May,3,0,20,42.970555555555556,2
383,Mobiliario roto abandonado en calle #381,El servicio de recolección no ha pasado por esta zona en más de una semana.,4,Limpieza,"Andador Francisco I. Madero #65, Col. Jardines de Xicotepec",20.2684,-97.9605,resuelto,baja,2,María González López,2024-05-18 12:00:20,2024-06-15 16:17:53,,2024,Sur-Oeste,Sur,Oeste,18,5,0.001676305461424565,1,1,0,0,3.0,12,5,0,Saturday,May,1,0,20,676.2925,2
381,Tubería rota en zona habitacional #379,El sistema requiere limpieza profunda y reparación de conexiones dañadas. La situación afecta particularmente a adultos mayores y niños. El problema es más evidente durante las primeras horas del día.,3,Saneamiento,"Andador Carretera Estatal #50, Col. Santa Matilde",20.2522,-97.9612,en_proceso,media,1,admin,2024-05-18 18:32:41,2024-05-22 01:22:10,,2024,Sur-Oeste,Sur,Oeste,18,5,0.01784040358288086,1,1,0,1,2.0,18,5,32,Saturday,May,2,0,20,78.82472222222222,2
385,Ambulancias sin mantenimiento #383,Las condiciones insalubres están causando enfermedades respiratorias y gastrointestinales.,8,Salud Pública,"Andador Callejón de la Cruz #34, Col. Vista Alegre",20.2663,-97.9681,resuelto,alta,2,María González López,2024-05-19 10:21:46,2024-06-17 08:23:59,,2024,Sur-Oeste,Sur,Oeste,19,6,0.008905054744368555,1,1,0,0,3.0,10,5,21,Sunday,May,3,0,20,694.0369444444444,2
384,Alcantarilla obstruida con basura #382,Los vecinos reportan problemas de salud relacionados con la contaminación del agua. En horario escolar representa mayor riesgo para los menores.,3,Saneamiento,"Calle Avenida Constitución #57, Col. San Juan",20.2798,-97.9502,resuelto,alta,1,admin,2024-05-19 16:51:09,2024-06-06 19:50:39,,2024,Norte-Este,Norte,Este,19,6,0.013859292911256689,1,1,0,0,3.0,16,5,51,Sunday,May,3,0,20,434.9916666666667,2
386,Fauna silvestre en peligro urbano #384,El problema ambiental está afectando la calidad del aire y agua en la zona. Las condiciones climáticas recientes han agravado la situación.,7,Medio Ambiente,"Calle Avenida Hidalgo #279, Col. El Calvario",20.2742,-97.9594,resuelto,media,2,María González López,2024-05-19 17:22:12,2024-06-18 19:40:05,,2024,Norte-Este,Norte,Este,19,6,0.004242640687118943,1,1,0,0,3.0,17,5,22,Sunday,May,2,0,20,722.2980555555556,2
387,Poste de luz intermitente #385,Los equipos presentan ruidos anormales y podrían fallar completamente pronto. Los comerciantes locales también han expresado su preocupación.,2,Servicios Públicos,"Andador Andador La Paz #64, Col. El Calvario, cerca del zócalo",20.28,-97.9601,en_proceso,baja,1,admin,2024-05-20 00:32:25,2024-05-25 12:26:59,,2024,Norte-Oeste,Norte,Oeste,20,0,0.010000499987502222,0,0,1,0,2.0,0,5,32,Monday,May,1,0,21,131.90944444444443,2
388,Maleza invadiendo banquetas #386,Los desechos químicos están contaminando el suelo y fuentes de agua.,7,Medio Ambiente,"Carretera Avenida Tecnológico #733, Col. Lomas del Mirador",20.2722,-97.9518,cerrado,alta,1,admin,2024-05-20 08:16:22,2024-06-20 21:10:53,,2024,Norte-Este,Norte,Este,20,0,0.008489994110705367,0,1,0,0,4.0,8,5,16,Monday,May,3,0,21,756.9086111111111,2
391,Tubería pluvial desconectada #389,El sistema requiere limpieza profunda y reparación de conexiones dañadas.,3,Saneamiento,"Camino Boulevard Benito Juárez #228, Col. La Esperanza",20.2773,-97.9557,cerrado,alta,2,María González López,2024-05-21 00:08:29,2024-07-21 15:20:02,,2024,Norte-Este,Norte,Este,21,1,0.008472307831991023,0,0,1,0,4.0,0,5,8,Tuesday,May,3,0,21,1479.1925,2
389,Humo constante en zona residencial #387,La quema irregular de materiales genera humo tóxico para la comunidad.,7,Medio Ambiente,"Boulevard Calle Luna #406, Col. Revolución, cerca de la terminal",20.2739,-97.9604,en_proceso,media,1,admin,2024-05-21 01:48:20,2024-05-24 05:45:37,,2024,Norte-Oeste,Norte,Oeste,21,1,0.003920459156785447,0,0,1,0,2.0,1,5,48,Tuesday,May,2,0,21,75.95472222222222,2
390,Falta de mantenimiento a jardineras #388,Es necesario implementar medidas de protección ambiental inmediatas.,7,Medio Ambiente,"Boulevard Aquiles Serdán #1141, Col. Santa Cecilia",20.2777,-97.9513,nuevo,media,2,María González López,2024-05-21 08:38:22,2024-05-21 13:59:09,,2024,Norte-Este,Norte,Este,21,1,0.011618089343770337,0,1,0,0,1.0,8,5,38,Tuesday,May,2,1,21,5.346388888888889,2
392,Charcos permanentes en calle #390,La fuga representa un riesgo sanitario y desperdicio del recurso hídrico. En horario escolar representa mayor riesgo para los menores.,3,Saneamiento,"Cerrada Calle de la Paz #47, Col. Los Pinos",20.272,-97.9643,nuevo,alta,2,María González López,2024-05-22 03:29:11,2024-05-22 04:17:16,,2024,Norte-Oeste,Norte,Oeste,22,2,0.00474236228055186,0,0,1,0,1.0,3,5,29,Wednesday,May,3,1,21,0.8013888888888889,2
393,Transformador con fugas de aceite #391,El servicio ha estado interrumpido por más de 48 horas afectando a múltiples familias.,2,Servicios Públicos,"Boulevard Cerrada Las Flores #720, Col. Benito Juárez, junto a la escuela",20.2756,-97.954,en_proceso,media,2,María González López,2024-05-22 07:59:30,2024-05-29 18:19:52,,2024,Norte-Este,Norte,Este,22,2,0.008207313811474234,0,0,0,0,2.0,7,5,59,Wednesday,May,2,0,21,178.33944444444444,2
394,Tubería de gas expuesta #392,El problema afecta el funcionamiento normal de comercios y hogares del sector. El problema es más evidente durante las primeras horas del día.,2,Servicios Públicos,"Calle Callejón San José #106, Col. Centro",20.2784,-97.9577,en_proceso,media,1,admin,2024-05-22 19:15:47,2024-05-27 06:44:04,,2024,Norte-Este,Norte,Este,22,2,0.008709190547920525,0,0,0,0,2.0,19,5,15,Wednesday,May,2,0,21,107.4713888888889,2
395,Venta de pirotecnia ilegal #393,Se requiere mediación municipal para resolver el conflicto de manera efectiva.,9,Otros,"Camino Carretera Federal 119 #241, Col. La Libertad, frente al mercado",20.2728,-97.953,resuelto,alta,2,María González López,2024-05-23 05:16:51,2024-06-07 23:04:53,,2024,Norte-Este,Norte,Este,23,3,0.007539230729979971,0,0,1,0,3.0,5,5,16,Thursday,May,3,0,21,377.80055555555555,2
396,Falta de señalética de obra en construcción #394,El daño estructural requiere reparación urgente antes de que cause accidentes graves.,1,Infraestructura,"Cerrada Colinas #69, Col. La Cruz, junto al DIF",20.2755,-97.9557,resuelto,alta,1,admin,2024-05-23 18:32:46,2024-06-14 22:18:08,,2024,Norte-Este,Norte,Este,23,3,0.006981403870284314,0,1,0,0,3.0,18,5,32,Thursday,May,3,0,21,531.7561111111111,2
397,Humedad saliendo de registro de drenaje #395,Las aguas residuales están contaminando el suelo y podrían afectar pozos cercanos. La comunidad está organizada para colaborar con las autoridades.,3,Saneamiento,"Avenida Santa Ana #365, Col. San Juan",20.2746,-97.9583,resuelto,media,2,María González López,2024-05-23 19:05:11,2024-06-22 22:19:27,,2024,Norte-Este,Norte,Este,23,3,0.004904079934095491,0,0,0,0,3.0,19,5,5,Thursday,May,2,0,21,723.2377777777778,2
399,Humo constante en zona residencial #397,Los niveles de contaminación han aumentado por la actividad industrial no regulada. La comunidad está organizada para colaborar con las autoridades.,7,Medio Ambiente,"Carretera Calle Victoria #1123, Col. Santa María",20.2695,-97.9556,nuevo,media,1,admin,2024-05-24 01:49:45,2024-05-25 01:47:37,,2024,Sur-Este,Sur,Este,24,4,0.0044283179650865855,0,0,1,0,1.0,1,5,49,Friday,May,2,1,21,23.964444444444446,2
398,Contenedor de basura desbordado #396,Se observan materiales peligrosos mezclados con residuos domésticos comunes.,4,Limpieza,"Boulevard Colinas #330, Col. Santa Cecilia, frente a la clínica",20.27,-97.9657,cerrado,alta,1,admin,2024-05-24 15:32:36,2024-08-25 05:53:43,,2024,Norte-Oeste,Norte,Oeste,24,4,0.005700000000004479,0,1,0,0,4.0,15,5,32,Friday,May,3,0,21,2222.3519444444446,2
400,Toma de agua sin tapa #398,"La comunidad ha estado sin servicio confiable, afectando sus actividades diarias. Se ha documentado el deterioro progresivo con fotografías.",2,Servicios Públicos,"Privada Vía Corta a Pantepec #5, Col. El Mirador, frente al mercado",20.2726,-97.9569,nuevo,alta,1,admin,2024-05-25 06:00:38,2024-05-25 12:36:31,,2024,Norte-Este,Norte,Este,25,5,0.0040459856648211966,1,0,1,0,1.0,6,5,0,Saturday,May,3,1,21,6.598055555555556,2
401,Refugio de animales con condiciones antihigiénicas #399,La situación representa un riesgo grave de brote epidemiológico en la comunidad.,8,Salud Pública,"Andador Norte #22, Col. Francisco Villa",20.276,-97.9619,cerrado,alta,1,admin,2024-05-25 11:45:49,2024-07-26 03:22:33,,2024,Norte-Oeste,Norte,Oeste,25,5,0.006293647591025924,1,1,0,0,4.0,11,5,45,Saturday,May,3,0,21,1479.6122222222223,2
402,Bache profundo en avenida principal #400,El área afectada está en una zona de alto tráfico peatonal y necesita atención inmediata.,1,Infraestructura,"Boulevard Matamoros #970, Col. Las Palmas",20.2766,-97.9585,en_proceso,alta,1,admin,2024-05-25 16:17:35,2024-06-01 21:12:31,,2024,Norte-Este,Norte,Este,25,5,0.006768308503604383,1,1,0,0,2.0,16,5,17,Saturday,May,3,0,21,172.91555555555556,2
403,Falta de tapas en registros de drenaje #401,Es urgente restaurar el flujo normal para prevenir problemas de salud pública.,3,Saneamiento,"Callejón Calle del Carmen #5, Col. Santa María",20.2628,-97.9575,cerrado,baja,1,admin,2024-05-26 03:48:05,2024-08-26 20:14:47,,2024,Sur-Este,Sur,Este,26,6,0.007621679604916674,1,0,1,0,4.0,3,5,48,Sunday,May,1,0,21,2224.445,2
405,Tala no autorizada de árboles #403,Es necesario implementar medidas de protección ambiental inmediatas. Las condiciones climáticas recientes han agravado la situación.,7,Medio Ambiente,"Privada Guerrero #19, Col. Las Flores, frente a la clínica",20.28,-97.9635,en_proceso,media,1,admin,2024-05-26 16:28:58,2024-06-02 18:55:30,,2024,Norte-Oeste,Norte,Oeste,26,6,0.010594810050210847,1,1,0,0,2.0,16,5,28,Sunday,May,2,0,21,170.44222222222223,2
404,Alcantarilla obstruida con basura #402,Las aguas residuales están contaminando el suelo y podrían afectar pozos cercanos. Se ha documentado el deterioro progresivo con fotografías. Durante las lluvias el problema se vuelve más peligroso.,3,Saneamiento,"Avenida Las Rosas #240, Col. El Paraíso",20.2746,-97.9591,en_proceso,baja,1,admin,2024-05-26 19:23:26,2024-05-28 12:56:03,,2024,Norte-Este,Norte,Este,26,6,0.004687216658100676,1,0,0,0,2.0,19,5,23,Sunday,May,1,0,21,41.54361111111111,2
407,Cárcamo sin funcionamiento #405,Es urgente restaurar el flujo normal para prevenir problemas de salud pública.,3,Saneamiento,"Carretera Calle Flores #448, Col. Santa Cecilia",20.2722,-97.9561,nuevo,alta,2,María González López,2024-05-27 06:11:05,2024-05-28 02:13:09,,2024,Norte-Este,Norte,Este,27,0,0.004477722635437584,0,0,1,0,1.0,6,5,11,Monday,May,3,1,22,20.034444444444443,2
406,Transformador con fugas de aceite #404,El problema afecta el funcionamiento normal de comercios y hogares del sector. Se solicita seguimiento continuo hasta la resolución completa.,2,Servicios Públicos,"Andador Sexta #70, Col. San Miguel, junto a la farmacia",20.2676,-97.9601,nuevo,media,2,María González López,2024-05-27 19:41:14,2024-05-27 22:28:10,,2024,Sur-Oeste,Sur,Oeste,27,0,0.002402082429890962,0,0,0,0,1.0,19,5,41,Monday,May,2,1,22,2.7822222222222224,2
408,Focos rotos en la vía pública #406,El servicio de recolección no ha pasado por esta zona en más de una semana. El problema se intensifica durante las horas pico. En horario escolar representa mayor riesgo para los menores.,4,Limpieza,"Boulevard Boulevard Héroes de Puebla #660, Col. San José",20.28,-97.9596,en_proceso,alta,1,admin,2024-05-27 21:35:50,2024-05-30 23:47:33,,2024,Norte-Este,Norte,Este,27,0,0.010007996802558967,0,0,0,0,2.0,21,5,35,Monday,May,3,0,22,74.19527777777778,2
409,Daño intencional a mobiliario urbano #407,"Las cámaras de seguridad no funcionan, dejando la zona sin monitoreo. Se ha documentado el deterioro progresivo con fotografías.",5,Seguridad,"Boulevard Niños Héroes #1233, Col. El Calvario",20.2759,-97.9554,en_proceso,alta,1,admin,2024-05-28 04:40:46,2024-05-31 23:17:19,,2024,Norte-Este,Norte,Este,28,1,0.007481310045705376,0,0,1,0,2.0,4,5,40,Tuesday,May,3,0,22,90.60916666666667,2
410,Animales muertos no retirados de vía #408,Es necesario incrementar la frecuencia de recolección en esta área de alta densidad. Los residentes están dispuestos a aportar recursos para la solución.,4,Limpieza,"Avenida Vista Verde #1043, Col. La Cruz, frente al OXXO",20.2535,-97.9555,en_proceso,media,2,María González López,2024-05-28 09:35:37,2024-06-03 02:08:26,,2024,Sur-Este,Sur,Este,28,1,0.01710263137648585,0,1,0,1,2.0,9,5,35,Tuesday,May,2,0,22,136.54694444444445,2
412,Grupo de personas intimidando en calle #410,Es urgente implementar medidas preventivas antes de que ocurran incidentes graves. El problema se intensifica durante las horas pico.,5,Seguridad,"Andador Quinta #73, Col. San Juan",20.2717,-97.9616,en_proceso,alta,1,admin,2024-05-29 06:21:00,2024-06-04 13:11:30,,2024,Norte-Oeste,Norte,Oeste,29,2,0.002334523505992636,0,0,1,0,2.0,6,5,21,Wednesday,May,3,0,22,150.84166666666667,2
413,Rejilla de desagüe hundida #411,La falta de mantenimiento ha resultado en condiciones inseguras para la comunidad.,1,Infraestructura,"Cerrada Campestre #42, Col. Lomas del Mirador",20.2677,-97.9565,en_proceso,alta,2,María González López,2024-05-29 06:23:18,2024-05-31 02:38:03,,2024,Sur-Este,Sur,Este,29,2,0.004188078318263606,0,0,1,0,2.0,6,5,23,Wednesday,May,3,0,22,44.24583333333333,2
411,Contenedor de basura desbordado #409,La acumulación de desechos está atrayendo fauna nociva y generando malos olores.,4,Limpieza,"Calle Santa Lucía #220, Col. Buenos Aires",20.2505,-97.9571,en_proceso,media,1,admin,2024-05-29 11:11:33,2024-06-01 08:46:15,,2024,Sur-Este,Sur,Este,29,2,0.019714461696937358,0,1,0,1,2.0,11,5,11,Wednesday,May,2,0,22,69.57833333333333,2
414,Poste de luz intermitente #412,El servicio ha estado interrumpido por más de 48 horas afectando a múltiples familias. Los vecinos han intentado soluciones temporales sin éxito.,2,Servicios Públicos,"Camino Los Laureles #118, Col. Lomas del Mirador, cerca del centro",20.2767,-97.9535,resuelto,baja,2,María González López,2024-05-30 01:41:03,2024-06-23 09:20:36,,2024,Norte-Este,Norte,Este,30,3,0.009334880824085439,0,0,1,0,3.0,1,5,41,Thursday,May,1,0,22,583.6591666666667,2
415,Conductor sin identificación visible #413,La señalización deficiente confunde a conductores y aumenta el riesgo de accidentes.,6,Transporte,"Privada Juárez #64, Col. Valle Verde",20.2751,-97.9546,resuelto,media,2,María González López,2024-05-30 03:15:17,2024-06-08 14:29:43,,2024,Norte-Este,Norte,Este,30,3,0.007427651041879141,0,0,1,0,3.0,3,5,15,Thursday,May,2,0,22,227.24055555555555,2
416,Tubería rota en zona habitacional #414,Se observa proliferación de insectos y roedores debido al agua estancada.,3,Saneamiento,"Andador Mirador #6, Col. Buenos Aires, junto a la farmacia",20.2769,-97.9528,resuelto,alta,1,admin,2024-05-30 09:37:04,2024-06-29 22:56:06,,2024,Norte-Este,Norte,Este,30,3,0.009972462083156107,0,1,0,0,3.0,9,5,37,Thursday,May,3,0,22,733.3172222222222,2
418,Intento de saqueo a local #416,La falta de iluminación y vigilancia favorece las actividades delictivas.,5,Seguridad,"Callejón Del Valle #78, Col. Santa Cecilia",20.2782,-97.9529,en_proceso,alta,2,María González López,2024-05-31 00:09:30,2024-06-02 03:26:56,,2024,Norte-Este,Norte,Este,31,4,0.010846658471616697,0,0,1,0,2.0,0,5,9,Friday,May,3,0,22,51.29055555555556,2
417,Violencia en cancha deportiva #415,Los incidentes delictivos han aumentado significativamente en esta zona.,5,Seguridad,"Carretera Revolución #624, Col. Los Pinos, frente al banco",20.2798,-97.9529,resuelto,baja,1,admin,2024-05-31 01:31:48,2024-06-10 15:13:00,,2024,Norte-Este,Norte,Este,31,4,0.012101652779680805,0,0,1,0,3.0,1,5,31,Friday,May,1,0,22,253.68666666666667,2
419,Cristales rotos en edificio abandonado #417,Los actos vandálicos han dañado propiedades públicas y privadas del sector.,5,Seguridad,"Avenida Las Bugambilias #188, Col. El Calvario",20.2748,-97.95,en_proceso,media,1,admin,2024-05-31 11:20:46,2024-06-06 16:04:09,,2024,Norte-Este,Norte,Este,31,4,0.01109233969908121,0,1,0,0,2.0,11,5,20,Friday,May,2,0,22,148.72305555555556,2
421,Intento de saqueo a local #419,Los comerciantes han sido víctimas de robos en múltiples ocasiones.,5,Seguridad,"Callejón Callejón de las Flores #8, Col. El Mirador",20.2721,-97.9553,no_aprobado,alta,2,María González López,2024-06-01 04:44:00,2024-06-04 22:50:38,,2024,Norte-Este,Norte,Este,1,5,0.005147815070492683,1,0,1,0,1.0,4,6,44,Saturday,June,3,0,22,90.11055555555555,2
420,Publicidad invasiva en postes #418,Es necesario establecer regulaciones claras para prevenir futuros conflictos. El problema se presenta de manera intermitente pero frecuente.,9,Otros,"Avenida Sexta #946, Col. Colinas de San Juan",20.2796,-97.9575,nuevo,baja,1,admin,2024-06-01 07:51:05,2024-06-01 13:36:15,,2024,Norte-Este,Norte,Este,1,5,0.009920181449951828,1,0,0,0,1.0,7,6,51,Saturday,June,1,1,22,5.752777777777778,2
423,Bus con fallas mecánicas #421,El problema vial está causando congestionamientos y accidentes menores. Se ha documentado el deterioro progresivo con fotografías.,6,Transporte,"Boulevard Carretera a Huauchinango #1087, Col. Las Palmas, junto a la farmacia",20.2766,-97.954,nuevo,media,1,admin,2024-06-02 05:16:18,2024-06-02 19:30:25,,2024,Norte-Este,Norte,Este,2,6,0.00891964124839039,1,0,1,0,1.0,5,6,16,Sunday,June,2,1,22,14.235277777777778,2
424,Muros de contención con filtraciones #422,"El deterioro ha empeorado con las lluvias recientes, creando condiciones peligrosas.",1,Infraestructura,"Camino Morelos #121, Col. La Cruz",20.2722,-97.9551,en_proceso,media,2,María González López,2024-06-02 19:42:40,2024-06-05 05:10:37,,2024,Norte-Este,Norte,Este,2,6,0.0053712196007919474,1,0,0,0,2.0,19,6,42,Sunday,June,2,0,22,57.465833333333336,2
422,Hospital sin atención médica #420,Las instalaciones sanitarias no cumplen con normas básicas de higiene. La situación es crítica especialmente los fines de semana.,8,Salud Pública,"Carretera Independencia #180, Col. San Francisco",20.2794,-97.95,en_proceso,alta,2,María González López,2024-06-02 22:03:19,2024-06-08 16:58:31,,2024,Norte-Este,Norte,Este,2,6,0.013724430771431179,1,0,1,0,2.0,22,6,3,Sunday,June,3,0,22,138.92,2
427,Escaleras sin barandales #425,Los materiales sueltos representan un riesgo tanto para peatones como para vehículos.,1,Infraestructura,"Boulevard Privada San José #507, Col. El Mirador, entre calles",20.2799,-97.9525,nuevo,alta,2,María González López,2024-06-03 06:13:31,2024-06-04 02:15:43,,2024,Norte-Este,Norte,Este,3,0,0.012420144926687983,0,0,1,0,1.0,6,6,13,Monday,June,3,1,23,20.036666666666665,2
426,Transportes sin ventilación adecuada #424,Los peatones no tienen cruzamentos seguros en esta intersección de alto tráfico. Se requiere coordinación entre múltiples dependencias municipales. Durante las lluvias el problema se vuelve más peligroso.,6,Transporte,"Cerrada Plutarco Elías Calles #2, Col. Emiliano Zapata",20.2789,-97.9589,resuelto,alta,1,admin,2024-06-03 08:06:03,2024-07-01 12:03:02,,2024,Norte-Este,Norte,Este,3,0,0.008967719888577964,0,1,0,0,3.0,8,6,6,Monday,June,3,0,23,675.9497222222222,2
425,Tubería de gas expuesta #423,Los comerciantes reportan pérdidas económicas debido a las fallas constantes.,2,Servicios Públicos,"Avenida Aldama #491, Col. Vista Alegre",20.2687,-97.95,resuelto,alta,2,María González López,2024-06-03 20:53:43,2024-06-18 08:02:53,,2024,Sur-Este,Sur,Este,3,0,0.010084145972754434,0,0,0,0,3.0,20,6,53,Monday,June,3,0,23,347.15277777777777,2
429,Quema de basura en casa particular #427,El problema se ha extendido y ahora afecta a múltiples cuadras del sector. El problema es más evidente durante las primeras horas del día.,9,Otros,"Avenida Boulevard Miguel Alemán #735, Col. Los Pinos, altura del semáforo",20.2743,-97.9522,en_proceso,alta,1,admin,2024-06-04 18:15:07,2024-06-07 18:54:39,,2024,Norte-Este,Norte,Este,4,1,0.008906739021652803,0,1,0,0,2.0,18,6,15,Tuesday,June,3,0,23,72.6588888888889,2
428,Alcantarilla sin tapa en cruce peatonal #426,La falta de mantenimiento ha resultado en condiciones inseguras para la comunidad.,1,Infraestructura,"Callejón San Francisco #47, Col. Vista Hermosa",20.2719,-97.9604,en_proceso,alta,2,María González López,2024-06-04 20:15:30,2024-06-09 13:55:42,,2024,Norte-Oeste,Norte,Oeste,4,1,0.0019416487838966388,0,0,0,0,2.0,20,6,15,Tuesday,June,3,0,23,113.67,2
431,Tiempos de espera muy largos #429,Los usuarios del transporte público reportan retrasos constantes en esta ruta.,6,Transporte,"Avenida Avenida Revolución #942, Col. Valle Verde",20.2778,-97.9518,nuevo,media,2,María González López,2024-06-05 07:14:32,2024-06-06 05:09:10,,2024,Norte-Este,Norte,Este,5,2,0.011317243480627102,0,0,0,0,1.0,7,6,14,Wednesday,June,2,1,23,21.910555555555554,2
430,Unidades de transporte muy sucias #428,Se requiere mejor coordinación semafórica para optimizar el flujo vehicular. Se solicita seguimiento continuo hasta la resolución completa.,6,Transporte,"Camino Plaza #142, Col. Colinas de San Juan",20.2749,-97.9612,resuelto,media,1,admin,2024-06-05 19:47:53,2024-06-13 12:45:52,,2024,Norte-Oeste,Norte,Oeste,5,2,0.005044799302253751,0,0,0,0,3.0,19,6,47,Wednesday,June,2,0,23,184.9663888888889,2
432,Tierra acumulada en banqueta #430,Los comerciantes de la zona reportan que la situación afecta sus ventas.,4,Limpieza,"Calle Calle Verano #94, Col. El Mirador, cerca del parque",20.2703,-97.9552,en_proceso,alta,1,admin,2024-06-05 22:33:37,2024-06-07 15:37:46,,2024,Norte-Este,Norte,Este,5,2,0.004809365862553211,0,0,1,0,2.0,22,6,33,Wednesday,June,3,0,23,41.06916666666667,2
433,Basura flotante en río #431,El ruido excesivo afecta el descanso y bienestar de los residentes.,7,Medio Ambiente,"Carretera Rayón #1200, Col. San Juan",20.2745,-97.95,nuevo,baja,2,María González López,2024-06-06 01:33:42,2024-06-07 00:03:43,,2024,Norte-Este,Norte,Este,6,3,0.010965856099722431,0,0,1,0,1.0,1,6,33,Thursday,June,1,1,23,22.50027777777778,2
434,Choferes con música muy alta #432,Las unidades de transporte operan en condiciones inseguras para los pasajeros. Se observa un patrón de deterioro acelerado en los últimos días.,6,Transporte,"Avenida Calle Aurora #611, Col. Lázaro Cárdenas",20.2683,-97.9528,nuevo,alta,1,admin,2024-06-06 02:35:25,2024-06-06 11:34:13,,2024,Sur-Este,Sur,Este,6,3,0.007397972695270077,0,0,1,0,1.0,2,6,35,Thursday,June,3,1,23,8.98,2
435,Drenaje colapsado en avenida #433,La presión del agua es insuficiente para abastecer adecuadamente los hogares.,3,Saneamiento,"Avenida Carretera a Huauchinango #1204, Col. Las Flores",20.2783,-97.961,en_proceso,alta,2,María González López,2024-06-06 09:44:51,2024-06-12 13:57:22,,2024,Norte-Oeste,Norte,Oeste,6,3,0.008360023923413276,0,1,0,0,2.0,9,6,44,Thursday,June,3,0,23,148.2086111111111,2
438,Recolección de basura atrasada #436,Se observan materiales peligrosos mezclados con residuos domésticos comunes.,4,Limpieza,"Avenida De la Montaña #770, Col. Las Palmas",20.2788,-97.954,nuevo,baja,1,admin,2024-06-07 01:04:02,2024-06-07 01:41:07,,2024,Norte-Este,Norte,Este,7,4,0.010650821564556273,0,0,1,0,1.0,1,6,4,Friday,June,1,1,23,0.6180555555555556,2
436,Recolección de basura atrasada #434,El servicio de recolección no ha pasado por esta zona en más de una semana. Los residentes están dispuestos a aportar recursos para la solución. Las condiciones climáticas recientes han agravado la situación.,4,Limpieza,"Carretera Calle Estrella #787, Col. San Miguel",20.2725,-97.9592,resuelto,alta,1,admin,2024-06-07 02:20:01,2024-06-17 06:45:54,,2024,Norte-Este,Norte,Este,7,4,0.002624880949681987,0,0,1,0,3.0,2,6,20,Friday,June,3,0,23,244.43138888888888,2
437,Falta de señalética de obra en construcción #435,"El deterioro ha empeorado con las lluvias recientes, creando condiciones peligrosas. En horario escolar representa mayor riesgo para los menores.",1,Infraestructura,"Avenida San Carlos #1088, Col. La Libertad",20.28,-97.9563,nuevo,alta,2,María González López,2024-06-07 17:59:55,2024-06-07 23:01:56,,2024,Norte-Este,Norte,Este,7,4,0.010662551289442585,0,1,0,0,1.0,17,6,59,Friday,June,3,1,23,5.033611111111111,2
439,Contaminación auditiva por altavoces #437,Se observa mortandad de flora y fauna local debido a la contaminación.,7,Medio Ambiente,"Privada Carretera a Pahuatlán #26, Col. Las Flores, frente al OXXO",20.2643,-97.9529,no_aprobado,media,2,María González López,2024-06-08 03:57:43,2024-06-10 05:04:07,,2024,Sur-Este,Sur,Este,8,5,0.009104943712068018,1,0,1,0,1.0,3,6,57,Saturday,June,2,0,23,49.10666666666667,2
440,Maltrato animal en espacio urbano #438,Se solicita intervención de autoridades competentes para establecer orden. Se ha documentado el deterioro progresivo con fotografías.,9,Otros,"Boulevard Central #944, Col. Jardines de Xicotepec",20.2767,-97.9636,cerrado,baja,2,María González López,2024-06-08 20:48:21,2024-08-09 18:07:51,,2024,Norte-Oeste,Norte,Oeste,8,5,0.0076059187479272155,1,0,0,0,4.0,20,6,48,Saturday,June,1,0,23,1485.325,2
442,Líneas peatonales borradas #440,El mantenimiento de la flota de transporte público es deficiente.,6,Transporte,"Cerrada Norte #42, Col. San Miguel",20.2748,-97.957,en_proceso,alta,2,María González López,2024-06-09 02:45:02,2024-06-12 20:45:18,,2024,Norte-Este,Norte,Este,9,6,0.0056603886792335745,1,0,1,0,2.0,2,6,45,Sunday,June,3,0,23,90.00444444444445,2
441,Fuga de gases industriales #439,La quema irregular de materiales genera humo tóxico para la comunidad. La situación afecta particularmente a adultos mayores y niños.,7,Medio Ambiente,"Andador Camino Real #2, Col. Lázaro Cárdenas, altura del puente",20.2591,-97.9551,nuevo,alta,1,admin,2024-06-09 19:27:32,2024-06-10 03:51:32,,2024,Sur-Este,Sur,Este,9,6,0.011950732195138139,1,0,0,1,1.0,19,6,27,Sunday,June,3,1,23,8.4,2
443,Quema de llantas en baldío #441,Es necesario implementar medidas de protección ambiental inmediatas. Los comerciantes locales también han expresado su preocupación.,7,Medio Ambiente,"Avenida Callejón de las Flores #372, Col. La Esperanza, C.P. 73080",20.2716,-97.9574,en_proceso,media,1,admin,2024-06-09 23:23:21,2024-06-15 04:50:02,,2024,Norte-Este,Norte,Este,9,6,0.0030528675044834454,1,0,1,0,2.0,23,6,23,Sunday,June,2,0,23,125.44472222222223,2
445,Rutas de bus mal planificadas #443,Se requiere mejor coordinación semafórica para optimizar el flujo vehicular.,6,Transporte,"Boulevard Hidalgo #1440, Col. Las Flores",20.2627,-97.9654,nuevo,alta,2,María González López,2024-06-10 00:18:35,2024-06-10 05:06:00,,2024,Sur-Oeste,Sur,Oeste,10,0,0.009080198235727303,0,0,1,0,1.0,0,6,18,Monday,June,3,1,24,4.790277777777778,2
446,Rejilla de desagüe hundida #444,Se observan grietas que se extienden y podrían causar un colapso parcial. Los residentes están dispuestos a aportar recursos para la solución.,1,Infraestructura,"Boulevard Bellavista #1199, Col. El Carmen",20.2757,-97.95,nuevo,alta,2,María González López,2024-06-10 16:05:37,2024-06-11 06:20:44,,2024,Norte-Este,Norte,Este,10,0,0.011510430052775121,0,1,0,0,1.0,16,6,5,Monday,June,3,1,24,14.251944444444444,2
444,Quema de basura en casa particular #442,El uso inadecuado del espacio público afecta el libre tránsito de ciudadanos.,9,Otros,"Andador Sur #79, Col. Los Pinos",20.2736,-97.9591,en_proceso,baja,2,María González López,2024-06-10 17:01:32,2024-06-13 09:28:58,,2024,Norte-Este,Norte,Este,10,0,0.0037107950630515542,0,1,0,0,2.0,17,6,1,Monday,June,1,0,24,64.45722222222223,2
447,Malos olores por fuga de aguas negras #445,Es urgente restaurar el flujo normal para prevenir problemas de salud pública. Se requiere coordinación entre múltiples dependencias municipales.,3,Saneamiento,"Camino Bellavista #267, Col. Jardines de Xicotepec",20.2714,-97.95,en_proceso,alta,2,María González López,2024-06-11 00:45:05,2024-06-17 00:48:46,,2024,Norte-Este,Norte,Este,11,1,0.010097524449082504,0,0,1,0,2.0,0,6,45,Tuesday,June,3,0,24,144.0613888888889,2
448,Mobiliario roto abandonado en calle #446,La acumulación de desechos está atrayendo fauna nociva y generando malos olores.,4,Limpieza,"Carretera Camino a Tlaxcalantongo #1324, Col. Los Pinos",20.28,-97.9501,no_aprobado,alta,1,admin,2024-06-11 05:16:21,2024-06-16 03:51:20,,2024,Norte-Este,Norte,Este,11,1,0.014071602609503492,0,0,1,0,1.0,5,6,16,Tuesday,June,3,0,24,118.58305555555556,2
449,Desechos electrónicos en banqueta #447,Los residuos se han esparcido por la calle debido al viento y animales callejeros.,4,Limpieza,"Callejón Vicente Guerrero #60, Col. Santa Rosa, cerca del zócalo",20.2693,-97.9561,cerrado,media,1,admin,2024-06-11 16:48:08,2024-07-11 20:50:18,,2024,Sur-Este,Sur,Este,11,1,0.003962322551219058,0,1,0,0,4.0,16,6,48,Tuesday,June,2,0,24,724.0361111111112,2
450,Restaurante con malas prácticas sanitarias #448,Se requiere intervención sanitaria urgente para prevenir la propagación de enfermedades. Los comerciantes locales también han expresado su preocupación.,8,Salud Pública,"Cerrada Las Jacarandas #36, Col. El Mirador, cerca de la terminal, C.P. 73080",20.2769,-97.9582,en_proceso,alta,1,admin,2024-06-12 10:38:32,2024-06-18 11:46:33,,2024,Norte-Este,Norte,Este,12,2,0.0071309185944016034,0,1,0,0,2.0,10,6,38,Wednesday,June,3,0,24,145.13361111111112,2
451,Paradero sin iluminación #449,El mantenimiento de la flota de transporte público es deficiente. Se ha documentado el deterioro progresivo con fotografías.,6,Transporte,"Calle Boulevard Benito Juárez #143, Col. Revolución, esquina principal",20.2754,-97.9542,resuelto,alta,2,María González López,2024-06-12 11:00:53,2024-07-02 08:13:50,,2024,Norte-Este,Norte,Este,12,2,0.007924645102459995,0,1,0,0,3.0,11,6,0,Wednesday,June,3,0,24,477.2158333333333,2
454,Tiempos de espera muy largos #452,Las unidades de transporte operan en condiciones inseguras para los pasajeros.,6,Transporte,"Boulevard Los Eucaliptos #1412, Col. El Paraíso",20.2744,-97.9552,nuevo,alta,2,María González López,2024-06-13 02:35:39,2024-06-13 21:16:15,,2024,Norte-Este,Norte,Este,13,3,0.006511528238431909,0,0,1,0,1.0,2,6,35,Thursday,June,3,1,24,18.676666666666666,2
452,Chatarra acumulada en vía pública #450,Es necesario incrementar la frecuencia de recolección en esta área de alta densidad. La comunidad está organizada para colaborar con las autoridades.,4,Limpieza,"Camino Allende #1, Col. La Huerta",20.28,-97.95,en_proceso,alta,2,María González López,2024-06-13 10:10:19,2024-06-16 01:49:40,,2024,Norte-Este,Norte,Este,13,3,0.014142135623725625,0,1,0,0,2.0,10,6,10,Thursday,June,3,0,24,63.655833333333334,2
453,Zona sin patrullaje policial #451,El vandalismo continuo genera un ambiente de inseguridad para las familias.,5,Seguridad,"Callejón Las Palmas #54, Col. La Cruz",20.2767,-97.9568,en_proceso,alta,2,María González López,2024-06-13 10:53:53,2024-06-20 07:19:42,,2024,Norte-Este,Norte,Este,13,3,0.007424957912337353,0,1,0,0,2.0,10,6,53,Thursday,June,3,0,24,164.43027777777777,2
455,Residuos sólidos flotando en canal #453,Es necesario incrementar la frecuencia de recolección en esta área de alta densidad. Se ha documentado el deterioro progresivo con fotografías.,4,Limpieza,"Privada Camino a Honey #36, Col. Santa Cecilia, junto a la escuela",20.2758,-97.9576,en_proceso,media,2,María González López,2024-06-14 02:48:09,2024-06-21 13:21:58,,2024,Norte-Este,Norte,Este,14,4,0.006276941930588588,0,0,1,0,2.0,2,6,48,Friday,June,2,0,24,178.5636111111111,2
457,Trafico intenso por mal diseño vial #455,Los horarios irregulares afectan la movilidad de trabajadores y estudiantes.,6,Transporte,"Carretera Primera #200, Col. La Huerta",20.2775,-97.9523,en_proceso,baja,1,admin,2024-06-14 06:26:18,2024-06-22 02:52:50,,2024,Norte-Este,Norte,Este,14,4,0.01074895343742829,0,0,1,0,2.0,6,6,26,Friday,June,1,0,24,188.44222222222223,2
456,Maleza invadiendo banquetas #454,Los desechos químicos están contaminando el suelo y fuentes de agua.,7,Medio Ambiente,"Avenida Álvaro Obregón #547, Col. San Francisco",20.2602,-97.9503,nuevo,baja,2,María González López,2024-06-14 17:17:05,2024-06-15 17:15:28,,2024,Sur-Este,Sur,Este,14,4,0.013788763541372234,0,1,0,1,1.0,17,6,17,Friday,June,1,1,24,23.973055555555554,2
459,Conductor sin identificación visible #457,Las unidades de transporte operan en condiciones inseguras para los pasajeros.,6,Transporte,"Calle José María Morelos #290, Col. San José, altura del puente",20.2757,-97.9526,no_aprobado,media,1,admin,2024-06-15 04:10:47,2024-06-19 15:02:17,,2024,Norte-Este,Norte,Este,15,5,0.009340770846127232,1,0,1,0,1.0,4,6,10,Saturday,June,2,0,24,106.85833333333333,2
458,Rejilla de desagüe hundida #456,Varios vecinos han reportado tropiezos y caídas en esta zona.,1,Infraestructura,"Cerrada Las Magnolias #3, Col. Centro",20.28,-97.9587,nuevo,media,1,admin,2024-06-15 14:03:55,2024-06-18 07:51:02,,2024,Norte-Este,Norte,Este,15,5,0.010084145972765003,1,1,0,0,1.0,14,6,3,Saturday,June,2,0,24,65.78527777777778,2
460,Contenedor con residuos peligrosos #458,Los residuos se han esparcido por la calle debido al viento y animales callejeros. La comunidad está organizada para colaborar con las autoridades.,4,Limpieza,"Callejón San Pablo #56, Col. Francisco Villa",20.2744,-97.9538,resuelto,media,1,admin,2024-06-15 19:57:03,2024-06-23 23:29:15,,2024,Norte-Este,Norte,Este,15,5,0.007602631123493529,1,0,0,0,3.0,19,6,57,Saturday,June,2,0,24,195.53666666666666,2
462,Desnivel peligroso en calle #460,Se observan grietas que se extienden y podrían causar un colapso parcial. Los comerciantes locales también han expresado su preocupación. Las condiciones climáticas recientes han agravado la situación.,1,Infraestructura,"Cerrada Monte Alto #69, Col. El Mirador",20.2738,-97.9559,en_proceso,alta,2,María González López,2024-06-16 02:41:54,2024-06-20 03:01:25,,2024,Norte-Este,Norte,Este,16,6,0.005590169943746296,1,0,1,0,2.0,2,6,41,Sunday,June,3,0,24,96.32527777777777,2
461,Falta de atención a denuncias previas #459,La comunidad propone soluciones colaborativas para resolver el problema.,9,Otros,"Boulevard San José #279, Col. Buenos Aires",20.2734,-97.9523,no_aprobado,alta,2,María González López,2024-06-16 05:48:03,2024-06-19 08:11:04,,2024,Norte-Este,Norte,Este,16,6,0.008417244204607089,1,0,1,0,1.0,5,6,48,Sunday,June,3,0,24,74.38361111111111,2
463,Pasajeros viajando de pie en exceso #461,Los horarios irregulares afectan la movilidad de trabajadores y estudiantes. Los comerciantes locales también han expresado su preocupación.,6,Transporte,"Carretera Vía Corta a Pantepec #780, Col. Santa Cecilia, frente al OXXO",20.2622,-97.9595,cerrado,baja,2,María González López,2024-06-17 04:40:14,2024-08-17 05:19:31,,2024,Sur-Este,Sur,Este,17,0,0.007816009211866481,0,0,1,0,4.0,4,6,40,Monday,June,1,0,25,1464.6547222222223,2
464,Humo constante en zona residencial #462,La vegetación dañada representa un riesgo para la infraestructura cercana.,7,Medio Ambiente,"Privada Hermanos Serdán #9, Col. Rincón de los Ángeles",20.2718,-97.95,en_proceso,alta,1,admin,2024-06-17 13:14:00,2024-06-24 20:59:02,,2024,Norte-Este,Norte,Este,17,0,0.010160708636695366,0,1,0,0,2.0,13,6,14,Monday,June,3,0,25,175.75055555555556,2
465,Rejilla de desagüe hundida #463,"El deterioro ha empeorado con las lluvias recientes, creando condiciones peligrosas.",1,Infraestructura,"Privada Leona Vicario #27, Col. Vista Alegre",20.2744,-97.9557,en_proceso,alta,1,admin,2024-06-17 19:20:02,2024-06-25 04:04:53,,2024,Norte-Este,Norte,Este,17,0,0.0061522353661095435,0,0,0,0,2.0,19,6,20,Monday,June,3,0,25,176.7475,2
466,Fuga de mascotas en calle #464,Es necesario establecer regulaciones claras para prevenir futuros conflictos. Los residentes están dispuestos a aportar recursos para la solución.,9,Otros,"Carretera San Carlos #488, Col. San Francisco, frente al OXXO",20.2789,-97.9522,nuevo,baja,2,María González López,2024-06-18 09:39:04,2024-06-20 09:30:58,,2024,Norte-Este,Norte,Este,18,1,0.011834272263212363,0,1,0,0,1.0,9,6,39,Tuesday,June,1,0,25,47.865,2
467,Quema de llantas en baldío #465,El ruido excesivo afecta el descanso y bienestar de los residentes.,7,Medio Ambiente,"Andador Andador San Antonio #45, Col. Centro, esquina con Hidalgo",20.28,-97.95,resuelto,alta,1,admin,2024-06-18 09:45:32,2024-06-29 11:19:55,,2024,Norte-Este,Norte,Este,18,1,0.014142135623725625,0,1,0,0,3.0,9,6,45,Tuesday,June,3,0,25,265.5730555555556,2
468,Daño intencional a mobiliario urbano #466,Se requiere incrementar la presencia policial y mejorar la infraestructura de seguridad. Se solicita seguimiento continuo hasta la resolución completa. Durante las lluvias el problema se vuelve más peligroso.,5,Seguridad,"Avenida Hermanos Serdán #521, Col. Revolución",20.2744,-97.95,en_proceso,alta,1,admin,2024-06-18 11:48:23,2024-06-22 05:11:39,,2024,Norte-Este,Norte,Este,18,1,0.010925200226989968,0,1,0,0,2.0,11,6,48,Tuesday,June,3,0,25,89.38777777777777,2
470,Publicidad invasiva en postes #468,El uso inadecuado del espacio público afecta el libre tránsito de ciudadanos.,9,Otros,"Privada Cuarta #53, Col. Benito Juárez",20.2736,-97.953,en_proceso,media,2,María González López,2024-06-19 04:43:03,2024-06-24 07:05:04,,2024,Norte-Este,Norte,Este,19,2,0.007871467461652994,0,0,1,0,2.0,4,6,43,Wednesday,June,2,0,25,122.36694444444444,2
469,Material de construcción obstruyendo calle #467,La superficie irregular dificulta el tránsito y acceso para personas con discapacidad. La situación ha empeorado desde la semana pasada.,1,Infraestructura,"Boulevard Callejón San José #1205, Col. Benito Juárez, C.P. 73080",20.2508,-97.9565,resuelto,media,2,María González López,2024-06-19 05:46:24,2024-07-06 20:11:44,,2024,Sur-Este,Sur,Este,19,2,0.019516403357172057,0,0,1,1,3.0,5,6,46,Wednesday,June,2,0,25,422.4222222222222,2
471,Pozo de absorción colapsado #469,Los malos olores afectan la calidad de vida de los residentes de la zona. Se solicita seguimiento continuo hasta la resolución completa.,3,Saneamiento,"Andador Oriente #51, Col. El Carmen, C.P. 73080",20.2758,-97.9562,nuevo,alta,2,María González López,2024-06-19 14:26:12,2024-06-19 14:46:51,,2024,Norte-Este,Norte,Este,19,2,0.006933974329343507,0,1,0,0,1.0,14,6,26,Wednesday,June,3,1,25,0.3441666666666667,2
473,Circos o ferias con instalaciones inseguras #471,El problema se ha extendido y ahora afecta a múltiples cuadras del sector. La comunidad está organizada para colaborar con las autoridades. El problema se presenta de manera intermitente pero frecuente.,9,Otros,"Avenida Revolución #791, Col. La Libertad",20.275,-97.9533,nuevo,media,1,admin,2024-06-20 03:53:50,2024-06-20 15:30:54,,2024,Norte-Este,Norte,Este,20,3,0.008360023923406177,0,0,1,0,1.0,3,6,53,Thursday,June,2,1,25,11.617777777777778,2
472,Residuos hospitalarios mal manejados #470,Las condiciones insalubres están causando enfermedades respiratorias y gastrointestinales.,8,Salud Pública,"Calle Avenida de la Juventud #294, Col. Francisco Villa",20.2581,-97.9556,resuelto,media,2,María González López,2024-06-20 04:29:47,2024-07-08 20:26:57,,2024,Sur-Este,Sur,Este,20,3,0.012687395319762294,0,0,1,1,3.0,4,6,29,Thursday,June,2,0,25,447.9527777777778,2
476,Vehículo abandonado en esquina #474,Los actos vandálicos han dañado propiedades públicas y privadas del sector.,5,Seguridad,"Carretera Calle Luna #848, Col. San Antonio",20.2752,-97.9557,nuevo,alta,1,admin,2024-06-21 03:13:45,2024-06-21 11:31:10,,2024,Norte-Este,Norte,Este,21,4,0.006747592163136954,0,0,1,0,1.0,3,6,13,Friday,June,3,1,25,8.290277777777778,2
475,Grietas en muros de contención #473,La reparación temporal anterior no fue efectiva y el problema persiste. Los vecinos han intentado soluciones temporales sin éxito.,1,Infraestructura,"Carretera Juárez #228, Col. Las Palmas",20.2748,-97.9538,cerrado,media,1,admin,2024-06-21 15:49:51,2024-09-22 09:01:15,,2024,Norte-Este,Norte,Este,21,4,0.007840918313558933,0,1,0,0,4.0,15,6,49,Friday,June,2,0,25,2225.19,2
474,Tiempos de espera muy largos #472,Las unidades de transporte operan en condiciones inseguras para los pasajeros.,6,Transporte,"Privada Avenida del Trabajo #30, Col. Francisco Villa, junto al DIF",20.2726,-97.9574,resuelto,media,1,admin,2024-06-21 16:08:39,2024-07-13 02:39:03,,2024,Norte-Este,Norte,Este,21,4,0.0036769552621614774,0,1,0,0,3.0,16,6,8,Friday,June,2,0,25,514.5066666666667,2
478,Tubería de gas expuesta #476,Los equipos presentan ruidos anormales y podrían fallar completamente pronto. La comunidad está organizada para colaborar con las autoridades. En horario escolar representa mayor riesgo para los menores.,2,Servicios Públicos,"Carretera Las Camelias #188, Col. Lomas de Santa Anita, junto al hospital",20.2644,-97.9539,resuelto,media,1,admin,2024-06-22 09:32:23,2024-07-03 11:23:06,,2024,Sur-Este,Sur,Este,22,5,0.008280700453456994,1,1,0,0,3.0,9,6,32,Saturday,June,2,0,25,265.84527777777777,2
477,Tiempos de espera muy largos #475,Los peatones no tienen cruzamentos seguros en esta intersección de alto tráfico.,6,Transporte,"Cerrada San Pablo #17, Col. Valle Verde",20.2727,-97.95,nuevo,media,2,María González López,2024-06-22 15:38:25,2024-06-23 00:01:14,,2024,Norte-Este,Norte,Este,22,5,0.010358088626760367,1,1,0,0,1.0,15,6,38,Saturday,June,2,1,25,8.380277777777778,2
479,Basura doméstica expuesta a animales #477,Los contenedores están dañados y no pueden contener adecuadamente la basura. Se ha documentado el deterioro progresivo con fotografías.,4,Limpieza,"Boulevard Calle del Carmen #1466, Col. Vista Hermosa",20.2766,-97.964,resuelto,alta,1,admin,2024-06-22 19:21:50,2024-07-07 05:33:54,,2024,Norte-Oeste,Norte,Oeste,22,5,0.007717512552631428,1,0,0,0,3.0,19,6,21,Saturday,June,3,0,25,346.2011111111111,2
480,Cableado colgante sobre calle #478,Las condiciones del cableado representan un riesgo de electrocución para transeúntes. Los comerciantes locales también han expresado su preocupación.,2,Servicios Públicos,"Andador Aquiles Serdán #45, Col. Colinas de San Juan",20.28,-97.9505,nuevo,alta,2,María González López,2024-06-23 01:31:57,2024-06-23 14:04:55,,2024,Norte-Este,Norte,Este,23,6,0.013793114224126947,1,0,1,0,1.0,1,6,31,Sunday,June,3,1,25,12.549444444444445,2
481,Pozo séptico sin mantenimiento #479,"La obstrucción causa desbordamientos durante las lluvias, inundando casas vecinas.",3,Saneamiento,"Andador Bravo #28, Col. Santa María",20.2735,-97.9553,cerrado,media,2,María González López,2024-06-23 13:48:59,2024-09-24 01:47:51,,2024,Norte-Este,Norte,Este,23,6,0.00586003412959258,1,1,0,0,4.0,13,6,48,Sunday,June,2,0,25,2219.981111111111,2
483,Corte frecuente de energía eléctrica #481,La infraestructura eléctrica muestra signos de deterioro y posibles fallas de seguridad. Se ha documentado el deterioro progresivo con fotografías.,2,Servicios Públicos,"Boulevard Revolución #439, Col. Valle Verde",20.2765,-97.9558,en_proceso,alta,1,admin,2024-06-24 00:46:06,2024-06-27 20:59:30,,2024,Norte-Este,Norte,Este,24,0,0.007738862965576097,0,0,1,0,2.0,0,6,46,Monday,June,3,0,26,92.22333333333333,2
484,Inundación por lluvia en colonia #482,La presión del agua es insuficiente para abastecer adecuadamente los hogares. El problema es más evidente durante las primeras horas del día.,3,Saneamiento,"Camino Aquiles Serdán #124, Col. El Calvario, cerca del panteón",20.28,-97.95,cerrado,media,2,María González López,2024-06-24 06:29:52,2024-09-25 01:18:08,,2024,Norte-Este,Norte,Este,24,0,0.014142135623725625,0,0,1,0,4.0,6,6,29,Monday,June,2,0,26,2226.8044444444445,2
482,Contenedor con residuos peligrosos #480,El servicio de recolección no ha pasado por esta zona en más de una semana. La situación afecta particularmente a adultos mayores y niños.,4,Limpieza,"Avenida Privada Hidalgo #521, Col. San José",20.2775,-97.9581,en_proceso,alta,2,María González López,2024-06-24 17:52:02,2024-06-28 08:48:53,,2024,Norte-Este,Norte,Este,24,0,0.007736924453552195,0,1,0,0,2.0,17,6,52,Monday,June,3,0,26,86.9475,2
487,Fuga de gases industriales #485,Se observa mortandad de flora y fauna local debido a la contaminación. La situación afecta particularmente a adultos mayores y niños.,7,Medio Ambiente,"Privada Calle Aurora #65, Col. Santa Cecilia, frente a la iglesia",20.2684,-97.9695,en_proceso,media,1,admin,2024-06-25 07:05:03,2024-06-30 08:46:05,,2024,Sur-Oeste,Sur,Oeste,25,1,0.009633794683303732,0,0,0,0,2.0,7,6,5,Tuesday,June,2,0,26,121.68388888888889,2
486,Tierra acumulada en banqueta #484,La acumulación de desechos está atrayendo fauna nociva y generando malos olores.,4,Limpieza,"Callejón Las Rosas #22, Col. San Rafael",20.2698,-97.9631,resuelto,media,2,María González López,2024-06-25 11:35:57,2024-07-03 22:21:40,,2024,Sur-Oeste,Sur,Oeste,25,1,0.00310644491340521,0,1,0,0,3.0,11,6,35,Tuesday,June,2,0,26,202.76194444444445,2
485,Puerta forzada en escuela pública #483,Los comerciantes han sido víctimas de robos en múltiples ocasiones. Se solicita seguimiento continuo hasta la resolución completa.,5,Seguridad,"Boulevard Avenida Hidalgo #620, Col. San Juan",20.2758,-97.9601,resuelto,alta,1,admin,2024-06-25 18:34:27,2024-07-17 17:46:16,,2024,Norte-Oeste,Norte,Oeste,25,1,0.0058008620049100216,0,1,0,0,3.0,18,6,34,Tuesday,June,3,0,26,527.1969444444444,2
489,Falta de baños públicos #487,Es necesario establecer regulaciones claras para prevenir futuros conflictos. La situación afecta particularmente a adultos mayores y niños.,9,Otros,"Avenida Emiliano Zapata #439, Col. Santa Matilde",20.2757,-97.9522,nuevo,media,2,María González López,2024-06-26 02:32:10,2024-06-29 19:28:36,,2024,Norte-Este,Norte,Este,26,2,0.009660745312854378,0,0,1,0,1.0,2,6,32,Wednesday,June,2,0,26,88.94055555555556,2
490,Vandalismo en parque infantil #488,Los incidentes delictivos han aumentado significativamente en esta zona.,5,Seguridad,"Andador Los Pinos #65, Col. Colinas de San Juan",20.2733,-97.9541,resuelto,media,1,admin,2024-06-26 12:23:03,2024-07-08 07:53:42,,2024,Norte-Este,Norte,Este,26,2,0.0067601775124592435,0,1,0,0,3.0,12,6,23,Wednesday,June,2,0,26,283.5108333333333,2
488,Obras sin permiso municipal #486,Los residentes reportan molestias continuas que alteran su calidad de vida.,9,Otros,"Andador Calle Luna #4, Col. Francisco Villa",20.2763,-97.9596,nuevo,media,1,admin,2024-06-26 17:54:30,2024-06-27 02:37:51,,2024,Norte-Este,Norte,Este,26,2,0.006312685640834122,0,1,0,0,1.0,17,6,54,Wednesday,June,2,1,26,8.7225,2
492,Horario de transporte incumplido #490,Las unidades de transporte operan en condiciones inseguras para los pasajeros.,6,Transporte,"Boulevard Callejón San José #813, Col. El Carmen",20.2637,-97.9553,en_proceso,media,1,admin,2024-06-27 02:58:21,2024-07-01 12:45:03,,2024,Sur-Este,Sur,Este,27,3,0.00786002544525088,0,0,1,0,2.0,2,6,58,Thursday,June,2,0,26,105.77833333333334,2
491,Ruido excesivo por maquinaria #489,El ruido excesivo afecta el descanso y bienestar de los residentes. Se ha documentado el deterioro progresivo con fotografías.,7,Medio Ambiente,"Avenida San Pablo #706, Col. El Mirador",20.2715,-97.95,cerrado,baja,2,María González López,2024-06-27 09:06:49,2024-09-28 07:00:32,,2024,Norte-Este,Norte,Este,27,3,0.010111874208069357,0,1,0,0,4.0,9,6,6,Thursday,June,1,0,26,2229.8952777777777,2
493,Pasajeros viajando de pie en exceso #491,El mantenimiento de la flota de transporte público es deficiente.,6,Transporte,"Boulevard Privada Hidalgo #178, Col. San José, frente a la iglesia",20.2723,-97.9503,en_proceso,media,1,admin,2024-06-28 04:01:41,2024-07-02 21:47:09,,2024,Norte-Este,Norte,Este,28,4,0.009968951800460972,0,0,1,0,2.0,4,6,1,Friday,June,2,0,26,113.75777777777778,2
494,Contaminación auditiva por altavoces #492,El problema ambiental está afectando la calidad del aire y agua en la zona.,7,Medio Ambiente,"Calle Loma Bonita #122, Col. Revolución",20.2664,-97.9585,resuelto,media,1,admin,2024-06-28 08:20:01,2024-07-08 23:12:38,,2024,Sur-Este,Sur,Este,28,4,0.003899999999996103,0,1,0,0,3.0,8,6,20,Friday,June,2,0,26,254.87694444444443,2
495,Horario de transporte incumplido #493,Las unidades de transporte operan en condiciones inseguras para los pasajeros. Los comerciantes locales también han expresado su preocupación.,6,Transporte,"Camino Monte Alto #87, Col. Valle Verde",20.28,-97.9516,en_proceso,alta,1,admin,2024-06-28 11:21:19,2024-06-30 01:19:07,,2024,Norte-Este,Norte,Este,28,4,0.013059862173849352,0,1,0,0,2.0,11,6,21,Friday,June,3,0,26,37.96333333333333,2
498,Casos de dengue sin fumigación #496,Las instalaciones sanitarias no cumplen con normas básicas de higiene. La comunidad está organizada para colaborar con las autoridades.,8,Salud Pública,"Calle Callejón San José #195, Col. Benito Juárez, cerca del zócalo",20.2698,-97.9574,nuevo,baja,1,admin,2024-06-29 03:30:16,2024-06-29 23:29:09,,2024,Sur-Este,Sur,Este,29,5,0.0026076809620678974,1,0,1,0,1.0,3,6,30,Saturday,June,1,1,26,19.98138888888889,2
496,Restaurante con malas prácticas sanitarias #494,Se necesita fumigación para controlar vectores de enfermedades tropicales. El problema se intensifica durante las horas pico.,8,Salud Pública,"Carretera Santa Ana #1091, Col. Santa Rosa",20.2739,-97.95,en_proceso,alta,2,María González López,2024-06-29 05:37:39,2024-07-03 21:36:43,,2024,Norte-Este,Norte,Este,29,5,0.0107335921293773,1,0,1,0,2.0,5,6,37,Saturday,June,3,0,26,111.98444444444445,2
497,Graffiti en edificio público #495,Los incidentes delictivos han aumentado significativamente en esta zona. Se requiere coordinación entre múltiples dependencias municipales.,5,Seguridad,"Andador Santo Domingo #68, Col. El Mirador, junto al DIF",20.2708,-97.9523,en_proceso,alta,1,admin,2024-06-29 06:12:16,2024-07-02 09:38:03,,2024,Norte-Este,Norte,Este,29,5,0.007741446893184755,1,0,1,0,2.0,6,6,12,Saturday,June,3,0,26,75.42972222222222,2
501,Contenedor con residuos peligrosos #499,La basura obstruye el drenaje pluvial y podría causar inundaciones.,4,Limpieza,"Cerrada Callejón de las Flores #60, Col. San Juan",20.278,-97.9574,en_proceso,baja,2,María González López,2024-06-30 05:16:24,2024-07-07 03:41:41,,2024,Norte-Este,Norte,Este,30,6,0.00841189633792033,1,0,1,0,2.0,5,6,16,Sunday,June,1,0,26,166.42138888888888,2
499,Alumbrado público apagado en colonia #497,Los residentes reportan fallas constantes en el suministro eléctrico de la zona.,2,Servicios Públicos,"Avenida Las Rosas #841, Col. La Libertad, cerca del centro",20.279,-97.9564,en_proceso,media,2,María González López,2024-06-30 09:19:38,2024-07-01 16:11:14,,2024,Norte-Este,Norte,Este,30,6,0.009693296652839307,1,1,0,0,2.0,9,6,19,Sunday,June,2,0,26,30.86,2
500,Basura tras eventos masivos sin limpieza #498,Los residuos se han esparcido por la calle debido al viento y animales callejeros.,4,Limpieza,"Boulevard Ocampo #1120, Col. Los Pinos",20.2587,-97.9665,resuelto,alta,2,María González López,2024-06-30 09:27:37,2024-07-18 23:29:13,,2024,Sur-Oeste,Sur,Oeste,30,6,0.013036103712382808,1,1,0,1,3.0,9,6,27,Sunday,June,3,0,26,446.02666666666664,2
503,Material de construcción obstruyendo calle #501,El área afectada está en una zona de alto tráfico peatonal y necesita atención inmediata.,1,Infraestructura,"Calle Calle de la Paz #235, Col. Lázaro Cárdenas, esquina principal",20.2779,-97.956,nuevo,media,2,María González López,2024-07-01 02:26:23,2024-07-01 04:59:41,,2024,Norte-Este,Norte,Este,1,0,0.008854942122900363,0,0,1,0,1.0,2,7,26,Monday,July,2,1,27,2.555,3
502,Animales muertos no retirados de vía #500,El servicio de recolección no ha pasado por esta zona en más de una semana.,4,Limpieza,"Camino San Antonio #164, Col. Lázaro Cárdenas",20.278,-97.9521,cerrado,alta,1,admin,2024-07-01 23:32:10,2024-09-02 16:21:04,,2024,Norte-Este,Norte,Este,1,0,0.011243220179284199,0,0,1,0,4.0,23,7,32,Monday,July,3,0,27,1504.815,3
506,Contenedores con jeringas usadas #504,La comunidad solicita campañas de vacunación y educación sanitaria.,8,Salud Pública,"Cerrada Monte Alto #31, Col. El Carmen",20.2718,-97.95,nuevo,baja,1,admin,2024-07-02 07:43:34,2024-07-02 09:47:08,,2024,Norte-Este,Norte,Este,2,1,0.010160708636695366,0,0,0,0,1.0,7,7,43,Tuesday,July,1,1,27,2.0594444444444444,3
504,Plaga en jardín público #502,Los niveles de contaminación han aumentado por la actividad industrial no regulada. Los comerciantes locales también han expresado su preocupación.,7,Medio Ambiente,"Andador Felipe Ángeles #50, Col. Lázaro Cárdenas, frente al banco",20.2661,-97.9554,en_proceso,alta,1,admin,2024-07-02 10:58:39,2024-07-03 21:38:06,,2024,Sur-Este,Sur,Este,2,1,0.0060307545133218,0,1,0,0,2.0,10,7,58,Tuesday,July,3,0,27,34.6575,3
505,Intento de saqueo a local #503,Se requiere incrementar la presencia policial y mejorar la infraestructura de seguridad.,5,Seguridad,"Boulevard Los Pinos #669, Col. El Carmen",20.2737,-97.9521,resuelto,alta,2,María González López,2024-07-02 13:40:49,2024-07-20 20:30:40,,2024,Norte-Este,Norte,Este,2,1,0.008723531395019597,0,1,0,0,3.0,13,7,40,Tuesday,July,3,0,27,438.8308333333333,3
508,Zona con variaciones de voltaje #506,"La comunidad ha estado sin servicio confiable, afectando sus actividades diarias. Se requiere coordinación entre múltiples dependencias municipales.",2,Servicios Públicos,"Carretera Las Américas #1480, Col. Rincón de los Ángeles, cerca del centro",20.2708,-97.9565,cerrado,baja,1,admin,2024-07-03 00:40:03,2024-09-03 10:15:38,,2024,Norte-Este,Norte,Este,3,2,0.0035902646141922094,0,0,1,0,4.0,0,7,40,Wednesday,July,1,0,27,1497.5930555555556,3
507,Conductor sin identificación visible #505,Se requiere mejor coordinación semafórica para optimizar el flujo vehicular.,6,Transporte,"Cerrada Avenida Independencia #51, Col. La Libertad",20.2736,-97.9563,en_proceso,media,1,admin,2024-07-03 17:15:57,2024-07-06 22:39:24,,2024,Norte-Este,Norte,Este,3,2,0.005162363799651593,0,1,0,0,2.0,17,7,15,Wednesday,July,2,0,27,77.39083333333333,3
509,Líneas peatonales borradas #507,Los peatones no tienen cruzamentos seguros en esta intersección de alto tráfico.,6,Transporte,"Boulevard Calle Progreso #1197, Col. San Antonio",20.2761,-97.959,en_proceso,alta,2,María González López,2024-07-03 20:36:25,2024-07-09 03:54:57,,2024,Norte-Este,Norte,Este,3,2,0.006181423784208704,0,0,0,0,2.0,20,7,36,Wednesday,July,3,0,27,127.30888888888889,3
512,Cárcamo sin funcionamiento #510,La presión del agua es insuficiente para abastecer adecuadamente los hogares. Se ha documentado el deterioro progresivo con fotografías. Se observa un patrón de deterioro acelerado en los últimos días.,3,Saneamiento,"Avenida Lázaro Cárdenas #667, Col. Lázaro Cárdenas, C.P. 73080",20.2733,-97.952,en_proceso,alta,2,María González López,2024-07-04 02:21:57,2024-07-06 18:39:23,,2024,Norte-Este,Norte,Este,4,3,0.008653900854523652,0,0,1,0,2.0,2,7,21,Thursday,July,3,0,27,64.29055555555556,3
510,Animales callejeros agresivos #508,Las condiciones insalubres están causando enfermedades respiratorias y gastrointestinales.,8,Salud Pública,"Cerrada Carmen Serdán #20, Col. Santa Cecilia",20.2755,-97.9594,en_proceso,alta,2,María González López,2024-07-04 04:19:41,2024-07-11 18:06:03,,2024,Norte-Este,Norte,Este,4,3,0.005532630477449684,0,0,1,0,2.0,4,7,19,Thursday,July,3,0,27,181.77277777777778,3
511,Fugas en sistema eléctrico público #509,El transformador muestra signos de sobrecarga y necesita mantenimiento preventivo. Los residentes están dispuestos a aportar recursos para la solución.,2,Servicios Públicos,"Callejón Rinconada #65, Col. Las Flores",20.2686,-97.9518,resuelto,alta,2,María González López,2024-07-04 05:40:51,2024-07-14 09:01:35,,2024,Sur-Este,Sur,Este,4,3,0.008318653737222383,0,0,1,0,3.0,5,7,40,Thursday,July,3,0,27,243.34555555555556,3
513,Asaltos frecuentes en calle #511,El vandalismo continuo genera un ambiente de inseguridad para las familias. El problema coincide con fallas similares en zonas cercanas.,5,Seguridad,"Avenida Calle de la Paz #164, Col. San Miguel",20.274,-97.9576,no_aprobado,alta,1,admin,2024-07-05 12:59:45,2024-07-09 17:49:43,,2024,Norte-Este,Norte,Este,5,4,0.004664761515874508,0,1,0,0,1.0,12,7,59,Friday,July,3,0,27,100.83277777777778,3
514,Asaltos frecuentes en calle #512,La comunidad solicita patrullajes más frecuentes y puntos de vigilancia. Se requiere coordinación entre múltiples dependencias municipales.,5,Seguridad,"Calle Del Valle #38, Col. Buenos Aires",20.2781,-97.9587,resuelto,alta,2,María González López,2024-07-05 15:25:21,2024-07-21 18:25:17,,2024,Norte-Este,Norte,Este,5,4,0.008203657720796457,0,1,0,0,3.0,15,7,25,Friday,July,3,0,27,386.99888888888887,3
517,Portón sin cerradura en lugar público #515,Los incidentes delictivos han aumentado significativamente en esta zona.,5,Seguridad,"Cerrada Camino a Honey #17, Col. Francisco Villa",20.2708,-97.95,resuelto,baja,1,admin,2024-07-06 00:39:46,2024-07-17 13:18:44,,2024,Norte-Este,Norte,Este,6,5,0.010031948963178631,1,0,1,0,3.0,0,7,39,Saturday,July,1,0,27,276.64944444444444,3
515,Desechos electrónicos en banqueta #513,Se observan materiales peligrosos mezclados con residuos domésticos comunes. Se requiere coordinación entre múltiples dependencias municipales. Las condiciones climáticas recientes han agravado la situación.,4,Limpieza,"Callejón Vía Corta a Pantepec #43, Col. San Francisco, frente a la clínica",20.2743,-97.9682,en_proceso,baja,2,María González López,2024-07-06 06:38:02,2024-07-10 08:58:01,,2024,Norte-Oeste,Norte,Oeste,6,5,0.009259049627258818,1,0,1,0,2.0,6,7,38,Saturday,July,1,0,27,98.33305555555556,3
516,Cobros de pasaje no autorizados #514,Las unidades de transporte operan en condiciones inseguras para los pasajeros. Se solicita seguimiento continuo hasta la resolución completa.,6,Transporte,"Privada Matamoros #15, Col. Emiliano Zapata",20.2681,-97.9584,nuevo,baja,1,admin,2024-07-06 11:50:05,2024-07-07 04:07:56,,2024,Sur-Este,Sur,Este,6,5,0.0024839484696717725,1,1,0,0,1.0,11,7,50,Saturday,July,1,1,27,16.2975,3
520,Fauna silvestre en peligro urbano #518,Es necesario implementar medidas de protección ambiental inmediatas. El problema coincide con fallas similares en zonas cercanas. El problema se presenta de manera intermitente pero frecuente.,7,Medio Ambiente,"Callejón Degollado #12, Col. Francisco Villa",20.2762,-97.95,nuevo,alta,1,admin,2024-07-07 06:10:37,2024-07-07 13:08:38,,2024,Norte-Este,Norte,Este,7,6,0.011766052864058326,1,0,1,0,1.0,6,7,10,Sunday,July,3,1,27,6.966944444444445,3
519,Vandalismo en parque infantil #517,Los actos vandálicos han dañado propiedades públicas y privadas del sector. Se ha documentado el deterioro progresivo con fotografías.,5,Seguridad,"Andador José María Morelos #11, Col. La Esperanza",20.2764,-97.9612,nuevo,alta,1,admin,2024-07-07 10:35:35,2024-07-08 00:41:33,,2024,Norte-Oeste,Norte,Oeste,7,6,0.0065115282384412936,1,1,0,0,1.0,10,7,35,Sunday,July,3,1,27,14.099444444444444,3
518,Conductor imprudente en zona escolar #516,Se requiere mejor coordinación semafórica para optimizar el flujo vehicular.,6,Transporte,"Avenida Ricardo Flores Magón #818, Col. Benito Juárez",20.2781,-97.95,en_proceso,alta,1,admin,2024-07-07 19:07:14,2024-07-10 21:22:09,,2024,Norte-Este,Norte,Este,7,6,0.012868954891513143,1,0,0,0,2.0,19,7,7,Sunday,July,3,0,27,74.24861111111112,3
522,Venta ilegal de medicamentos #520,Se han reportado casos sospechosos de enfermedades transmisibles en el área.,8,Salud Pública,"Cerrada Primera #34, Col. Santa Rosa",20.2769,-97.95,en_proceso,alta,2,María González López,2024-07-08 07:27:11,2024-07-12 12:15:19,,2024,Norte-Este,Norte,Este,8,0,0.012149485585811496,0,0,0,0,2.0,7,7,27,Monday,July,3,0,28,100.80222222222223,3
523,Asaltos frecuentes en calle #521,Es urgente implementar medidas preventivas antes de que ocurran incidentes graves.,5,Seguridad,"Andador Calle de la Paz #29, Col. Santa Cecilia, C.P. 73080",20.2542,-97.9627,no_aprobado,media,1,admin,2024-07-08 21:52:04,2024-07-12 17:21:14,,2024,Sur-Oeste,Sur,Oeste,8,0,0.01602903615318097,0,0,0,1,1.0,21,7,52,Monday,July,2,0,28,91.48611111111111,3
521,Personas sospechosas merodeando #519,El vandalismo continuo genera un ambiente de inseguridad para las familias. El problema coincide con fallas similares en zonas cercanas.,5,Seguridad,"Callejón Revolución #52, Col. Colinas de San Juan",20.2712,-97.952,cerrado,alta,1,admin,2024-07-08 22:25:03,2024-10-09 08:54:20,,2024,Norte-Este,Norte,Este,8,0,0.008089499366458402,0,0,1,0,4.0,22,7,25,Monday,July,3,0,28,2218.4880555555555,3
524,Puente peatonal deteriorado #522,La estructura presenta daños visibles que comprometen la seguridad peatonal y vehicular.,1,Infraestructura,"Avenida Portal #669, Col. Santa María",20.2665,-97.9559,en_proceso,alta,2,María González López,2024-07-09 07:46:52,2024-07-13 21:47:26,,2024,Sur-Este,Sur,Este,9,1,0.005390732788772173,0,0,0,0,2.0,7,7,46,Tuesday,July,3,0,28,110.00944444444444,3
525,Personas viviendo en vía pública #523,La comunidad propone soluciones colaborativas para resolver el problema. Se ha documentado el deterioro progresivo con fotografías.,9,Otros,"Callejón Las Américas #35, Col. Santa Rosa",20.2648,-97.9614,nuevo,baja,1,admin,2024-07-09 10:20:42,2024-07-10 02:39:00,,2024,Sur-Oeste,Sur,Oeste,9,1,0.005385164807134093,0,1,0,0,1.0,10,7,20,Tuesday,July,1,1,28,16.305,3
527,Animales muertos no retirados de vía #525,La situación está creando un foco de infección que pone en riesgo la salud pública. La situación afecta particularmente a adultos mayores y niños.,4,Limpieza,"Callejón Calle Estrella #58, Col. Nuevo México, frente al mercado",20.272,-97.9587,en_proceso,baja,2,María González López,2024-07-10 02:03:47,2024-07-16 19:25:31,,2024,Norte-Este,Norte,Este,10,2,0.002385372088374668,0,0,1,0,2.0,2,7,3,Wednesday,July,1,0,28,161.36222222222221,3
526,Rejilla de desagüe hundida #524,La superficie irregular dificulta el tránsito y acceso para personas con discapacidad.,1,Infraestructura,"Cerrada Carretera Xicotepec-Tlaxco #46, Col. Colinas de San Juan",20.2672,-97.96,nuevo,alta,1,admin,2024-07-10 09:25:42,2024-07-11 08:53:17,,2024,Sur-Este,Sur,Este,10,2,0.00280000000000058,0,1,0,0,1.0,9,7,25,Wednesday,July,3,1,28,23.459722222222222,3
528,Grietas en muros de contención #526,La estructura presenta daños visibles que comprometen la seguridad peatonal y vehicular. Durante las lluvias el problema se vuelve más peligroso.,1,Infraestructura,"Avenida Las Rosas #782, Col. Vista Hermosa, altura del semáforo",20.262,-97.9552,no_aprobado,media,2,María González López,2024-07-10 09:42:50,2024-07-12 22:09:50,,2024,Sur-Este,Sur,Este,10,2,0.00932952303174597,0,1,0,0,1.0,9,7,42,Wednesday,July,2,0,28,60.45,3
531,Contador de electricidad sin protección #529,Los residentes reportan fallas constantes en el suministro eléctrico de la zona. Los comerciantes locales también han expresado su preocupación.,2,Servicios Públicos,"Andador Avenida Central #40, Col. San José",20.2737,-97.9574,en_proceso,alta,1,admin,2024-07-11 02:49:50,2024-07-16 08:28:48,,2024,Norte-Este,Norte,Este,11,3,0.004522167621832101,0,0,1,0,2.0,2,7,49,Thursday,July,3,0,28,125.64944444444444,3
529,Trafico intenso por mal diseño vial #527,Las unidades de transporte operan en condiciones inseguras para los pasajeros.,6,Transporte,"Cerrada Miguel Hidalgo #26, Col. El Calvario",20.2765,-97.9587,nuevo,alta,2,María González López,2024-07-11 03:03:11,2024-07-14 23:58:27,,2024,Norte-Este,Norte,Este,11,3,0.006628725367669803,0,0,1,0,1.0,3,7,3,Thursday,July,3,0,28,92.92111111111112,3
530,Parada de autobús sin techo #528,Los peatones no tienen cruzamentos seguros en esta intersección de alto tráfico. La comunidad está organizada para colaborar con las autoridades.,6,Transporte,"Camino Central #228, Col. La Libertad, cerca del zócalo",20.2735,-97.9579,en_proceso,media,1,admin,2024-07-11 03:09:22,2024-07-16 13:41:11,,2024,Norte-Este,Norte,Este,11,3,0.004081666326390118,0,0,1,0,2.0,3,7,9,Thursday,July,2,0,28,130.53027777777777,3
532,Conductor sin identificación visible #530,Los horarios irregulares afectan la movilidad de trabajadores y estudiantes. Se observa un patrón de deterioro acelerado en los últimos días.,6,Transporte,"Calle Colinas #293, Col. Los Pinos, C.P. 73080",20.2707,-97.9626,nuevo,alta,1,admin,2024-07-12 08:33:27,2024-07-12 17:28:33,,2024,Norte-Oeste,Norte,Oeste,12,4,0.0026925824035687615,0,1,0,0,1.0,8,7,33,Friday,July,3,1,28,8.918333333333333,3
533,Humo constante en zona residencial #531,El problema ambiental está afectando la calidad del aire y agua en la zona. Los vecinos han intentado soluciones temporales sin éxito.,7,Medio Ambiente,"Cerrada Callejón del Carmen #41, Col. Colinas de San Juan, junto al hospital",20.273,-97.9545,en_proceso,media,1,admin,2024-07-12 17:33:08,2024-07-14 03:49:21,,2024,Norte-Este,Norte,Este,12,4,0.0062649820430689925,0,1,0,0,2.0,17,7,33,Friday,July,2,0,28,34.27027777777778,3
536,Alcantarilla obstruida con basura #534,La presión del agua es insuficiente para abastecer adecuadamente los hogares.,3,Saneamiento,"Avenida Morelos #1208, Col. Las Palmas",20.2543,-97.9594,resuelto,alta,2,María González López,2024-07-13 15:32:26,2024-08-08 07:04:52,,2024,Sur-Este,Sur,Este,13,5,0.015711460785043395,1,1,0,1,3.0,15,7,32,Saturday,July,3,0,28,615.5405555555556,3
534,Intento de saqueo a local #532,"Las cámaras de seguridad no funcionan, dejando la zona sin monitoreo.",5,Seguridad,"Carretera Primera #885, Col. Santa Matilde",20.2705,-97.9675,en_proceso,alta,2,María González López,2024-07-13 18:29:04,2024-07-18 04:24:05,,2024,Norte-Oeste,Norte,Oeste,13,5,0.00751664818919375,1,1,0,0,2.0,18,7,29,Saturday,July,3,0,28,105.91694444444444,3
535,Rejilla de desagüe hundida #533,La reparación temporal anterior no fue efectiva y el problema persiste. El problema se presenta de manera intermitente pero frecuente.,1,Infraestructura,"Calle Campestre #237, Col. Lomas del Mirador",20.2749,-97.95,nuevo,alta,1,admin,2024-07-13 23:14:51,2024-07-14 09:27:37,,2024,Norte-Este,Norte,Este,13,5,0.011135977729854286,1,0,1,0,1.0,23,7,14,Saturday,July,3,1,28,10.212777777777777,3
538,Personas viviendo en vía pública #536,El problema se ha extendido y ahora afecta a múltiples cuadras del sector. El problema se intensifica durante las horas pico.,9,Otros,"Boulevard Del Valle #981, Col. Santa Cecilia",20.2532,-97.9604,nuevo,baja,2,María González López,2024-07-14 00:42:44,2024-07-14 08:43:22,,2024,Sur-Oeste,Sur,Oeste,14,6,0.016804761230080244,1,0,1,1,1.0,0,7,42,Sunday,July,1,1,28,8.010555555555555,3
537,Pozo de absorción colapsado #535,"La obstrucción causa desbordamientos durante las lluvias, inundando casas vecinas. Los comerciantes locales también han expresado su preocupación.",3,Saneamiento,"Avenida Las Magnolias #843, Col. Emiliano Zapata, altura del deportivo, C.P. 73080",20.2744,-97.9618,cerrado,alta,2,María González López,2024-07-14 07:27:20,2024-08-15 03:15:39,,2024,Norte-Oeste,Norte,Oeste,14,6,0.00475394572960336,1,0,0,0,4.0,7,7,27,Sunday,July,3,0,28,763.8052777777777,3
539,Publicidad invasiva en postes #537,Se solicita intervención de autoridades competentes para establecer orden. Los vecinos han intentado soluciones temporales sin éxito.,9,Otros,"Avenida Avenida Universidad #1067, Col. Colinas de San Juan",20.2724,-97.9603,resuelto,media,2,María González López,2024-07-14 23:15:36,2024-07-23 22:19:33,,2024,Norte-Oeste,Norte,Oeste,14,6,0.002418677324492301,1,0,1,0,3.0,23,7,15,Sunday,July,2,0,28,215.06583333333333,3
541,Nido de avispas en parque #539,Los niveles de contaminación han aumentado por la actividad industrial no regulada. Se solicita seguimiento continuo hasta la resolución completa.,7,Medio Ambiente,"Camino Central #7, Col. Santa María",20.2759,-97.9575,nuevo,media,1,admin,2024-07-15 00:50:54,2024-07-15 22:33:16,,2024,Norte-Este,Norte,Este,15,0,0.006407807737439855,0,0,1,0,1.0,0,7,50,Monday,July,2,1,29,21.70611111111111,3
542,Malos olores por fuga de aguas negras #540,El problema de drenaje ha causado acumulación de agua contaminada en la vía pública.,3,Saneamiento,"Avenida San Miguel #266, Col. Solidaridad",20.2735,-97.958,resuelto,alta,1,admin,2024-07-15 08:19:34,2024-08-08 19:06:48,,2024,Norte-Este,Norte,Este,15,0,0.004031128874146049,0,1,0,0,3.0,8,7,19,Monday,July,3,0,29,586.7872222222222,3
540,Comercio informal bloqueando banquetas #538,El uso inadecuado del espacio público afecta el libre tránsito de ciudadanos. Se requiere coordinación entre múltiples dependencias municipales.,9,Otros,"Privada San Carlos #25, Col. La Libertad",20.2767,-97.9506,nuevo,alta,2,María González López,2024-07-15 10:05:27,2024-07-16 07:47:47,,2024,Norte-Este,Norte,Este,15,0,0.011543396380615962,0,1,0,0,1.0,10,7,5,Monday,July,3,1,29,21.705555555555556,3
543,Columna estructural con daño #541,El área afectada está en una zona de alto tráfico peatonal y necesita atención inmediata. La comunidad está organizada para colaborar con las autoridades.,1,Infraestructura,"Callejón Andador Guadalupe #79, Col. Lomas de Santa Anita, frente al mercado",20.2547,-97.9559,en_proceso,baja,1,admin,2024-07-16 07:57:03,2024-07-23 12:30:44,,2024,Sur-Este,Sur,Este,16,1,0.015839823231335214,0,0,0,1,2.0,7,7,57,Tuesday,July,1,0,29,172.5613888888889,3
544,Parada de autobús vandalizada #542,Los comerciantes reportan pérdidas económicas debido a las fallas constantes. Se ha documentado el deterioro progresivo con fotografías.,2,Servicios Públicos,"Avenida Niños Héroes #515, Col. Emiliano Zapata",20.2758,-97.9655,resuelto,media,1,admin,2024-07-16 21:24:23,2024-07-31 01:45:08,,2024,Norte-Oeste,Norte,Oeste,16,1,0.007993122043365821,0,0,0,0,3.0,21,7,24,Tuesday,July,2,0,29,340.34583333333336,3
545,Drenaje colapsado en avenida #543,Se observa proliferación de insectos y roedores debido al agua estancada.,3,Saneamiento,"Boulevard Calle Otoño #445, Col. Santa Matilde",20.2731,-97.9526,nuevo,media,2,María González López,2024-07-17 01:04:16,2024-07-17 18:58:50,,2024,Norte-Este,Norte,Este,17,2,0.008023091673404285,0,0,1,0,1.0,1,7,4,Wednesday,July,2,1,29,17.909444444444443,3
546,Bache profundo en avenida principal #544,Varios vecinos han reportado tropiezos y caídas en esta zona.,1,Infraestructura,"Calle Las Bugambilias #34, Col. San Miguel, cerca del parque",20.2765,-97.95,en_proceso,alta,1,admin,2024-07-17 06:22:39,2024-07-20 00:25:06,,2024,Norte-Este,Norte,Este,17,2,0.011926860441868426,0,0,1,0,2.0,6,7,22,Wednesday,July,3,0,29,66.04083333333334,3
547,Quema de basura en casa particular #545,La falta de normativa clara permite que la situación se repita constantemente.,9,Otros,"Camino Santa Ana #62, Col. San Miguel",20.2735,-97.9543,resuelto,media,1,admin,2024-07-17 10:04:43,2024-08-12 09:38:12,,2024,Norte-Este,Norte,Este,17,2,0.006688796603267415,0,1,0,0,3.0,10,7,4,Wednesday,July,2,0,29,623.5580555555556,3
550,Robo de cableado público #548,Los residentes evitan transitar por el área durante horas nocturnas.,5,Seguridad,"Camino Calle Luna #227, Col. Las Palmas",20.2796,-97.95,en_proceso,alta,1,admin,2024-07-18 10:36:06,2024-07-22 11:04:28,,2024,Norte-Este,Norte,Este,18,3,0.013862178760923471,0,1,0,0,2.0,10,7,36,Thursday,July,3,0,29,96.47277777777778,3
548,Contenedor de reciclaje saturado #546,La basura obstruye el drenaje pluvial y podría causar inundaciones.,4,Limpieza,"Callejón Francisco I. Madero #59, Col. Santa Matilde",20.2693,-97.956,resuelto,media,1,admin,2024-07-18 14:51:59,2024-07-28 16:11:39,,2024,Sur-Este,Sur,Este,18,3,0.004060788100839927,0,1,0,0,3.0,14,7,51,Thursday,July,2,0,29,241.32777777777778,3
549,Contenedor con residuos peligrosos #547,Los residuos se han esparcido por la calle debido al viento y animales callejeros. En horario escolar representa mayor riesgo para los menores.,4,Limpieza,"Boulevard Andador Guadalupe #815, Col. San Francisco",20.268,-97.9594,no_aprobado,media,2,María González López,2024-07-18 23:45:16,2024-07-23 14:38:21,,2024,Sur-Este,Sur,Este,18,3,0.0020880613017786047,0,0,1,0,1.0,23,7,45,Thursday,July,2,0,29,110.88472222222222,3
553,Bache profundo en avenida principal #551,El área afectada está en una zona de alto tráfico peatonal y necesita atención inmediata. La situación ha empeorado desde la semana pasada.,1,Infraestructura,"Carretera Avenida Revolución #207, Col. La Cruz",20.2639,-97.9662,cerrado,baja,2,María González López,2024-07-19 13:54:28,2024-09-19 14:06:31,,2024,Sur-Oeste,Sur,Oeste,19,4,0.008697700845630705,0,1,0,0,4.0,13,7,54,Friday,July,1,0,29,1488.2008333333333,3
551,Puente vehicular con fisuras visibles #549,Varios vecinos han reportado tropiezos y caídas en esta zona.,1,Infraestructura,"Andador Calle Victoria #53, Col. Los Pinos",20.2593,-97.9526,cerrado,media,1,admin,2024-07-19 15:34:22,2024-08-20 14:53:36,,2024,Sur-Este,Sur,Este,19,4,0.013009611831251863,0,1,0,1,4.0,15,7,34,Friday,July,2,0,29,767.3205555555555,3
552,Basura doméstica expuesta a animales #550,La situación está creando un foco de infección que pone en riesgo la salud pública.,4,Limpieza,"Calle Mirador #43, Col. Benito Juárez",20.2686,-97.9629,en_proceso,media,1,admin,2024-07-19 17:35:01,2024-07-23 12:56:37,,2024,Sur-Oeste,Sur,Oeste,19,4,0.00322024843763096,0,1,0,0,2.0,17,7,35,Friday,July,2,0,29,91.36,3
554,Vehículo abandonado en esquina #552,Los incidentes delictivos han aumentado significativamente en esta zona. Los vecinos han intentado soluciones temporales sin éxito.,5,Seguridad,"Callejón 16 de Septiembre #80, Col. Nuevo México, frente a la clínica",20.2669,-97.9612,cerrado,alta,2,María González López,2024-07-20 08:42:14,2024-09-20 20:43:13,,2024,Sur-Oeste,Sur,Oeste,20,5,0.0033241540277229413,1,1,0,0,4.0,8,7,42,Saturday,July,3,0,29,1500.016388888889,3
555,Residuos sólidos flotando en canal #553,Los residuos se han esparcido por la calle debido al viento y animales callejeros.,4,Limpieza,"Camino Avenida Juárez #85, Col. San Rafael",20.2757,-97.9525,nuevo,alta,2,María González López,2024-07-20 16:49:26,2024-07-21 00:54:19,,2024,Norte-Este,Norte,Este,20,5,0.009420191080859678,1,1,0,0,1.0,16,7,49,Saturday,July,3,1,29,8.081388888888888,3
558,Drenaje colapsado en avenida #556,Los malos olores afectan la calidad de vida de los residentes de la zona.,3,Saneamiento,"Avenida Quinta #423, Col. Centro, altura del semáforo",20.2669,-97.9522,resuelto,alta,1,admin,2024-07-21 03:13:58,2024-08-02 03:11:02,,2024,Sur-Este,Sur,Este,21,6,0.008393449827086983,1,0,1,0,3.0,3,7,13,Sunday,July,3,0,29,287.9511111111111,3
556,Cables eléctricos sobre zona peatonal #554,Los comerciantes reportan pérdidas económicas debido a las fallas constantes. El problema coincide con fallas similares en zonas cercanas.,2,Servicios Públicos,"Camino Principal #120, Col. La Esperanza",20.2728,-97.9564,cerrado,media,2,María González López,2024-07-21 17:12:31,2024-09-22 00:57:48,,2024,Norte-Este,Norte,Este,21,6,0.004560701700390285,1,1,0,0,4.0,17,7,12,Sunday,July,2,0,29,1495.7547222222222,3
557,Basura en parque recreativo #555,La situación está creando un foco de infección que pone en riesgo la salud pública. Se requiere coordinación entre múltiples dependencias municipales.,4,Limpieza,"Avenida Las Palmas #1119, Col. Vista Alegre",20.2776,-97.9527,resuelto,media,2,María González López,2024-07-21 21:02:27,2024-07-29 12:11:21,,2024,Norte-Este,Norte,Este,21,6,0.010538026380684939,1,0,0,0,3.0,21,7,2,Sunday,July,2,0,29,183.14833333333334,3
559,Fuga de mascotas en calle #557,Es necesario establecer regulaciones claras para prevenir futuros conflictos. Se requiere coordinación entre múltiples dependencias municipales.,9,Otros,"Camino Anillo Periférico #292, Col. Colinas de San Juan",20.2776,-97.9594,nuevo,alta,2,María González López,2024-07-22 10:30:47,2024-07-22 12:16:00,,2024,Norte-Este,Norte,Este,22,0,0.007623647421017749,0,1,0,0,1.0,10,7,30,Monday,July,3,1,30,1.753611111111111,3
560,Restos de poda sin recoger #558,Los comerciantes de la zona reportan que la situación afecta sus ventas. Se ha documentado el deterioro progresivo con fotografías.,4,Limpieza,"Andador Avenida Revolución #17, Col. San Antonio",20.28,-97.9533,en_proceso,media,1,admin,2024-07-22 16:54:39,2024-07-24 01:30:11,,2024,Norte-Este,Norte,Este,22,0,0.012037026210819882,0,1,0,0,2.0,16,7,54,Monday,July,2,0,30,32.59222222222222,3
561,Tala no autorizada de árboles #559,El área verde requiere rehabilitación para restaurar el ecosistema local. El problema se intensifica durante las horas pico.,7,Medio Ambiente,"Andador Avenida Central #35, Col. Vista Alegre",20.2744,-97.9505,nuevo,baja,1,admin,2024-07-22 23:45:25,2024-07-23 03:32:42,,2024,Norte-Este,Norte,Este,22,0,0.010469479452187935,0,0,1,0,1.0,23,7,45,Monday,July,1,1,30,3.7880555555555557,3
562,Inundación en área verde #560,El ruido excesivo afecta el descanso y bienestar de los residentes.,7,Medio Ambiente,"Andador Avenida Tecnológico #69, Col. Jardines de Xicotepec",20.2767,-97.9565,resuelto,media,2,María González López,2024-07-23 06:56:04,2024-08-01 13:58:49,,2024,Norte-Este,Norte,Este,23,1,0.007559100475582186,0,0,1,0,3.0,6,7,56,Tuesday,July,2,0,30,223.04583333333332,3
564,Cableado colgante sobre calle #562,La infraestructura eléctrica muestra signos de deterioro y posibles fallas de seguridad. Se solicita seguimiento continuo hasta la resolución completa.,2,Servicios Públicos,"Privada Rinconada #17, Col. San Francisco, frente al banco",20.277,-97.9566,resuelto,media,2,María González López,2024-07-23 16:48:52,2024-08-15 08:17:35,,2024,Norte-Este,Norte,Este,23,1,0.007782030583338434,0,1,0,0,3.0,16,7,48,Tuesday,July,2,0,30,543.4786111111111,3
563,Contenedor de basura desbordado #561,Los residuos se han esparcido por la calle debido al viento y animales callejeros.,4,Limpieza,"Carretera Rinconada #1351, Col. La Huerta, esquina con Hidalgo",20.2745,-97.9664,resuelto,alta,1,admin,2024-07-23 16:55:51,2024-08-04 01:30:32,,2024,Norte-Oeste,Norte,Oeste,23,1,0.007823681997626982,0,1,0,0,3.0,16,7,55,Tuesday,July,3,0,30,272.5780555555556,3
565,Fugas en sistema eléctrico público #563,Los comerciantes reportan pérdidas económicas debido a las fallas constantes.,2,Servicios Públicos,"Andador Avenida Hidalgo #55, Col. Emiliano Zapata",20.2702,-97.9568,en_proceso,alta,2,María González López,2024-07-24 07:49:18,2024-07-29 07:49:43,,2024,Norte-Este,Norte,Este,24,2,0.003206243908368807,0,0,0,0,2.0,7,7,49,Wednesday,July,3,0,30,120.00694444444444,3
566,Tubería rota en zona habitacional #564,El sistema requiere limpieza profunda y reparación de conexiones dañadas. Los vecinos han intentado soluciones temporales sin éxito.,3,Saneamiento,"Camino Hidalgo #92, Col. Buenos Aires, frente al OXXO",20.277,-97.9531,en_proceso,media,2,María González López,2024-07-24 12:11:02,2024-07-31 22:13:15,,2024,Norte-Este,Norte,Este,24,2,0.009829038610151422,0,1,0,0,2.0,12,7,11,Wednesday,July,2,0,30,178.03694444444446,3
569,Reclamos vecinales sin respuesta del gobierno #567,El problema se ha extendido y ahora afecta a múltiples cuadras del sector. Se observa un patrón de deterioro acelerado en los últimos días.,9,Otros,"Privada Privada del Carmen #27, Col. Jardines de Xicotepec",20.2756,-97.963,resuelto,alta,2,María González López,2024-07-25 02:18:27,2024-08-02 03:40:35,,2024,Norte-Oeste,Norte,Oeste,25,3,0.006352952069708513,0,0,1,0,3.0,2,7,18,Thursday,July,3,0,30,193.36888888888888,3
567,Trafico intenso por mal diseño vial #565,La ruta necesita reubicación de paradas para mejorar la seguridad peatonal. Las condiciones climáticas recientes han agravado la situación.,6,Transporte,"Camino San Carlos #153, Col. San Rafael",20.2616,-97.9656,resuelto,media,2,María González López,2024-07-25 06:38:17,2024-08-14 14:38:12,,2024,Sur-Oeste,Sur,Oeste,25,3,0.010095543571298304,0,0,1,0,3.0,6,7,38,Thursday,July,2,0,30,487.99861111111113,3
568,Foco de infección por basura #566,Las instalaciones sanitarias no cumplen con normas básicas de higiene. Se requiere coordinación entre múltiples dependencias municipales.,8,Salud Pública,"Privada Carretera a Huauchinango #41, Col. El Calvario",20.2737,-97.9607,resuelto,alta,2,María González López,2024-07-25 12:26:48,2024-08-20 20:18:31,,2024,Norte-Oeste,Norte,Oeste,25,3,0.0037656340767562237,0,1,0,0,3.0,12,7,26,Thursday,July,3,0,30,631.8619444444445,3
571,Fugas en sistema eléctrico público #569,Se requiere revisión técnica urgente para evitar cortes prolongados de energía.,2,Servicios Públicos,"Camino San Pablo #85, Col. El Calvario, junto a la escuela",20.2748,-97.95,en_proceso,alta,2,María González López,2024-07-26 00:39:01,2024-08-01 23:12:10,,2024,Norte-Este,Norte,Este,26,4,0.01109233969908121,0,0,1,0,2.0,0,7,39,Friday,July,3,0,30,166.5525,3
572,Fuga de agua en tubería principal #570,El sistema requiere limpieza profunda y reparación de conexiones dañadas.,3,Saneamiento,"Camino Las Palmas #76, Col. San José",20.2779,-97.9513,nuevo,media,2,María González López,2024-07-26 10:43:58,2024-07-27 06:26:26,,2024,Norte-Este,Norte,Este,26,4,0.011751595636330514,0,1,0,0,1.0,10,7,43,Friday,July,2,1,30,19.70777777777778,3
570,Recolección de basura atrasada #568,Los contenedores están dañados y no pueden contener adecuadamente la basura. Los residentes están dispuestos a aportar recursos para la solución.,4,Limpieza,"Calle Hermanos Serdán #33, Col. San Rafael",20.2693,-97.9612,en_proceso,baja,2,María González López,2024-07-26 20:07:15,2024-07-28 04:00:52,,2024,Sur-Oeste,Sur,Oeste,26,4,0.0013892443989540178,0,0,0,0,2.0,20,7,7,Friday,July,1,0,30,31.89361111111111,3
573,Animales callejeros agresivos #571,Se necesita fumigación para controlar vectores de enfermedades tropicales. Se solicita seguimiento continuo hasta la resolución completa.,8,Salud Pública,"Callejón Monte Alto #53, Col. El Calvario",20.2682,-97.9561,en_proceso,media,2,María González López,2024-07-27 03:14:07,2024-08-01 19:58:32,,2024,Sur-Este,Sur,Este,27,5,0.004295346318971158,1,0,1,0,2.0,3,7,14,Saturday,July,2,0,30,136.74027777777778,3
574,Puerta forzada en escuela pública #572,"Las cámaras de seguridad no funcionan, dejando la zona sin monitoreo.",5,Seguridad,"Privada Boulevard Benito Juárez #76, Col. Benito Juárez",20.2735,-97.95,nuevo,alta,1,admin,2024-07-27 05:14:42,2024-07-28 02:22:20,,2024,Norte-Este,Norte,Este,27,5,0.010594810050199613,1,0,1,0,1.0,5,7,14,Saturday,July,3,1,30,21.127222222222223,3
575,Publicidad invasiva en postes #573,La falta de normativa clara permite que la situación se repita constantemente.,9,Otros,"Boulevard Norte #1285, Col. Jardines de Xicotepec, cerca del centro",20.2749,-97.9568,en_proceso,alta,1,admin,2024-07-27 17:49:35,2024-07-30 14:52:12,,2024,Norte-Este,Norte,Este,27,5,0.005852349955355097,1,1,0,0,2.0,17,7,49,Saturday,July,3,0,30,69.0436111111111,3
577,Basura acumulada en esquina #575,Los contenedores están dañados y no pueden contener adecuadamente la basura.,4,Limpieza,"Andador Callejón del Carmen #4, Col. Lomas de Santa Anita",20.2521,-97.9549,no_aprobado,media,1,admin,2024-07-28 01:58:44,2024-07-29 08:55:02,,2024,Sur-Este,Sur,Este,28,6,0.01861236148370271,1,0,1,1,1.0,1,7,58,Sunday,July,2,0,30,30.938333333333333,3
576,Grupo de personas intimidando en calle #574,Se requiere incrementar la presencia policial y mejorar la infraestructura de seguridad. La comunidad está organizada para colaborar con las autoridades.,5,Seguridad,"Avenida Santa Lucía #215, Col. Emiliano Zapata",20.2799,-97.9614,en_proceso,alta,2,María González López,2024-07-28 16:55:06,2024-07-30 08:50:48,,2024,Norte-Oeste,Norte,Oeste,28,6,0.009998499887485439,1,1,0,0,2.0,16,7,55,Sunday,July,3,0,30,39.928333333333335,3
579,Basura doméstica expuesta a animales #577,Los comerciantes de la zona reportan que la situación afecta sus ventas. El problema coincide con fallas similares en zonas cercanas.,4,Limpieza,"Carretera Andador San Antonio #205, Col. Los Pinos",20.2694,-97.9558,en_proceso,alta,1,admin,2024-07-29 04:07:35,2024-08-02 03:10:20,,2024,Sur-Este,Sur,Este,29,0,0.004242640687116431,0,0,1,0,2.0,4,7,7,Monday,July,3,0,31,95.04583333333333,3
580,Falta de atención a denuncias previas #578,El problema se ha extendido y ahora afecta a múltiples cuadras del sector. Se solicita seguimiento continuo hasta la resolución completa.,9,Otros,"Carretera Degollado #1060, Col. Vista Alegre",20.2678,-97.9571,cerrado,alta,1,admin,2024-07-29 14:30:20,2024-09-29 19:08:28,,2024,Sur-Este,Sur,Este,29,0,0.003640054944636753,0,1,0,0,4.0,14,7,30,Monday,July,3,0,31,1492.6355555555556,3
578,Cartón mojado bloqueando acera #576,La acumulación de desechos está atrayendo fauna nociva y generando malos olores. El problema coincide con fallas similares en zonas cercanas. Las condiciones climáticas recientes han agravado la situación.,4,Limpieza,"Carretera Los Arcos #1047, Col. Santa María, altura del puente",20.2673,-97.9641,en_proceso,media,1,admin,2024-07-29 20:43:49,2024-08-01 05:18:33,,2024,Sur-Oeste,Sur,Oeste,29,0,0.004909175083460733,0,0,0,0,2.0,20,7,43,Monday,July,2,0,31,56.57888888888889,3
583,Sistema pluvial no funcional #581,"La obstrucción causa desbordamientos durante las lluvias, inundando casas vecinas. Se observa un patrón de deterioro acelerado en los últimos días.",3,Saneamiento,"Privada Reforma #27, Col. Lomas del Mirador",20.2755,-97.9516,cerrado,alta,2,María González López,2024-07-30 02:30:32,2024-08-30 06:13:53,,2024,Norte-Este,Norte,Este,30,1,0.010040418317974862,0,0,1,0,4.0,2,7,30,Tuesday,July,3,0,31,747.7225,3
581,Nido de avispas en parque #579,El ruido excesivo afecta el descanso y bienestar de los residentes. Se ha documentado el deterioro progresivo con fotografías.,7,Medio Ambiente,"Avenida Los Naranjos #1198, Col. Santa Cecilia, frente a la iglesia",20.2763,-97.953,nuevo,alta,1,admin,2024-07-30 17:13:33,2024-08-01 18:04:09,,2024,Norte-Este,Norte,Este,30,1,0.009417536832944438,0,1,0,0,1.0,17,7,13,Tuesday,July,3,0,31,48.843333333333334,3
582,Toma de agua sin tapa #580,Se requiere revisión técnica urgente para evitar cortes prolongados de energía. La situación afecta particularmente a adultos mayores y niños.,2,Servicios Públicos,"Privada Calle Libertad #43, Col. Vista Hermosa, cerca de la terminal",20.2796,-97.9601,en_proceso,alta,2,María González López,2024-07-30 19:18:09,2024-08-06 20:43:43,,2024,Norte-Oeste,Norte,Oeste,30,1,0.009600520819204568,0,0,0,0,2.0,19,7,18,Tuesday,July,3,0,31,169.4261111111111,3
584,Cámara de vigilancia dañada #582,Los residentes evitan transitar por el área durante horas nocturnas.,5,Seguridad,"Camino Calle Aurora #120, Col. Buenos Aires",20.2747,-97.9691,resuelto,baja,1,admin,2024-07-31 07:07:25,2024-08-13 15:33:39,,2024,Norte-Oeste,Norte,Oeste,31,2,0.01024207010325861,0,0,0,0,3.0,7,7,7,Wednesday,July,1,0,31,320.4372222222222,3
585,Intento de saqueo a local #583,La comunidad solicita patrullajes más frecuentes y puntos de vigilancia.,5,Seguridad,"Andador Las Bugambilias #56, Col. La Cruz, frente a la clínica, C.P. 73080",20.266,-97.9594,nuevo,baja,2,María González López,2024-07-31 21:41:49,2024-08-01 15:50:37,,2024,Sur-Este,Sur,Este,31,2,0.004044749683231396,0,0,0,0,1.0,21,7,41,Wednesday,July,1,1,31,18.14666666666667,3
588,Casos de dengue sin fumigación #586,La falta de agua potable obliga a los vecinos a usar fuentes contaminadas.,8,Salud Pública,"Boulevard Hermanos Serdán #449, Col. Revolución",20.2779,-97.9553,no_aprobado,alta,1,admin,2024-08-01 04:08:37,2024-08-02 13:33:50,,2024,Norte-Este,Norte,Este,1,3,0.00919238815542441,0,0,1,0,1.0,4,8,8,Thursday,August,3,0,31,33.42027777777778,3
586,Tubería de gas expuesta #584,Se requiere revisión técnica urgente para evitar cortes prolongados de energía.,2,Servicios Públicos,"Calle Ricardo Flores Magón #20, Col. Lomas del Mirador",20.28,-97.9518,en_proceso,baja,1,admin,2024-08-01 19:26:44,2024-08-03 03:13:15,,2024,Norte-Este,Norte,Este,1,3,0.012932130528255365,0,0,0,0,2.0,19,8,26,Thursday,August,1,0,31,31.775277777777777,3
587,Transformador haciendo ruidos extraños #585,El servicio ha estado interrumpido por más de 48 horas afectando a múltiples familias. Se solicita seguimiento continuo hasta la resolución completa. Las condiciones climáticas recientes han agravado la situación.,2,Servicios Públicos,"Calle Calle Primavera #209, Col. La Libertad, altura de la gasolinera",20.2706,-97.9625,nuevo,baja,2,María González López,2024-08-01 19:30:37,2024-08-02 08:07:29,,2024,Norte-Oeste,Norte,Oeste,1,3,0.0025709920264485983,0,0,0,0,1.0,19,8,30,Thursday,August,1,1,31,12.614444444444445,3
590,Choferes con música muy alta #588,La infraestructura vial necesita reparación para garantizar tránsito seguro. Se solicita seguimiento continuo hasta la resolución completa.,6,Transporte,"Privada Norte #18, Col. Santa Rosa, C.P. 73080",20.2782,-97.9511,nuevo,alta,2,María González López,2024-08-02 12:18:44,2024-08-02 18:20:27,,2024,Norte-Este,Norte,Este,2,4,0.012101652779679513,0,1,0,0,1.0,12,8,18,Friday,August,3,1,31,6.028611111111111,3
591,Muros de contención con filtraciones #589,Los materiales sueltos representan un riesgo tanto para peatones como para vehículos.,1,Infraestructura,"Camino Pancho Villa #98, Col. Vista Alegre",20.274,-97.9557,en_proceso,alta,2,María González López,2024-08-02 19:03:21,2024-08-04 05:27:46,,2024,Norte-Este,Norte,Este,2,4,0.005872818744011785,0,0,0,0,2.0,19,8,3,Friday,August,3,0,31,34.40694444444444,3
589,Montón de hojas secas sin recoger #587,Los comerciantes de la zona reportan que la situación afecta sus ventas.,4,Limpieza,"Avenida Santa Cecilia #842, Col. El Carmen",20.2771,-97.95,nuevo,alta,2,María González López,2024-08-02 22:48:14,2024-08-03 10:48:54,,2024,Norte-Este,Norte,Este,2,4,0.012264175471666874,0,0,1,0,1.0,22,8,48,Friday,August,3,1,31,12.011111111111111,3
593,Falta de atención a denuncias previas #591,La situación está afectando la convivencia pacífica y el orden público. La comunidad está organizada para colaborar con las autoridades. El problema es más evidente durante las primeras horas del día.,9,Otros,"Cerrada Calle Esperanza #19, Col. San José",20.2726,-97.9587,nuevo,baja,2,María González López,2024-08-03 07:18:59,2024-08-04 02:03:32,,2024,Norte-Este,Norte,Este,3,5,0.002906888370750896,1,0,0,0,1.0,7,8,18,Saturday,August,1,1,31,18.7425,3
592,Alcantarilla sin tapa en cruce peatonal #590,La estructura presenta daños visibles que comprometen la seguridad peatonal y vehicular.,1,Infraestructura,"Callejón Constitución #71, Col. San Francisco",20.2504,-97.9535,resuelto,baja,2,María González López,2024-08-03 17:54:47,2024-08-23 21:45:04,,2024,Sur-Este,Sur,Este,3,5,0.020649697334340498,1,1,0,1,3.0,17,8,54,Saturday,August,1,0,31,483.83805555555557,3
594,Semáforo descompuesto en cruce #592,Los peatones no tienen cruzamentos seguros en esta intersección de alto tráfico.,6,Transporte,"Calle Andador San Antonio #298, Col. Buenos Aires, C.P. 73080",20.2527,-97.9629,en_proceso,media,1,admin,2024-08-03 19:05:00,2024-08-10 23:28:10,,2024,Sur-Oeste,Sur,Oeste,3,5,0.017541379649275622,1,0,0,1,2.0,19,8,5,Saturday,August,2,0,31,172.38611111111112,3
596,Transportes sin ventilación adecuada #594,La infraestructura vial necesita reparación para garantizar tránsito seguro.,6,Transporte,"Boulevard Calle Victoria #1147, Col. Solidaridad, C.P. 73080",20.2714,-97.9594,resuelto,baja,2,María González López,2024-08-04 06:43:10,2024-09-01 12:36:03,,2024,Norte-Este,Norte,Este,4,6,0.0015231546211696982,1,0,1,0,3.0,6,8,43,Sunday,August,1,0,31,677.8813888888889,3
595,Cristales rotos en edificio abandonado #593,"Las cámaras de seguridad no funcionan, dejando la zona sin monitoreo. Los comerciantes locales también han expresado su preocupación.",5,Seguridad,"Carretera Vicente Guerrero #452, Col. La Cruz",20.28,-97.9595,nuevo,alta,2,María González López,2024-08-04 23:43:32,2024-08-05 20:28:36,,2024,Norte-Este,Norte,Este,4,6,0.010012492197251364,1,0,1,0,1.0,23,8,43,Sunday,August,3,1,31,20.75111111111111,3
598,Contenedores con jeringas usadas #596,La falta de agua potable obliga a los vecinos a usar fuentes contaminadas. Se solicita seguimiento continuo hasta la resolución completa.,8,Salud Pública,"Carretera Insurgentes #1201, Col. Lomas de Santa Anita, junto a la escuela, C.P. 73080",20.2782,-97.953,en_proceso,alta,1,admin,2024-08-05 09:07:03,2024-08-12 22:41:37,,2024,Norte-Este,Norte,Este,5,0,0.01078146557754784,0,1,0,0,2.0,9,8,7,Monday,August,3,0,32,181.57611111111112,3
599,Falta de vacunación comunitaria #597,Se necesita fumigación para controlar vectores de enfermedades tropicales.,8,Salud Pública,"Andador Las Jacarandas #67, Col. San José",20.2752,-97.9594,en_proceso,alta,1,admin,2024-08-05 20:08:35,2024-08-07 20:26:55,,2024,Norte-Este,Norte,Este,5,0,0.005234500931322063,0,0,0,0,2.0,20,8,8,Monday,August,3,0,32,48.30555555555556,3
597,Contaminación visual por anuncios ilegales #595,Se observa mortandad de flora y fauna local debido a la contaminación. El problema coincide con fallas similares en zonas cercanas.,7,Medio Ambiente,"Carretera Quinta #263, Col. Francisco Villa",20.2747,-97.9576,en_proceso,alta,1,admin,2024-08-05 22:37:03,2024-08-07 03:32:32,,2024,Norte-Este,Norte,Este,5,0,0.005277309920780697,0,0,1,0,2.0,22,8,37,Monday,August,3,0,32,28.924722222222222,3
602,Baños públicos contaminados #600,Se han reportado casos sospechosos de enfermedades transmisibles en el área. Los vecinos han intentado soluciones temporales sin éxito.,8,Salud Pública,"Camino Norte #281, Col. San Juan",20.2749,-97.9626,en_proceso,alta,2,María González López,2024-08-06 10:29:17,2024-08-12 11:09:54,,2024,Norte-Oeste,Norte,Oeste,6,1,0.005547071299343283,0,1,0,0,2.0,10,8,29,Tuesday,August,3,0,32,144.67694444444444,3
600,Vecinos usando bocinas de alto volumen #598,La situación está afectando la convivencia pacífica y el orden público.,9,Otros,"Callejón Francisco Villa #49, Col. Vista Alegre",20.2714,-97.9575,nuevo,media,2,María González López,2024-08-06 16:48:10,2024-08-09 02:34:19,,2024,Norte-Este,Norte,Este,6,1,0.0028653097563770386,0,1,0,0,1.0,16,8,48,Tuesday,August,2,0,32,57.76916666666666,3
601,Cajas eléctricas abiertas #599,Las condiciones del cableado representan un riesgo de electrocución para transeúntes. Se requiere coordinación entre múltiples dependencias municipales.,2,Servicios Públicos,"Boulevard Las Magnolias #1355, Col. Santa Cecilia",20.2776,-97.9503,nuevo,baja,1,admin,2024-08-06 17:18:55,2024-08-06 20:44:47,,2024,Norte-Este,Norte,Este,6,1,0.01232274320108582,0,1,0,0,1.0,17,8,18,Tuesday,August,1,1,32,3.431111111111111,3
605,Bus con fallas mecánicas #603,El mantenimiento de la flota de transporte público es deficiente.,6,Transporte,"Boulevard Guerrero #771, Col. Las Palmas",20.2739,-97.955,resuelto,alta,1,admin,2024-08-07 08:10:07,2024-08-25 22:29:58,,2024,Norte-Este,Norte,Este,7,2,0.006341135544992455,0,1,0,0,3.0,8,8,10,Wednesday,August,3,0,32,446.3308333333333,3
604,Contenedor con residuos peligrosos #602,La comunidad está dispuesta a colaborar con horarios específicos de recolección. El problema se presenta de manera intermitente pero frecuente.,4,Limpieza,"Calle Plutarco Elías Calles #186, Col. San Rafael",20.2665,-97.9521,nuevo,media,2,María González López,2024-08-07 10:23:01,2024-08-07 16:05:32,,2024,Sur-Este,Sur,Este,7,2,0.008640601830883665,0,1,0,0,1.0,10,8,23,Wednesday,August,2,1,32,5.708611111111111,3
603,Conexión ilegal de luz #601,La infraestructura eléctrica muestra signos de deterioro y posibles fallas de seguridad. La situación afecta particularmente a adultos mayores y niños. Durante las lluvias el problema se vuelve más peligroso.,2,Servicios Públicos,"Privada Periférico Norte #17, Col. Lomas del Mirador",20.2689,-97.9581,resuelto,alta,1,admin,2024-08-07 20:50:35,2024-08-22 05:09:23,,2024,Sur-Este,Sur,Este,7,2,0.002195449840003604,0,0,0,0,3.0,20,8,50,Wednesday,August,3,0,32,344.31333333333333,3
607,Puente vehicular con fisuras visibles #605,El daño estructural requiere reparación urgente antes de que cause accidentes graves.,1,Infraestructura,"Andador Callejón de la Iglesia #80, Col. El Paraíso",20.2758,-97.9562,cerrado,media,1,admin,2024-08-08 00:56:20,2024-10-08 11:19:33,,2024,Norte-Este,Norte,Este,8,3,0.006933974329343507,0,0,1,0,4.0,0,8,56,Thursday,August,2,0,32,1474.3869444444445,3
606,Alcantarilla sin tapa en cruce peatonal #604,La superficie irregular dificulta el tránsito y acceso para personas con discapacidad.,1,Infraestructura,"Andador Las Palmas #74, Col. Colinas de San Juan",20.2716,-97.9535,en_proceso,baja,1,admin,2024-08-08 13:05:03,2024-08-12 13:47:02,,2024,Norte-Este,Norte,Este,8,3,0.006694027188460522,0,1,0,0,2.0,13,8,5,Thursday,August,1,0,32,96.69972222222222,3
610,Poste de concreto dañado #608,La reparación temporal anterior no fue efectiva y el problema persiste. El problema se intensifica durante las horas pico.,1,Infraestructura,"Andador Ricardo Flores Magón #22, Col. Las Palmas",20.2724,-97.9608,nuevo,alta,2,María González López,2024-08-09 02:26:07,2024-08-09 15:48:06,,2024,Norte-Oeste,Norte,Oeste,9,4,0.002529822128140042,0,0,1,0,1.0,2,8,26,Friday,August,3,1,32,13.366388888888888,3
609,Puerta forzada en escuela pública #607,La comunidad solicita patrullajes más frecuentes y puntos de vigilancia.,5,Seguridad,"Boulevard Boulevard Miguel Alemán #640, Col. La Libertad",20.2774,-97.9568,resuelto,alta,1,admin,2024-08-09 04:25:15,2024-08-21 13:23:21,,2024,Norte-Este,Norte,Este,9,4,0.008062257748296064,0,0,1,0,3.0,4,8,25,Friday,August,3,0,32,296.9683333333333,3
608,Rejilla de desagüe hundida #606,Se observan grietas que se extienden y podrían causar un colapso parcial. La situación es crítica especialmente los fines de semana.,1,Infraestructura,"Cerrada Josefa Ortiz #65, Col. Nuevo México",20.2743,-97.95,nuevo,alta,2,María González López,2024-08-09 07:18:09,2024-08-10 05:49:02,,2024,Norte-Este,Norte,Este,9,4,0.01088531120362774,0,0,0,0,1.0,7,8,18,Friday,August,3,1,32,22.514722222222222,3
613,Lámpara pública colgando #611,El problema afecta el funcionamiento normal de comercios y hogares del sector.,2,Servicios Públicos,"Calle Calle de la Paz #164, Col. Lomas del Mirador, C.P. 73080",20.2742,-97.9518,en_proceso,media,1,admin,2024-08-10 06:47:36,2024-08-14 03:03:11,,2024,Norte-Este,Norte,Este,10,5,0.009213034245014528,1,0,1,0,2.0,6,8,47,Saturday,August,2,0,32,92.25972222222222,3
612,Banquetas resbalosas sin textura #610,El daño estructural requiere reparación urgente antes de que cause accidentes graves.,1,Infraestructura,"Cerrada De la Montaña #51, Col. La Huerta, cerca de la terminal",20.2779,-97.9606,cerrado,alta,2,María González López,2024-08-10 21:56:52,2024-09-10 23:51:02,,2024,Norte-Oeste,Norte,Oeste,10,5,0.007922752047110689,1,0,0,0,4.0,21,8,56,Saturday,August,3,0,32,745.9027777777778,3
611,Escombros de construcción abandonados #609,Los comerciantes de la zona reportan que la situación afecta sus ventas.,4,Limpieza,"Andador Colinas #64, Col. La Huerta",20.2701,-97.9621,en_proceso,alta,2,María González López,2024-08-10 23:25:16,2024-08-18 10:27:05,,2024,Norte-Oeste,Norte,Oeste,10,5,0.0021023796041757074,1,0,1,0,2.0,23,8,25,Saturday,August,3,0,32,179.03027777777777,3
616,Incendio provocado en basurero #614,Es urgente implementar medidas preventivas antes de que ocurran incidentes graves.,5,Seguridad,"Boulevard Calle Victoria #708, Col. El Calvario",20.2737,-97.9577,nuevo,alta,2,María González López,2024-08-11 16:44:12,2024-08-12 04:04:41,,2024,Norte-Este,Norte,Este,11,6,0.004356604182155416,1,1,0,0,1.0,16,8,44,Sunday,August,3,1,32,11.341388888888888,3
614,Hundimiento de pavimento reciente #612,Varios vecinos han reportado tropiezos y caídas en esta zona. La situación afecta particularmente a adultos mayores y niños.,1,Infraestructura,"Camino De la Montaña #291, Col. Santa Matilde",20.274,-97.9545,resuelto,alta,1,admin,2024-08-11 20:10:57,2024-08-19 23:07:01,,2024,Norte-Este,Norte,Este,11,6,0.00680073525436676,1,0,0,0,3.0,20,8,10,Sunday,August,3,0,32,194.93444444444444,3
615,Cajas eléctricas abiertas #613,La infraestructura eléctrica muestra signos de deterioro y posibles fallas de seguridad. Se solicita seguimiento continuo hasta la resolución completa.,2,Servicios Públicos,"Avenida Santa Cecilia #119, Col. Vista Hermosa",20.2749,-97.9565,en_proceso,media,2,María González López,2024-08-11 21:20:41,2024-08-18 15:53:08,,2024,Norte-Este,Norte,Este,11,6,0.006021627686922413,1,0,0,0,2.0,21,8,20,Sunday,August,2,0,32,162.54083333333332,3
618,Conductor imprudente en zona escolar #616,Se requiere mejor coordinación semafórica para optimizar el flujo vehicular.,6,Transporte,"Camino San Francisco #155, Col. Emiliano Zapata",20.276,-97.9559,no_aprobado,alta,1,admin,2024-08-12 06:49:23,2024-08-16 02:26:08,,2024,Norte-Este,Norte,Este,12,0,0.007267048919606466,0,0,1,0,1.0,6,8,49,Monday,August,3,0,33,91.6125,3
617,Escaleras sin barandales #615,La superficie irregular dificulta el tránsito y acceso para personas con discapacidad.,1,Infraestructura,"Callejón Las Rosas #52, Col. Rincón de los Ángeles",20.276,-97.9533,en_proceso,alta,2,María González López,2024-08-12 14:45:04,2024-08-19 04:51:38,,2024,Norte-Este,Norte,Este,12,0,0.008993886812715419,0,1,0,0,2.0,14,8,45,Monday,August,3,0,33,158.10944444444445,3
621,Acumulación de agua estancada #619,Se necesita fumigación para controlar vectores de enfermedades tropicales.,8,Salud Pública,"Privada Carretera a Huauchinango #17, Col. Las Flores",20.2769,-97.9575,cerrado,alta,2,María González López,2024-08-13 15:33:35,2024-11-14 05:06:06,,2024,Norte-Este,Norte,Este,13,1,0.007338937252764317,0,1,0,0,4.0,15,8,33,Tuesday,August,3,0,33,2221.5419444444447,3
620,Conductor sin identificación visible #618,Los peatones no tienen cruzamentos seguros en esta intersección de alto tráfico.,6,Transporte,"Carretera Panorámica #693, Col. San José",20.28,-97.9527,no_aprobado,alta,2,María González López,2024-08-13 21:39:21,2024-08-15 05:54:46,,2024,Norte-Este,Norte,Este,13,1,0.012381033882517333,0,0,0,0,1.0,21,8,39,Tuesday,August,3,0,33,32.25694444444444,3
619,Conductor imprudente en zona escolar #617,El problema vial está causando congestionamientos y accidentes menores. El problema coincide con fallas similares en zonas cercanas.,6,Transporte,"Camino Andador San Antonio #83, Col. Emiliano Zapata, altura del semáforo",20.2754,-97.9556,en_proceso,media,1,admin,2024-08-13 21:54:56,2024-08-19 14:19:38,,2024,Norte-Este,Norte,Este,13,1,0.006965629906901982,0,0,0,0,2.0,21,8,54,Tuesday,August,2,0,33,136.41166666666666,3
624,Personas sospechosas merodeando #622,Los actos vandálicos han dañado propiedades públicas y privadas del sector. Se ha documentado el deterioro progresivo con fotografías. La situación ha empeorado desde la semana pasada.,5,Seguridad,"Avenida Calle Aurora #419, Col. San Miguel",20.2757,-97.9542,resuelto,alta,2,María González López,2024-08-14 01:19:31,2024-09-13 00:42:24,,2024,Norte-Este,Norte,Este,14,2,0.008132035415560866,0,0,1,0,3.0,1,8,19,Wednesday,August,3,0,33,719.3813888888889,3
623,Zona sin acceso a servicios médicos #621,La situación representa un riesgo grave de brote epidemiológico en la comunidad. Durante las lluvias el problema se vuelve más peligroso.,8,Salud Pública,"Andador Portal #6, Col. Buenos Aires",20.274,-97.9588,nuevo,alta,1,admin,2024-08-14 04:11:29,2024-08-15 03:28:19,,2024,Norte-Este,Norte,Este,14,2,0.004176122603564696,0,0,1,0,1.0,4,8,11,Wednesday,August,3,1,33,23.280555555555555,3
622,Muros de contención con filtraciones #620,La estructura presenta daños visibles que comprometen la seguridad peatonal y vehicular.,1,Infraestructura,"Cerrada Callejón San José #3, Col. El Calvario",20.2715,-97.9515,en_proceso,alta,2,María González López,2024-08-14 10:24:03,2024-08-21 12:44:44,,2024,Norte-Este,Norte,Este,14,2,0.00863133825081403,0,1,0,0,2.0,10,8,24,Wednesday,August,3,0,33,170.34472222222223,3
625,Vehículo abandonado en esquina #623,La falta de iluminación y vigilancia favorece las actividades delictivas. El problema coincide con fallas similares en zonas cercanas.,5,Seguridad,"Carretera San Antonio #969, Col. Lomas del Mirador",20.2738,-97.9602,resuelto,alta,1,admin,2024-08-15 09:17:53,2024-08-25 13:26:07,,2024,Norte-Oeste,Norte,Oeste,15,3,0.0038052595180902383,0,1,0,0,3.0,9,8,17,Thursday,August,3,0,33,244.13722222222222,3
626,Animales callejeros agresivos #624,Se han reportado casos sospechosos de enfermedades transmisibles en el área. Se solicita seguimiento continuo hasta la resolución completa.,8,Salud Pública,"Boulevard Camino a Tlaxcalantongo #769, Col. Santa Matilde",20.2748,-97.9609,en_proceso,baja,1,admin,2024-08-15 09:50:25,2024-08-23 03:31:36,,2024,Norte-Oeste,Norte,Oeste,15,3,0.0048836461788296604,0,1,0,0,2.0,9,8,50,Thursday,August,1,0,33,185.6863888888889,3
627,Vandalismo en parque infantil #625,Los residentes evitan transitar por el área durante horas nocturnas.,5,Seguridad,"Andador Los Eucaliptos #41, Col. Lomas de Santa Anita, junto al DIF",20.2739,-97.9544,no_aprobado,alta,2,María González López,2024-08-15 09:55:11,2024-08-18 09:37:02,,2024,Norte-Este,Norte,Este,15,3,0.006824221567319313,0,1,0,0,1.0,9,8,55,Thursday,August,3,0,33,71.6975,3
628,Mobiliario roto abandonado en calle #626,La situación está creando un foco de infección que pone en riesgo la salud pública.,4,Limpieza,"Callejón Segunda #35, Col. Lázaro Cárdenas, altura de la gasolinera",20.2752,-97.95,en_proceso,alta,1,admin,2024-08-16 22:48:48,2024-08-24 01:44:46,,2024,Norte-Este,Norte,Este,16,4,0.011271202242877193,0,0,1,0,2.0,22,8,48,Friday,August,3,0,33,170.93277777777777,3
629,Residuos hospitalarios mal manejados #627,El manejo inadecuado de residuos médicos pone en riesgo la salud pública. El problema se intensifica durante las horas pico. La situación ha empeorado desde la semana pasada.,8,Salud Pública,"Andador Los Fresnos #30, Col. El Calvario",20.2751,-97.9621,nuevo,alta,2,María González López,2024-08-16 23:55:12,2024-08-19 10:38:56,,2024,Norte-Oeste,Norte,Oeste,16,4,0.005515432893258836,0,0,1,0,1.0,23,8,55,Friday,August,3,0,33,58.72888888888889,3
631,Unidades de transporte muy sucias #629,La señalización deficiente confunde a conductores y aumenta el riesgo de accidentes.,6,Transporte,"Boulevard Avenida Revolución #1478, Col. Lomas del Mirador",20.2766,-97.9546,en_proceso,alta,1,admin,2024-08-17 02:50:38,2024-08-19 07:34:41,,2024,Norte-Este,Norte,Este,17,5,0.008527602242126762,1,0,1,0,2.0,2,8,50,Saturday,August,3,0,33,52.73416666666667,3
632,Medidor de luz expuesto #630,Las condiciones del cableado representan un riesgo de electrocución para transeúntes.,2,Servicios Públicos,"Boulevard Calle de la Paz #1359, Col. Los Pinos, altura del puente",20.2596,-97.9589,resuelto,baja,1,admin,2024-08-17 08:53:58,2024-09-14 19:54:18,,2024,Sur-Este,Sur,Este,17,5,0.010458011283222048,1,1,0,1,3.0,8,8,53,Saturday,August,1,0,33,683.0055555555556,3
630,Tubería rota en zona habitacional #628,La presión del agua es insuficiente para abastecer adecuadamente los hogares.,3,Saneamiento,"Calle Pancho Villa #286, Col. Santa Cecilia",20.2747,-97.9539,no_aprobado,baja,2,María González López,2024-08-17 15:18:54,2024-08-20 22:24:06,,2024,Norte-Este,Norte,Este,17,5,0.007700649323262755,1,1,0,0,1.0,15,8,18,Saturday,August,1,0,33,79.08666666666667,3
633,Desechos electrónicos en banqueta #631,Se observan materiales peligrosos mezclados con residuos domésticos comunes. El problema coincide con fallas similares en zonas cercanas.,4,Limpieza,"Cerrada Carretera Estatal #59, Col. Solidaridad, cerca del panteón",20.2758,-97.9527,en_proceso,alta,1,admin,2024-08-18 12:04:56,2024-08-21 20:33:23,,2024,Norte-Este,Norte,Este,18,6,0.009323625904122227,1,1,0,0,2.0,12,8,4,Sunday,August,3,0,33,80.47416666666666,3
634,Focos rotos en la vía pública #632,Es necesario incrementar la frecuencia de recolección en esta área de alta densidad. Los comerciantes locales también han expresado su preocupación. Se observa un patrón de deterioro acelerado en los últimos días.,4,Limpieza,"Avenida Santa Ana #719, Col. El Calvario, cerca de la terminal",20.2708,-97.9566,no_aprobado,media,1,admin,2024-08-18 14:05:45,2024-08-23 21:07:33,,2024,Norte-Este,Norte,Este,18,6,0.003492849839314186,1,1,0,0,1.0,14,8,5,Sunday,August,2,0,33,127.03,3
635,Infecciones respiratorias por polución #633,La comunidad solicita campañas de vacunación y educación sanitaria. Se ha documentado el deterioro progresivo con fotografías.,8,Salud Pública,"Camino Del Campo #222, Col. Rincón de los Ángeles",20.252,-97.9576,en_proceso,baja,2,María González López,2024-08-18 22:30:35,2024-08-26 20:00:55,,2024,Sur-Este,Sur,Este,18,6,0.018159295140505804,1,0,1,1,2.0,22,8,30,Sunday,August,1,0,33,189.50555555555556,3
636,Tala no autorizada de árboles #634,Los niveles de contaminación han aumentado por la actividad industrial no regulada.,7,Medio Ambiente,"Avenida Cuarta #191, Col. Lomas del Mirador, C.P. 73080",20.258,-97.9674,cerrado,media,2,María González López,2024-08-19 03:24:30,2024-09-19 22:55:09,,2024,Sur-Oeste,Sur,Oeste,19,0,0.014098226838864211,0,0,1,1,4.0,3,8,24,Monday,August,2,0,34,763.5108333333334,3
637,Residuos hospitalarios mal manejados #635,La falta de agua potable obliga a los vecinos a usar fuentes contaminadas. La situación afecta particularmente a adultos mayores y niños.,8,Salud Pública,"Cerrada Monte Alto #64, Col. Las Flores",20.2785,-97.9501,nuevo,alta,1,admin,2024-08-19 11:20:41,2024-08-20 09:14:30,,2024,Norte-Este,Norte,Este,19,0,0.013048371545897204,0,1,0,0,1.0,11,8,20,Monday,August,3,1,34,21.896944444444443,3
638,Publicidad invasiva en postes #636,La comunidad propone soluciones colaborativas para resolver el problema.,9,Otros,"Callejón Calle de la Paz #7, Col. Jardines de Xicotepec",20.2735,-97.9547,en_proceso,alta,1,admin,2024-08-20 06:12:26,2024-08-26 19:58:34,,2024,Norte-Este,Norte,Este,20,1,0.006351377803272245,0,0,1,0,2.0,6,8,12,Tuesday,August,3,0,34,157.76888888888888,3
640,Infecciones respiratorias por polución #638,Se necesita fumigación para controlar vectores de enfermedades tropicales.,8,Salud Pública,"Callejón Loma Bonita #15, Col. Lázaro Cárdenas",20.2661,-97.9532,en_proceso,alta,1,admin,2024-08-20 13:57:27,2024-08-27 00:07:32,,2024,Sur-Este,Sur,Este,20,1,0.007839005038903998,0,1,0,0,2.0,13,8,57,Tuesday,August,3,0,34,154.16805555555555,3
639,Parada de autobús sin techo #637,La infraestructura vial necesita reparación para garantizar tránsito seguro. Se ha documentado el deterioro progresivo con fotografías.,6,Transporte,"Andador Monte Alto #9, Col. El Mirador, frente al OXXO",20.2566,-97.9643,nuevo,alta,1,admin,2024-08-20 15:07:10,2024-08-21 06:55:48,,2024,Sur-Oeste,Sur,Oeste,20,1,0.014073023839957972,0,1,0,1,1.0,15,8,7,Tuesday,August,3,1,34,15.810555555555556,3
641,Material de construcción obstruyendo calle #639,La falta de mantenimiento ha resultado en condiciones inseguras para la comunidad.,1,Infraestructura,"Calle Avenida Tecnológico #182, Col. Santa Matilde, frente a la iglesia",20.2798,-97.9519,nuevo,alta,1,admin,2024-08-21 05:54:51,2024-08-21 14:46:15,,2024,Norte-Este,Norte,Este,21,2,0.012714165328483885,0,0,1,0,1.0,5,8,54,Wednesday,August,3,1,34,8.856666666666667,3
643,Charcos permanentes en calle #641,Las aguas residuales están contaminando el suelo y podrían afectar pozos cercanos.,3,Saneamiento,"Carretera Callejón de las Flores #583, Col. El Mirador",20.274,-97.9612,en_proceso,alta,2,María González López,2024-08-21 17:29:38,2024-08-25 03:55:42,,2024,Norte-Oeste,Norte,Oeste,21,2,0.004176122603568779,0,1,0,0,2.0,17,8,29,Wednesday,August,3,0,34,82.43444444444444,3
642,Cartón mojado bloqueando acera #640,Los contenedores están dañados y no pueden contener adecuadamente la basura. Se solicita seguimiento continuo hasta la resolución completa.,4,Limpieza,"Andador Carretera Federal 119 #29, Col. Las Flores",20.2719,-97.9536,en_proceso,media,2,María González López,2024-08-21 23:02:24,2024-08-26 08:41:34,,2024,Norte-Este,Norte,Este,21,2,0.006676076692188882,0,0,1,0,2.0,23,8,2,Wednesday,August,2,0,34,105.65277777777777,3
646,Contenedor con residuos peligrosos #644,La comunidad está dispuesta a colaborar con horarios específicos de recolección.,4,Limpieza,"Cerrada Callejón del Carmen #69, Col. Los Pinos",20.2511,-97.9656,cerrado,baja,2,María González López,2024-08-22 11:42:12,2024-10-23 00:55:44,,2024,Sur-Oeste,Sur,Oeste,22,3,0.019712178976459185,0,1,0,1,4.0,11,8,42,Thursday,August,1,0,34,1477.2255555555555,3
644,Nido de avispas en parque #642,El ruido excesivo afecta el descanso y bienestar de los residentes.,7,Medio Ambiente,"Andador San Carlos #37, Col. Lomas de Santa Anita, junto al hospital",20.2725,-97.9579,resuelto,baja,1,admin,2024-08-22 17:28:10,2024-09-03 08:27:02,,2024,Norte-Este,Norte,Este,22,3,0.003264965543463018,0,1,0,0,3.0,17,8,28,Thursday,August,1,0,34,278.9811111111111,3
645,Falta de mantenimiento a jardineras #643,El área verde requiere rehabilitación para restaurar el ecosistema local. El problema coincide con fallas similares en zonas cercanas.,7,Medio Ambiente,"Avenida Calle Primavera #150, Col. Valle Verde, altura del deportivo",20.279,-97.9548,cerrado,media,2,María González López,2024-08-22 18:09:25,2024-09-22 18:47:43,,2024,Norte-Este,Norte,Este,22,3,0.01039422916814326,0,1,0,0,4.0,18,8,9,Thursday,August,2,0,34,744.6383333333333,3
648,Obstrucción de accesos para discapacitados #646,Se solicita intervención de autoridades competentes para establecer orden. Se solicita seguimiento continuo hasta la resolución completa.,9,Otros,"Calle Cerrada Las Flores #239, Col. Nuevo México",20.2547,-97.9648,cerrado,media,1,admin,2024-08-23 07:53:21,2024-09-23 14:04:00,,2024,Sur-Oeste,Sur,Oeste,23,4,0.016035273617872103,0,0,0,1,4.0,7,8,53,Friday,August,2,0,34,750.1775,3
647,Basura en parque recreativo #645,Se observan materiales peligrosos mezclados con residuos domésticos comunes. Los comerciantes locales también han expresado su preocupación.,4,Limpieza,"Privada Carretera Federal 119 #4, Col. La Cruz",20.2788,-97.9515,nuevo,alta,1,admin,2024-08-23 14:44:15,2024-08-24 06:59:11,,2024,Norte-Este,Norte,Este,23,4,0.012234786471368407,0,1,0,0,1.0,14,8,44,Friday,August,3,1,34,16.24888888888889,3
649,Árbol caído tras tormenta #647,El área verde requiere rehabilitación para restaurar el ecosistema local.,7,Medio Ambiente,"Carretera Callejón de la Iglesia #1296, Col. Santa Matilde",20.2755,-97.951,nuevo,media,2,María González López,2024-08-24 02:08:22,2024-08-24 17:47:35,,2024,Norte-Este,Norte,Este,24,5,0.01054751155486551,1,0,1,0,1.0,2,8,8,Saturday,August,2,1,34,15.653611111111111,3
650,Rutas de bus mal planificadas #648,La infraestructura vial necesita reparación para garantizar tránsito seguro.,6,Transporte,"Boulevard Plutarco Elías Calles #1417, Col. Solidaridad, cerca del panteón",20.2732,-97.9598,nuevo,alta,1,admin,2024-08-24 14:25:51,2024-08-25 17:56:19,,2024,Norte-Este,Norte,Este,24,5,0.0032062439083754553,1,1,0,0,1.0,14,8,25,Saturday,August,3,0,34,27.50777777777778,3
651,Cámara de vigilancia dañada #649,Los actos vandálicos han dañado propiedades públicas y privadas del sector. La comunidad está organizada para colaborar con las autoridades.,5,Seguridad,"Avenida Norte #1400, Col. Buenos Aires, C.P. 73080",20.278,-97.9622,nuevo,media,1,admin,2024-08-24 15:01:05,2024-08-24 19:39:05,,2024,Norte-Oeste,Norte,Oeste,24,5,0.00829698740507629,1,1,0,0,1.0,15,8,1,Saturday,August,2,1,34,4.633333333333334,3
653,Chatarra acumulada en vía pública #651,Los residuos se han esparcido por la calle debido al viento y animales callejeros. El problema se presenta de manera intermitente pero frecuente.,4,Limpieza,"Callejón Portal #69, Col. Colinas de San Juan, frente al banco",20.28,-97.9565,en_proceso,baja,2,María González López,2024-08-25 13:26:11,2024-08-29 01:19:47,,2024,Norte-Este,Norte,Este,25,6,0.010594810050206153,1,1,0,0,2.0,13,8,26,Sunday,August,1,0,34,83.89333333333333,3
652,Graffiti en edificio público #650,La comunidad solicita patrullajes más frecuentes y puntos de vigilancia.,5,Seguridad,"Cerrada Los Naranjos #74, Col. San Antonio",20.276,-97.9615,resuelto,alta,2,María González López,2024-08-25 15:20:21,2024-09-12 13:47:31,,2024,Norte-Oeste,Norte,Oeste,25,6,0.006184658438428449,1,1,0,0,3.0,15,8,20,Sunday,August,3,0,34,430.4527777777778,3
654,Cableado colgante sobre calle #652,Los residentes reportan fallas constantes en el suministro eléctrico de la zona.,2,Servicios Públicos,"Cerrada Santa Lucía #50, Col. Santa Cecilia",20.271,-97.95,en_proceso,media,1,admin,2024-08-25 18:26:48,2024-09-01 13:24:33,,2024,Norte-Este,Norte,Este,25,6,0.010049875621111962,1,1,0,0,2.0,18,8,26,Sunday,August,2,0,34,162.9625,3
657,Transportes sin ventilación adecuada #655,Se requiere mejor coordinación semafórica para optimizar el flujo vehicular. La situación afecta particularmente a adultos mayores y niños.,6,Transporte,"Boulevard De la Montaña #184, Col. Colinas de San Juan",20.2771,-97.9607,en_proceso,media,1,admin,2024-08-26 08:36:00,2024-08-27 12:16:35,,2024,Norte-Oeste,Norte,Oeste,26,0,0.007134423592696884,0,1,0,0,2.0,8,8,36,Monday,August,2,0,35,27.676388888888887,3
655,Sistema pluvial no funcional #653,Es urgente restaurar el flujo normal para prevenir problemas de salud pública.,3,Saneamiento,"Privada Independencia #71, Col. Francisco Villa",20.2694,-97.9558,en_proceso,alta,1,admin,2024-08-26 19:38:17,2024-08-31 06:55:53,,2024,Sur-Este,Sur,Este,26,0,0.004242640687116431,0,0,0,0,2.0,19,8,38,Monday,August,3,0,35,107.29333333333334,3
656,Transformador con fugas de aceite #654,El problema afecta el funcionamiento normal de comercios y hogares del sector. El problema coincide con fallas similares en zonas cercanas.,2,Servicios Públicos,"Cerrada Los Eucaliptos #30, Col. La Libertad, cerca de la terminal",20.2674,-97.9554,resuelto,baja,2,María González López,2024-08-26 19:57:18,2024-09-08 04:26:58,,2024,Sur-Este,Sur,Este,26,0,0.00528393792544653,0,0,0,0,3.0,19,8,57,Monday,August,1,0,35,296.49444444444447,3
659,Basura doméstica expuesta a animales #657,La acumulación de desechos está atrayendo fauna nociva y generando malos olores. Los comerciantes locales también han expresado su preocupación. El problema se presenta de manera intermitente pero frecuente.,4,Limpieza,"Cerrada Panorámica #12, Col. San Miguel",20.2566,-97.9531,cerrado,media,1,admin,2024-08-27 09:09:41,2024-10-28 06:31:17,,2024,Sur-Este,Sur,Este,27,1,0.015072159765602508,0,1,0,1,4.0,9,8,9,Tuesday,August,2,0,35,1485.36,3
658,Poste de concreto dañado #656,"El deterioro ha empeorado con las lluvias recientes, creando condiciones peligrosas.",1,Infraestructura,"Carretera Avenida Hidalgo #983, Col. Centro",20.2721,-97.9566,nuevo,alta,1,admin,2024-08-27 12:45:49,2024-08-28 09:27:02,,2024,Norte-Este,Norte,Este,27,1,0.003996248240536216,0,1,0,0,1.0,12,8,45,Tuesday,August,3,1,35,20.686944444444446,3
662,Falta de atención a denuncias previas #660,Se requiere mediación municipal para resolver el conflicto de manera efectiva.,9,Otros,"Camino Calle Invierno #6, Col. Emiliano Zapata",20.2777,-97.9506,resuelto,alta,1,admin,2024-08-28 07:14:22,2024-09-19 14:35:31,,2024,Norte-Este,Norte,Este,28,2,0.012151131634542772,0,0,0,0,3.0,7,8,14,Wednesday,August,3,0,35,535.3525,3
661,Falta de señalética de obra en construcción #659,La superficie irregular dificulta el tránsito y acceso para personas con discapacidad. Los vecinos han intentado soluciones temporales sin éxito. La situación es crítica especialmente los fines de semana.,1,Infraestructura,"Callejón Vicente Guerrero #34, Col. San Miguel",20.2626,-97.9638,en_proceso,media,1,admin,2024-08-28 14:21:27,2024-09-04 09:41:47,,2024,Sur-Oeste,Sur,Oeste,28,2,0.00831865373724032,0,1,0,0,2.0,14,8,21,Wednesday,August,2,0,35,163.3388888888889,3
660,Escaleras sin barandales #658,Se observan grietas que se extienden y podrían causar un colapso parcial.,1,Infraestructura,"Boulevard Bravo #1165, Col. Centro",20.2777,-97.9607,cerrado,alta,1,admin,2024-08-28 18:36:11,2024-11-28 21:40:54,,2024,Norte-Oeste,Norte,Oeste,28,2,0.007731752712031718,0,1,0,0,4.0,18,8,36,Wednesday,August,3,0,35,2211.078611111111,3
665,Contaminación visual por anuncios ilegales #663,Se solicita inspección ambiental y aplicación de sanciones correspondientes.,7,Medio Ambiente,"Callejón Las Américas #54, Col. La Libertad, frente a la clínica",20.2723,-97.9501,cerrado,alta,1,admin,2024-08-29 00:58:00,2024-10-29 04:27:13,,2024,Norte-Este,Norte,Este,29,3,0.010163660757805832,0,0,1,0,4.0,0,8,58,Thursday,August,3,0,35,1467.4869444444444,3
663,Bache profundo en avenida principal #661,Los materiales sueltos representan un riesgo tanto para peatones como para vehículos.,1,Infraestructura,"Andador Rinconada #74, Col. Colinas de San Juan",20.2763,-97.9561,en_proceso,alta,1,admin,2024-08-29 13:23:11,2024-09-06 04:20:43,,2024,Norte-Este,Norte,Este,29,3,0.0074094534211300266,0,1,0,0,2.0,13,8,23,Thursday,August,3,0,35,182.95888888888888,3
664,Humedad saliendo de registro de drenaje #662,"La obstrucción causa desbordamientos durante las lluvias, inundando casas vecinas. Los comerciantes locales también han expresado su preocupación.",3,Saneamiento,"Avenida Santo Domingo #414, Col. El Paraíso",20.2788,-97.9639,nuevo,media,2,María González López,2024-08-29 13:45:44,2024-08-30 04:11:20,,2024,Norte-Oeste,Norte,Oeste,29,3,0.009625487000667886,0,1,0,0,1.0,13,8,45,Thursday,August,2,1,35,14.426666666666666,3
667,Transporte informal operando en ruta oficial #665,Los horarios irregulares afectan la movilidad de trabajadores y estudiantes.,6,Transporte,"Boulevard Carretera Xicotepec-Tlaxco #1191, Col. La Cruz, C.P. 73080",20.2773,-97.9523,resuelto,alta,1,admin,2024-08-30 05:57:33,2024-09-21 23:01:41,,2024,Norte-Este,Norte,Este,30,4,0.010610372283761214,0,0,1,0,3.0,5,8,57,Friday,August,3,0,35,545.0688888888889,3
666,Fuga de gases industriales #664,Es necesario implementar medidas de protección ambiental inmediatas. Los vecinos han intentado soluciones temporales sin éxito. La situación es crítica especialmente los fines de semana.,7,Medio Ambiente,"Cerrada San Miguel #2, Col. Jardines de Xicotepec",20.2767,-97.9518,nuevo,alta,1,admin,2024-08-30 08:49:07,2024-08-30 13:33:18,,2024,Norte-Este,Norte,Este,30,4,0.010589145385716068,0,1,0,0,1.0,8,8,49,Friday,August,3,1,35,4.7363888888888885,3
668,Basura doméstica expuesta a animales #666,La comunidad está dispuesta a colaborar con horarios específicos de recolección. La situación es crítica especialmente los fines de semana.,4,Limpieza,"Carretera San Rafael #102, Col. Santa Cecilia, cerca del zócalo",20.266,-97.9589,nuevo,alta,1,admin,2024-08-30 09:34:25,2024-08-30 13:21:17,,2024,Sur-Este,Sur,Este,30,4,0.004148493702537974,0,1,0,0,1.0,9,8,34,Friday,August,3,1,35,3.781111111111111,3
670,Fuga de mascotas en calle #668,Se requiere mediación municipal para resolver el conflicto de manera efectiva.,9,Otros,"Carretera Avenida de la Juventud #208, Col. Centro",20.2729,-97.959,en_proceso,alta,2,María González López,2024-08-31 06:33:01,2024-09-04 16:05:14,,2024,Norte-Este,Norte,Este,31,5,0.0030675723300328454,1,0,1,0,2.0,6,8,33,Saturday,August,3,0,35,105.53694444444444,3
669,Puente peatonal deteriorado #667,El área afectada está en una zona de alto tráfico peatonal y necesita atención inmediata. La situación afecta particularmente a adultos mayores y niños.,1,Infraestructura,"Carretera José María Morelos #789, Col. San Francisco",20.2751,-97.9664,no_aprobado,alta,1,admin,2024-08-31 19:45:33,2024-09-06 16:42:10,,2024,Norte-Oeste,Norte,Oeste,31,5,0.00818352002502459,1,0,0,0,1.0,19,8,45,Saturday,August,3,0,35,140.94361111111112,3
673,Acumulación de agua estancada #671,Las instalaciones sanitarias no cumplen con normas básicas de higiene.,8,Salud Pública,"Boulevard Del Valle #105, Col. Santa Cecilia",20.2753,-97.9605,nuevo,media,1,admin,2024-09-01 03:15:16,2024-09-02 01:08:26,,2024,Norte-Oeste,Norte,Oeste,1,6,0.005323532661684541,1,0,1,0,1.0,3,9,15,Sunday,September,2,1,35,21.886111111111113,3
671,Horario de transporte incumplido #669,Los horarios irregulares afectan la movilidad de trabajadores y estudiantes. El problema se presenta de manera intermitente pero frecuente.,6,Transporte,"Cerrada Bellavista #58, Col. La Esperanza",20.28,-97.9518,resuelto,alta,1,admin,2024-09-01 11:26:47,2024-09-13 20:15:14,,2024,Norte-Este,Norte,Este,1,6,0.012932130528255365,1,1,0,0,3.0,11,9,26,Sunday,September,3,0,35,296.8075,3
672,Fuga de gases industriales #670,La vegetación dañada representa un riesgo para la infraestructura cercana. La comunidad está organizada para colaborar con las autoridades.,7,Medio Ambiente,"Avenida Del Bosque #419, Col. Lomas de Santa Anita, C.P. 73080",20.2772,-97.9554,resuelto,alta,1,admin,2024-09-01 19:16:45,2024-09-22 20:59:06,,2024,Norte-Este,Norte,Este,1,6,0.008544003745316414,1,0,0,0,3.0,19,9,16,Sunday,September,3,0,35,505.7058333333333,3
675,Choferes con música muy alta #673,Las unidades de transporte operan en condiciones inseguras para los pasajeros.,6,Transporte,"Boulevard Los Naranjos #534, Col. Buenos Aires",20.2705,-97.95,nuevo,alta,1,admin,2024-09-02 01:21:16,2024-09-02 08:08:37,,2024,Norte-Este,Norte,Este,2,0,0.01001249219724125,0,0,1,0,1.0,1,9,21,Monday,September,3,1,36,6.789166666666667,3
676,Circos o ferias con instalaciones inseguras #674,Se requiere mediación municipal para resolver el conflicto de manera efectiva.,9,Otros,"Camino Las Américas #49, Col. Solidaridad",20.2752,-97.95,resuelto,baja,1,admin,2024-09-02 01:47:06,2024-09-15 20:36:16,,2024,Norte-Este,Norte,Este,2,0,0.011271202242877193,0,0,1,0,3.0,1,9,47,Monday,September,1,0,36,330.81944444444446,3
674,Medicamentos caducados en clínica #672,La falta de agua potable obliga a los vecinos a usar fuentes contaminadas. Los residentes están dispuestos a aportar recursos para la solución.,8,Salud Pública,"Boulevard Periférico Sur #270, Col. Centro",20.2745,-97.9528,resuelto,media,2,María González López,2024-09-02 16:42:19,2024-09-17 05:26:01,,2024,Norte-Este,Norte,Este,2,0,0.008490583018848856,0,1,0,0,3.0,16,9,42,Monday,September,2,0,36,348.72833333333335,3
679,Brote de enfermedad en la zona #677,Las condiciones insalubres están causando enfermedades respiratorias y gastrointestinales.,8,Salud Pública,"Camino Camino a Tlaxcalantongo #256, Col. Emiliano Zapata",20.2764,-97.954,resuelto,alta,1,admin,2024-09-03 02:30:05,2024-10-01 17:28:41,,2024,Norte-Este,Norte,Este,3,1,0.008772684879784165,0,0,1,0,3.0,2,9,30,Tuesday,September,3,0,36,686.9766666666667,3
677,Zona sin alumbrado desde hace semanas #675,El servicio ha estado interrumpido por más de 48 horas afectando a múltiples familias.,2,Servicios Públicos,"Cerrada Andador La Paz #28, Col. El Calvario, C.P. 73080",20.2761,-97.9597,cerrado,media,1,admin,2024-09-03 05:32:01,2024-10-04 02:52:27,,2024,Norte-Este,Norte,Este,3,1,0.006107372593840773,0,0,1,0,4.0,5,9,32,Tuesday,September,2,0,36,741.3405555555555,3
678,Restaurante con malas prácticas sanitarias #676,El manejo inadecuado de residuos médicos pone en riesgo la salud pública.,8,Salud Pública,"Calle Portal #273, Col. Los Pinos",20.2759,-97.9535,en_proceso,alta,1,admin,2024-09-03 21:01:40,2024-09-10 11:01:00,,2024,Norte-Este,Norte,Este,3,1,0.008778382538933621,0,0,0,0,2.0,21,9,1,Tuesday,September,3,0,36,157.98888888888888,3
680,Fiestas con música excesiva #678,Los residentes reportan molestias continuas que alteran su calidad de vida.,9,Otros,"Camino Vista Verde #171, Col. Rincón de los Ángeles",20.2749,-97.9589,en_proceso,media,1,admin,2024-09-04 14:06:03,2024-09-07 19:16:09,,2024,Norte-Este,Norte,Este,4,2,0.005021951811793804,0,1,0,0,2.0,14,9,6,Wednesday,September,2,0,36,77.16833333333334,3
681,Contenedor de reciclaje saturado #679,Los comerciantes de la zona reportan que la situación afecta sus ventas. Los residentes están dispuestos a aportar recursos para la solución.,4,Limpieza,"Boulevard Poniente #581, Col. El Carmen",20.2765,-97.9532,en_proceso,media,1,admin,2024-09-04 14:39:51,2024-09-07 16:36:11,,2024,Norte-Este,Norte,Este,4,2,0.009406912352093302,0,1,0,0,2.0,14,9,39,Wednesday,September,2,0,36,73.93888888888888,3
683,Hospital sin atención médica #681,Los servicios de salud son insuficientes para atender la demanda de la población.,8,Salud Pública,"Calle Ocampo #123, Col. La Esperanza, esquina con Hidalgo",20.2723,-97.9535,en_proceso,alta,2,María González López,2024-09-05 05:49:30,2024-09-10 11:01:41,,2024,Norte-Este,Norte,Este,5,3,0.00689492567036493,0,0,1,0,2.0,5,9,49,Thursday,September,3,0,36,125.20305555555555,3
682,Pozo de absorción colapsado #680,La presión del agua es insuficiente para abastecer adecuadamente los hogares.,3,Saneamiento,"Callejón Los Fresnos #7, Col. San Francisco",20.2755,-97.9574,resuelto,alta,1,admin,2024-09-05 16:06:05,2024-09-22 03:10:16,,2024,Norte-Este,Norte,Este,5,3,0.006083584469697685,0,1,0,0,3.0,16,9,6,Thursday,September,3,0,36,395.0697222222222,3
684,Esquina sin rampa para discapacitados #682,El área afectada está en una zona de alto tráfico peatonal y necesita atención inmediata. Los comerciantes locales también han expresado su preocupación.,1,Infraestructura,"Cerrada Calle Aurora #21, Col. Revolución, C.P. 73080",20.28,-97.9506,nuevo,alta,2,María González López,2024-09-05 21:08:40,2024-09-06 06:18:55,,2024,Norte-Este,Norte,Este,5,3,0.013724430771438943,0,0,0,0,1.0,21,9,8,Thursday,September,3,1,36,9.170833333333333,3
687,Recolección de basura atrasada #685,Los comerciantes de la zona reportan que la situación afecta sus ventas. Los residentes están dispuestos a aportar recursos para la solución.,4,Limpieza,"Callejón José María Morelos #72, Col. Nuevo México, junto a la farmacia, C.P. 73080",20.2757,-97.9568,no_aprobado,alta,2,María González López,2024-09-06 01:18:27,2024-09-09 23:32:32,,2024,Norte-Este,Norte,Este,6,4,0.0065368187981588435,0,0,1,0,1.0,1,9,18,Friday,September,3,0,36,94.23472222222222,3
686,Personas haciendo fogatas en parques #684,Se requiere mediación municipal para resolver el conflicto de manera efectiva.,9,Otros,"Camino Privada Juárez #228, Col. Santa Matilde",20.2791,-97.9585,nuevo,alta,2,María González López,2024-09-06 09:02:05,2024-09-07 02:50:44,,2024,Norte-Este,Norte,Este,6,4,0.009222797840134024,0,1,0,0,1.0,9,9,2,Friday,September,3,1,36,17.810833333333335,3
685,Corte frecuente de energía eléctrica #683,Los equipos presentan ruidos anormales y podrían fallar completamente pronto. Se ha documentado el deterioro progresivo con fotografías.,2,Servicios Públicos,"Andador Camino Real #33, Col. Las Palmas",20.2736,-97.9517,resuelto,media,1,admin,2024-09-06 10:11:17,2024-09-17 01:42:28,,2024,Norte-Este,Norte,Este,6,4,0.009047098982538356,0,1,0,0,3.0,10,9,11,Friday,September,2,0,36,255.5197222222222,3
689,Interruptores públicos dañados #687,"La comunidad ha estado sin servicio confiable, afectando sus actividades diarias.",2,Servicios Públicos,"Andador Vista Verde #63, Col. Santa Cecilia",20.2702,-97.9561,en_proceso,alta,1,admin,2024-09-07 02:38:59,2024-09-10 00:32:18,,2024,Norte-Este,Norte,Este,7,5,0.0039051248379406776,1,0,1,0,2.0,2,9,38,Saturday,September,3,0,36,69.88861111111112,3
688,Incendio provocado en basurero #686,Se requiere incrementar la presencia policial y mejorar la infraestructura de seguridad.,5,Seguridad,"Cerrada Camino a Tlaxcalantongo #48, Col. Nuevo México",20.2637,-97.9618,en_proceso,alta,2,María González López,2024-09-07 12:17:04,2024-09-11 21:12:44,,2024,Sur-Oeste,Sur,Oeste,7,5,0.006552098900352812,1,1,0,0,2.0,12,9,17,Saturday,September,3,0,36,104.92777777777778,3
690,Infecciones respiratorias por polución #688,Los servicios de salud son insuficientes para atender la demanda de la población. La comunidad está organizada para colaborar con las autoridades.,8,Salud Pública,"Cerrada Calle de la Paz #23, Col. Colinas de San Juan, altura del deportivo",20.2507,-97.9587,en_proceso,alta,1,admin,2024-09-08 11:10:04,2024-09-11 01:36:35,,2024,Sur-Este,Sur,Este,8,6,0.019343732835211715,1,1,0,1,2.0,11,9,10,Sunday,September,3,0,36,62.441944444444445,3
692,Choferes con música muy alta #690,El mantenimiento de la flota de transporte público es deficiente. Se solicita seguimiento continuo hasta la resolución completa.,6,Transporte,"Privada San Antonio #19, Col. Emiliano Zapata",20.2793,-97.951,cerrado,alta,2,María González López,2024-09-08 11:24:11,2024-12-09 05:02:52,,2024,Norte-Este,Norte,Este,8,6,0.012941792766073774,1,1,0,0,4.0,11,9,24,Sunday,September,3,0,36,2201.6447222222223,3
691,Basura tras eventos masivos sin limpieza #689,La comunidad está dispuesta a colaborar con horarios específicos de recolección.,4,Limpieza,"Carretera Avenida Revolución #562, Col. Centro",20.2788,-97.95,nuevo,alta,1,admin,2024-09-08 12:45:28,2024-09-09 07:51:56,,2024,Norte-Este,Norte,Este,8,6,0.013320660644271076,1,1,0,0,1.0,12,9,45,Sunday,September,3,1,36,19.107777777777777,3
694,Residuos sólidos flotando en canal #692,Se observan materiales peligrosos mezclados con residuos domésticos comunes. Los comerciantes locales también han expresado su preocupación.,4,Limpieza,"Boulevard Santa Cecilia #607, Col. Jardines de Xicotepec, altura de la gasolinera",20.2608,-97.9578,nuevo,baja,1,admin,2024-09-09 19:31:38,2024-09-10 04:10:47,,2024,Sur-Este,Sur,Este,9,0,0.009459386872305407,0,0,0,1,1.0,19,9,31,Monday,September,1,1,37,8.6525,3
695,Basura tras eventos masivos sin limpieza #693,La basura obstruye el drenaje pluvial y podría causar inundaciones. Los comerciantes locales también han expresado su preocupación.,4,Limpieza,"Avenida Avenida Central #777, Col. Las Flores",20.2697,-97.95,resuelto,media,2,María González López,2024-09-09 21:00:05,2024-09-28 17:27:01,,2024,Sur-Este,Sur,Este,9,0,0.010004498987946257,0,0,0,0,3.0,21,9,0,Monday,September,2,0,37,452.4488888888889,3
693,Asaltos frecuentes en calle #691,La comunidad solicita patrullajes más frecuentes y puntos de vigilancia. La comunidad está organizada para colaborar con las autoridades. La situación ha empeorado desde la semana pasada.,5,Seguridad,"Cerrada Carretera Estatal #45, Col. El Mirador, C.P. 73080",20.2701,-97.951,en_proceso,baja,2,María González López,2024-09-09 22:03:41,2024-09-14 23:57:13,,2024,Norte-Este,Norte,Este,9,0,0.009000555538410176,0,0,1,0,2.0,22,9,3,Monday,September,1,0,37,121.89222222222222,3
696,Robos constantes en zona escolar #694,Los incidentes delictivos han aumentado significativamente en esta zona. Se ha documentado el deterioro progresivo con fotografías.,5,Seguridad,"Callejón Sur #72, Col. El Paraíso",20.2665,-97.9652,resuelto,media,2,María González López,2024-09-10 05:07:13,2024-10-09 13:09:09,,2024,Sur-Oeste,Sur,Oeste,10,1,0.006268173577687075,0,0,1,0,3.0,5,9,7,Tuesday,September,2,0,37,704.0322222222222,3
697,Hundimiento de pavimento reciente #695,Varios vecinos han reportado tropiezos y caídas en esta zona.,1,Infraestructura,"Andador Las Bugambilias #43, Col. Lomas del Mirador",20.28,-97.9508,resuelto,alta,1,admin,2024-09-10 18:36:56,2024-09-20 08:35:23,,2024,Norte-Este,Norte,Este,10,1,0.013588230201166679,0,1,0,0,3.0,18,9,36,Tuesday,September,3,0,37,229.97416666666666,3
698,Grupo de personas intimidando en calle #696,El vandalismo continuo genera un ambiente de inseguridad para las familias.,5,Seguridad,"Camino Quinta #20, Col. Los Pinos",20.2743,-97.9516,en_proceso,alta,2,María González López,2024-09-10 22:20:43,2024-09-15 14:26:35,,2024,Norte-Este,Norte,Este,10,1,0.009436630754666378,0,0,1,0,2.0,22,9,20,Tuesday,September,3,0,37,112.09777777777778,3
700,Maleza invadiendo banquetas #698,Se observa mortandad de flora y fauna local debido a la contaminación.,7,Medio Ambiente,"Callejón Matamoros #69, Col. Lomas del Mirador",20.2709,-97.9588,cerrado,alta,1,admin,2024-09-11 00:10:44,2024-10-11 05:38:41,,2024,Norte-Este,Norte,Este,11,2,0.0014999999999986357,0,0,1,0,4.0,0,9,10,Wednesday,September,3,0,37,725.4658333333333,3
699,Pasajeros viajando de pie en exceso #697,Los usuarios del transporte público reportan retrasos constantes en esta ruta.,6,Transporte,"Boulevard Carretera a Pahuatlán #740, Col. Emiliano Zapata",20.267,-97.9591,resuelto,media,1,admin,2024-09-11 06:17:40,2024-09-24 12:50:19,,2024,Sur-Este,Sur,Este,11,2,0.0031320919526696086,0,0,1,0,3.0,6,9,17,Wednesday,September,2,0,37,318.5441666666667,3
702,Puente peatonal deteriorado #700,Se observan grietas que se extienden y podrían causar un colapso parcial.,1,Infraestructura,"Avenida Calle Progreso #1129, Col. San Francisco, frente al OXXO",20.2739,-97.9546,en_proceso,media,2,María González López,2024-09-12 07:42:40,2024-09-19 03:40:37,,2024,Norte-Este,Norte,Este,12,3,0.006661080993348832,0,0,0,0,2.0,7,9,42,Thursday,September,2,0,37,163.96583333333334,3
701,Contaminación del aire por quema #699,La quema irregular de materiales genera humo tóxico para la comunidad. El problema coincide con fallas similares en zonas cercanas. La situación ha empeorado desde la semana pasada.,7,Medio Ambiente,"Callejón Calle Estrella #25, Col. San Juan",20.2668,-97.9551,cerrado,media,1,admin,2024-09-12 13:36:18,2024-10-13 06:23:12,,2024,Sur-Este,Sur,Este,12,3,0.0058523499553530325,0,1,0,0,4.0,13,9,36,Thursday,September,2,0,37,736.7816666666666,3
703,Líneas peatonales borradas #701,Los horarios irregulares afectan la movilidad de trabajadores y estudiantes. Se ha documentado el deterioro progresivo con fotografías.,6,Transporte,"Privada Benito Juárez #50, Col. Vista Hermosa",20.2725,-97.9533,cerrado,media,1,admin,2024-09-12 23:18:18,2024-12-13 22:50:58,,2024,Norte-Este,Norte,Este,12,3,0.007151223671508253,0,0,1,0,4.0,23,9,18,Thursday,September,2,0,37,2207.5444444444443,3
704,Árbol caído tras tormenta #702,Se solicita inspección ambiental y aplicación de sanciones correspondientes.,7,Medio Ambiente,"Avenida Calle del Sol #566, Col. Santa Matilde",20.28,-97.9588,nuevo,media,1,admin,2024-09-13 05:54:15,2024-09-13 21:30:44,,2024,Norte-Este,Norte,Este,13,4,0.010071742649612556,0,0,1,0,1.0,5,9,54,Friday,September,2,1,37,15.608055555555556,3
705,Zona sin alumbrado desde hace semanas #703,Los comerciantes reportan pérdidas económicas debido a las fallas constantes. El problema es más evidente durante las primeras horas del día.,2,Servicios Públicos,"Cerrada San Francisco #78, Col. Santa Rosa",20.2743,-97.9601,en_proceso,alta,2,María González López,2024-09-13 17:32:52,2024-09-17 17:33:04,,2024,Norte-Oeste,Norte,Oeste,13,4,0.004301162633522027,0,1,0,0,2.0,17,9,32,Friday,September,3,0,37,96.00333333333333,3
706,Fuga de gases industriales #704,La quema irregular de materiales genera humo tóxico para la comunidad. La comunidad está organizada para colaborar con las autoridades. El problema se presenta de manera intermitente pero frecuente.,7,Medio Ambiente,"Calle Callejón de la Iglesia #15, Col. El Paraíso, altura del puente",20.2721,-97.9567,nuevo,alta,1,admin,2024-09-13 21:11:23,2024-09-14 17:50:10,,2024,Norte-Este,Norte,Este,13,4,0.003911521443117378,0,0,0,0,1.0,21,9,11,Friday,September,3,1,37,20.64638888888889,3
709,Conexión cruzada agua-potable/aguas-negras #707,El sistema requiere limpieza profunda y reparación de conexiones dañadas. La situación es crítica especialmente los fines de semana.,3,Saneamiento,"Carretera Aquiles Serdán #458, Col. Vista Alegre",20.2736,-97.95,nuevo,alta,2,María González López,2024-09-14 01:03:52,2024-09-14 06:39:57,,2024,Norte-Este,Norte,Este,14,5,0.010628264204460145,1,0,1,0,1.0,1,9,3,Saturday,September,3,1,37,5.601388888888889,3
708,Pozo séptico sin mantenimiento #706,Se observa proliferación de insectos y roedores debido al agua estancada.,3,Saneamiento,"Boulevard Las Jacarandas #1281, Col. Lázaro Cárdenas",20.2764,-97.95,nuevo,alta,2,María González López,2024-09-14 04:14:42,2024-09-17 00:43:14,,2024,Norte-Este,Norte,Este,14,5,0.011872657663716623,1,0,1,0,1.0,4,9,14,Saturday,September,3,0,37,68.47555555555556,3
707,Vertido de aceite en calle #705,Es necesario implementar medidas de protección ambiental inmediatas. El problema coincide con fallas similares en zonas cercanas.,7,Medio Ambiente,"Camino Plutarco Elías Calles #231, Col. La Libertad",20.2775,-97.954,en_proceso,alta,2,María González López,2024-09-14 09:53:47,2024-09-20 15:07:42,,2024,Norte-Este,Norte,Este,14,5,0.009604686356149637,1,1,0,0,2.0,9,9,53,Saturday,September,3,0,37,149.23194444444445,3
711,Hundimiento de pavimento reciente #709,La superficie irregular dificulta el tránsito y acceso para personas con discapacidad. Los residentes están dispuestos a aportar recursos para la solución. La situación es crítica especialmente los fines de semana.,1,Infraestructura,"Andador Sur #44, Col. San Rafael",20.2627,-97.9535,resuelto,alta,2,María González López,2024-09-15 06:33:38,2024-09-28 03:38:28,,2024,Sur-Este,Sur,Este,15,6,0.00977445650662277,1,0,1,0,3.0,6,9,33,Sunday,September,3,0,37,309.0805555555556,3
710,Nido de avispas en parque #708,El área verde requiere rehabilitación para restaurar el ecosistema local.,7,Medio Ambiente,"Cerrada Calle Aurora #78, Col. Emiliano Zapata",20.2747,-97.9589,en_proceso,baja,1,admin,2024-09-15 16:45:31,2024-09-20 02:16:40,,2024,Norte-Este,Norte,Este,15,6,0.004827007354457186,1,1,0,0,2.0,16,9,45,Sunday,September,1,0,37,105.51916666666666,3
712,Chatarra acumulada en vía pública #710,Los comerciantes de la zona reportan que la situación afecta sus ventas.,4,Limpieza,"Callejón Loma Bonita #10, Col. Las Palmas, frente al banco",20.2753,-97.9582,en_proceso,alta,2,María González López,2024-09-16 02:02:52,2024-09-23 07:27:23,,2024,Norte-Este,Norte,Este,16,0,0.005597320787660737,0,0,1,0,2.0,2,9,2,Monday,September,3,0,38,173.4086111111111,3
714,Quema de llantas en baldío #712,El área verde requiere rehabilitación para restaurar el ecosistema local.,7,Medio Ambiente,"Cerrada Las Magnolias #24, Col. Buenos Aires",20.2776,-97.9508,en_proceso,baja,1,admin,2024-09-16 05:46:35,2024-09-23 02:10:29,,2024,Norte-Este,Norte,Este,16,0,0.011933147112135495,0,0,1,0,2.0,5,9,46,Monday,September,1,0,38,164.39833333333334,3
713,Foco de infección por basura #711,Los servicios de salud son insuficientes para atender la demanda de la población.,8,Salud Pública,"Avenida Los Álamos #720, Col. Vista Hermosa",20.2682,-97.9526,en_proceso,alta,2,María González López,2024-09-16 09:14:07,2024-09-20 02:57:22,,2024,Sur-Este,Sur,Este,16,0,0.007615773105853903,0,1,0,0,2.0,9,9,14,Monday,September,3,0,38,89.72083333333333,3
715,Animales muertos no retirados de vía #713,Los contenedores están dañados y no pueden contener adecuadamente la basura.,4,Limpieza,"Cerrada Miguel Hidalgo #1, Col. Vista Hermosa",20.2785,-97.95,nuevo,media,2,María González López,2024-09-17 12:29:00,2024-09-17 17:10:51,,2024,Norte-Este,Norte,Este,17,1,0.013124404748400733,0,1,0,0,1.0,12,9,29,Tuesday,September,2,1,38,4.6975,3
716,Tubería pluvial desconectada #714,El problema de drenaje ha causado acumulación de agua contaminada en la vía pública. Las condiciones climáticas recientes han agravado la situación.,3,Saneamiento,"Callejón Privada Juárez #42, Col. Francisco Villa",20.2696,-97.9573,cerrado,alta,1,admin,2024-09-17 16:55:06,2024-12-17 19:08:07,,2024,Sur-Este,Sur,Este,17,1,0.0027294688127813605,0,1,0,0,4.0,16,9,55,Tuesday,September,3,0,38,2186.2169444444444,3
717,Eventos masivos sin control #715,Es necesario establecer regulaciones claras para prevenir futuros conflictos.,9,Otros,"Carretera Miguel Hidalgo #1320, Col. Las Flores",20.2773,-97.967,no_aprobado,baja,2,María González López,2024-09-17 23:50:22,2024-09-21 19:46:37,,2024,Norte-Oeste,Norte,Oeste,17,1,0.010113851887390926,0,0,1,0,1.0,23,9,50,Tuesday,September,1,0,38,91.9375,3
718,Bache profundo en avenida principal #716,La reparación temporal anterior no fue efectiva y el problema persiste.,1,Infraestructura,"Boulevard Campestre #682, Col. San Antonio, frente a la clínica",20.2795,-97.95,en_proceso,media,2,María González López,2024-09-18 04:21:03,2024-09-20 22:54:39,,2024,Norte-Este,Norte,Este,18,2,0.01379311422412656,0,0,1,0,2.0,4,9,21,Wednesday,September,2,0,38,66.56,3
719,Infecciones respiratorias por polución #717,Los servicios de salud son insuficientes para atender la demanda de la población.,8,Salud Pública,"Calle Del Valle #77, Col. Solidaridad",20.2737,-97.9531,resuelto,alta,2,María González López,2024-09-18 09:17:05,2024-10-07 14:53:12,,2024,Norte-Este,Norte,Este,18,2,0.007829431652415274,0,1,0,0,3.0,9,9,17,Wednesday,September,3,0,38,461.6019444444444,3
720,Obras sin permiso municipal #718,El problema se ha extendido y ahora afecta a múltiples cuadras del sector.,9,Otros,"Privada Benito Juárez #31, Col. Jardines de Xicotepec",20.2712,-97.9528,no_aprobado,media,2,María González López,2024-09-18 13:23:03,2024-09-20 05:32:31,,2024,Norte-Este,Norte,Este,18,2,0.007299315036355453,0,1,0,0,1.0,13,9,23,Wednesday,September,2,0,38,40.15777777777778,3
721,Accidente por señalización deficiente #719,El mantenimiento de la flota de transporte público es deficiente. Los vecinos han intentado soluciones temporales sin éxito. La situación es crítica especialmente los fines de semana.,6,Transporte,"Cerrada 5 de Mayo #76, Col. Revolución, frente a la iglesia",20.2788,-97.9501,no_aprobado,baja,1,admin,2024-09-19 13:49:38,2024-09-24 19:21:16,,2024,Norte-Este,Norte,Este,19,3,0.013245754036662782,0,1,0,0,1.0,13,9,49,Thursday,September,1,0,38,125.52722222222222,3
722,Ruido excesivo por maquinaria #720,El problema ambiental está afectando la calidad del aire y agua en la zona. La situación afecta particularmente a adultos mayores y niños. Las condiciones climáticas recientes han agravado la situación.,7,Medio Ambiente,"Cerrada Carretera Federal 119 #18, Col. Revolución, esquina principal",20.2552,-97.9606,nuevo,baja,2,María González López,2024-09-19 18:33:34,2024-09-22 21:39:33,,2024,Sur-Oeste,Sur,Oeste,19,3,0.014812157169029684,0,1,0,1,1.0,18,9,33,Thursday,September,1,0,38,75.09972222222223,3
725,Trafico intenso por mal diseño vial #723,Los horarios irregulares afectan la movilidad de trabajadores y estudiantes. Se solicita seguimiento continuo hasta la resolución completa.,6,Transporte,"Cerrada Avenida Universidad #74, Col. La Esperanza, junto a la farmacia",20.2639,-97.9525,en_proceso,alta,2,María González López,2024-09-20 02:44:01,2024-09-21 15:12:40,,2024,Sur-Este,Sur,Este,20,4,0.009667471230880267,0,0,1,0,2.0,2,9,44,Friday,September,3,0,38,36.4775,3
723,Banquetas resbalosas sin textura #721,La estructura presenta daños visibles que comprometen la seguridad peatonal y vehicular.,1,Infraestructura,"Cerrada Boulevard Benito Juárez #36, Col. El Carmen",20.2747,-97.9542,nuevo,alta,1,admin,2024-09-20 03:22:46,2024-09-20 11:51:27,,2024,Norte-Este,Norte,Este,20,4,0.007465252842330449,0,0,1,0,1.0,3,9,22,Friday,September,3,1,38,8.478055555555555,3
724,Restaurante con malas prácticas sanitarias #722,Se requiere intervención sanitaria urgente para prevenir la propagación de enfermedades.,8,Salud Pública,"Cerrada Callejón del Carmen #5, Col. San Francisco",20.2794,-97.9581,en_proceso,media,1,admin,2024-09-20 13:33:35,2024-09-24 18:05:30,,2024,Norte-Este,Norte,Este,20,4,0.009590099061008628,0,1,0,0,2.0,13,9,33,Friday,September,2,0,38,100.53194444444445,3
728,Recolección de basura atrasada #726,Se observan materiales peligrosos mezclados con residuos domésticos comunes.,4,Limpieza,"Boulevard Insurgentes #956, Col. Vista Hermosa",20.2655,-97.9571,resuelto,media,2,María González López,2024-09-21 04:35:40,2024-10-05 20:42:16,,2024,Sur-Este,Sur,Este,21,5,0.005353503525728076,1,0,1,0,3.0,4,9,35,Saturday,September,2,0,38,352.11,3
727,Pavimento levantado por raíces de árbol #725,El área afectada está en una zona de alto tráfico peatonal y necesita atención inmediata. La situación ha empeorado desde la semana pasada.,1,Infraestructura,"Callejón Los Cedros #16, Col. El Carmen",20.2746,-97.9592,resuelto,alta,1,admin,2024-09-21 08:24:01,2024-09-30 10:03:46,,2024,Norte-Este,Norte,Este,21,5,0.004669047011971119,1,1,0,0,3.0,8,9,24,Saturday,September,3,0,38,217.6625,3
726,Zona sin acceso a servicios médicos #724,Los servicios de salud son insuficientes para atender la demanda de la población.,8,Salud Pública,"Callejón Avenida Juárez #63, Col. Emiliano Zapata",20.2734,-97.95,resuelto,alta,1,admin,2024-09-21 16:44:49,2024-10-09 18:24:29,,2024,Norte-Este,Norte,Este,21,5,0.01056219674119984,1,1,0,0,3.0,16,9,44,Saturday,September,3,0,38,433.6611111111111,3
729,Animales callejeros agresivos #727,El manejo inadecuado de residuos médicos pone en riesgo la salud pública. El problema coincide con fallas similares en zonas cercanas.,8,Salud Pública,"Carretera Álvaro Obregón #1139, Col. Francisco Villa",20.2741,-97.9634,no_aprobado,alta,1,admin,2024-09-22 00:50:05,2024-09-25 09:03:01,,2024,Norte-Oeste,Norte,Oeste,22,6,0.0053263495942346365,1,0,1,0,1.0,0,9,50,Sunday,September,3,0,38,80.21555555555555,3
730,Basura acumulada en esquina #728,La basura obstruye el drenaje pluvial y podría causar inundaciones. El problema se intensifica durante las horas pico.,4,Limpieza,"Andador Callejón del Río #4, Col. Santa Cecilia, esquina con Hidalgo",20.2761,-97.9551,en_proceso,alta,2,María González López,2024-09-22 06:21:58,2024-09-27 19:42:46,,2024,Norte-Este,Norte,Este,22,6,0.00782432105680249,1,0,1,0,2.0,6,9,21,Sunday,September,3,0,38,133.34666666666666,3
731,Personas sospechosas merodeando #729,Se requiere incrementar la presencia policial y mejorar la infraestructura de seguridad. El problema se intensifica durante las horas pico. La situación es crítica especialmente los fines de semana.,5,Seguridad,"Boulevard Niños Héroes #199, Col. San José",20.2726,-97.9521,en_proceso,alta,1,admin,2024-09-22 20:27:57,2024-09-28 15:04:35,,2024,Norte-Este,Norte,Este,22,6,0.008316850365365662,1,0,0,0,2.0,20,9,27,Sunday,September,3,0,38,138.61055555555555,3
733,Quema de basura en casa particular #731,El problema se ha extendido y ahora afecta a múltiples cuadras del sector.,9,Otros,"Callejón Del Valle #16, Col. Santa Rosa, frente al banco",20.27,-97.9593,en_proceso,alta,1,admin,2024-09-23 17:10:24,2024-09-30 06:53:32,,2024,Norte-Este,Norte,Este,23,0,0.0006999999999948159,0,1,0,0,2.0,17,9,10,Monday,September,3,0,39,157.7188888888889,3
732,Alcantarilla sin tapa en cruce peatonal #730,Se observan grietas que se extienden y podrían causar un colapso parcial.,1,Infraestructura,"Privada Las Jacarandas #25, Col. Las Flores",20.2772,-97.9555,nuevo,alta,1,admin,2024-09-23 22:07:13,2024-09-24 14:23:53,,2024,Norte-Este,Norte,Este,23,0,0.008490583018848101,0,0,1,0,1.0,22,9,7,Monday,September,3,1,39,16.27777777777778,3
734,Robo a casa habitación #732,Los incidentes delictivos han aumentado significativamente en esta zona. Los comerciantes locales también han expresado su preocupación.,5,Seguridad,"Callejón Degollado #45, Col. Centro, C.P. 73080",20.2673,-97.9605,en_proceso,media,1,admin,2024-09-24 06:06:40,2024-09-29 04:06:55,,2024,Sur-Oeste,Sur,Oeste,24,1,0.00274590604355043,0,0,1,0,2.0,6,9,6,Tuesday,September,2,0,39,118.00416666666666,3
736,Inundación en área verde #734,La quema irregular de materiales genera humo tóxico para la comunidad. El problema se intensifica durante las horas pico.,7,Medio Ambiente,"Avenida Carretera a Huauchinango #997, Col. La Huerta",20.269,-97.9561,en_proceso,alta,2,María González López,2024-09-24 13:10:23,2024-09-28 11:38:28,,2024,Sur-Este,Sur,Este,24,1,0.004026164427827537,0,1,0,0,2.0,13,9,10,Tuesday,September,3,0,39,94.46805555555555,3
735,Contenedores con jeringas usadas #733,La comunidad solicita campañas de vacunación y educación sanitaria.,8,Salud Pública,"Cerrada Avenida Universidad #10, Col. Vista Hermosa",20.2764,-97.95,nuevo,media,1,admin,2024-09-24 23:37:05,2024-09-25 15:30:05,,2024,Norte-Este,Norte,Este,24,1,0.011872657663716623,0,0,1,0,1.0,23,9,37,Tuesday,September,2,1,39,15.883333333333333,3
737,Personas sospechosas merodeando #735,Se requiere incrementar la presencia policial y mejorar la infraestructura de seguridad.,5,Seguridad,"Andador Los Arcos #60, Col. El Mirador",20.2727,-97.9531,en_proceso,alta,1,admin,2024-09-25 01:46:24,2024-09-29 13:38:32,,2024,Norte-Este,Norte,Este,25,2,0.0074094534211257106,0,0,1,0,2.0,1,9,46,Wednesday,September,3,0,39,107.86888888888889,3
739,Fauna silvestre en peligro urbano #737,Se solicita inspección ambiental y aplicación de sanciones correspondientes.,7,Medio Ambiente,"Calle Plutarco Elías Calles #20, Col. San Antonio",20.2707,-97.9536,resuelto,media,2,María González López,2024-09-25 04:29:17,2024-10-23 19:02:05,,2024,Norte-Este,Norte,Este,25,2,0.0064381674411274565,0,0,1,0,3.0,4,9,29,Wednesday,September,2,0,39,686.5466666666666,3
738,Alcantarilla sin tapa en cruce peatonal #736,La superficie irregular dificulta el tránsito y acceso para personas con discapacidad.,1,Infraestructura,"Andador Ocampo #40, Col. Santa María",20.2732,-97.95,nuevo,alta,2,María González López,2024-09-25 17:57:21,2024-09-25 21:35:52,,2024,Norte-Este,Norte,Este,25,2,0.010499523798716581,0,1,0,0,1.0,17,9,57,Wednesday,September,3,1,39,3.6419444444444444,3
740,Alumbrado público apagado en colonia #738,El transformador muestra signos de sobrecarga y necesita mantenimiento preventivo. Se requiere coordinación entre múltiples dependencias municipales. Las condiciones climáticas recientes han agravado la situación.,2,Servicios Públicos,"Callejón Santa Cecilia #50, Col. Centro, altura de la gasolinera",20.2586,-97.9699,nuevo,alta,1,admin,2024-09-26 01:50:17,2024-09-26 06:54:13,,2024,Sur-Oeste,Sur,Oeste,26,3,0.015098675438593839,0,0,1,1,1.0,1,9,50,Thursday,September,3,1,39,5.065555555555555,3
741,Tala no autorizada de árboles #739,El ruido excesivo afecta el descanso y bienestar de los residentes. Los residentes están dispuestos a aportar recursos para la solución. El problema es más evidente durante las primeras horas del día.,7,Medio Ambiente,"Calle Primera #95, Col. San Miguel, frente al mercado",20.2692,-97.9541,resuelto,alta,2,María González López,2024-09-26 11:58:00,2024-10-11 21:32:58,,2024,Sur-Este,Sur,Este,26,3,0.0059539902586383635,0,1,0,0,3.0,11,9,58,Thursday,September,3,0,39,369.5827777777778,3
744,Contenedor de basura desbordado #742,La comunidad está dispuesta a colaborar con horarios específicos de recolección. Se requiere coordinación entre múltiples dependencias municipales. En horario escolar representa mayor riesgo para los menores.,4,Limpieza,"Cerrada Carretera Estatal #46, Col. Solidaridad, esquina principal",20.2748,-97.9596,en_proceso,alta,2,María González López,2024-09-27 00:38:13,2024-09-28 03:33:38,,2024,Norte-Este,Norte,Este,27,4,0.004816637831516314,0,0,1,0,2.0,0,9,38,Friday,September,3,0,39,26.92361111111111,3
743,Unidades de transporte muy sucias #741,Los usuarios del transporte público reportan retrasos constantes en esta ruta. Se observa un patrón de deterioro acelerado en los últimos días.,6,Transporte,"Avenida Los Álamos #1184, Col. Colinas de San Juan, frente a la iglesia, C.P. 73080",20.2709,-97.9631,no_aprobado,baja,2,María González López,2024-09-27 07:12:41,2024-09-28 16:00:49,,2024,Norte-Oeste,Norte,Oeste,27,4,0.003228002478317498,0,0,0,0,1.0,7,9,12,Friday,September,1,0,39,32.80222222222222,3
742,Banqueta colapsada por raíces #740,La superficie irregular dificulta el tránsito y acceso para personas con discapacidad.,1,Infraestructura,"Carretera Calle Verano #413, Col. Buenos Aires",20.2798,-97.9549,resuelto,media,1,admin,2024-09-27 12:59:06,2024-10-27 20:55:42,,2024,Norte-Este,Norte,Este,27,4,0.01104762417898198,0,1,0,0,3.0,12,9,59,Friday,September,2,0,39,727.9433333333334,3
746,Baños públicos contaminados #744,La comunidad solicita campañas de vacunación y educación sanitaria.,8,Salud Pública,"Callejón Cerrada Las Flores #37, Col. San Miguel",20.2794,-97.957,en_proceso,alta,1,admin,2024-09-28 15:55:06,2024-09-30 04:14:23,,2024,Norte-Este,Norte,Este,28,5,0.00986711710683468,1,1,0,0,2.0,15,9,55,Saturday,September,3,0,39,36.32138888888889,3
747,Esquina sin rampa para discapacitados #745,La estructura presenta daños visibles que comprometen la seguridad peatonal y vehicular.,1,Infraestructura,"Andador Del Bosque #74, Col. San Rafael",20.2771,-97.9559,nuevo,alta,2,María González López,2024-09-28 17:25:55,2024-10-02 09:41:27,,2024,Norte-Este,Norte,Este,28,5,0.008198780397105905,1,1,0,0,1.0,17,9,25,Saturday,September,3,0,39,88.25888888888889,3
745,Falta de atención a denuncias previas #743,Los residentes reportan molestias continuas que alteran su calidad de vida.,9,Otros,"Avenida Oriente #929, Col. Emiliano Zapata",20.271,-97.95,nuevo,media,2,María González López,2024-09-28 20:23:24,2024-09-29 20:10:01,,2024,Norte-Este,Norte,Este,28,5,0.010049875621111962,1,0,0,0,1.0,20,9,23,Saturday,September,2,1,39,23.776944444444446,3
748,Cámara de vigilancia dañada #746,La falta de iluminación y vigilancia favorece las actividades delictivas. Los residentes están dispuestos a aportar recursos para la solución.,5,Seguridad,"Avenida Plaza #1132, Col. Colinas de San Juan",20.2713,-97.9578,resuelto,media,1,admin,2024-09-29 01:59:12,2024-10-16 23:43:59,,2024,Norte-Este,Norte,Este,29,6,0.002555386467825862,1,0,1,0,3.0,1,9,59,Sunday,September,2,0,39,429.7463888888889,3
750,Tubería pluvial desconectada #748,La fuga representa un riesgo sanitario y desperdicio del recurso hídrico. Los vecinos han intentado soluciones temporales sin éxito.,3,Saneamiento,"Calle Los Pinos #64, Col. Las Flores",20.253,-97.9601,resuelto,baja,2,María González López,2024-09-29 05:03:09,2024-10-11 15:29:25,,2024,Sur-Oeste,Sur,Oeste,29,6,0.017000294115102312,1,0,1,1,3.0,5,9,3,Sunday,September,1,0,39,298.4377777777778,3
749,Alcantarilla obstruida con basura #747,El sistema requiere limpieza profunda y reparación de conexiones dañadas. La comunidad está organizada para colaborar con las autoridades.,3,Saneamiento,"Camino Calle del Carmen #24, Col. Los Pinos",20.2705,-97.9588,resuelto,alta,1,admin,2024-09-29 22:51:27,2024-10-16 20:48:05,,2024,Norte-Este,Norte,Este,29,6,0.0012999999999969702,1,0,1,0,3.0,22,9,51,Sunday,September,3,0,39,405.94388888888886,3
751,Clínica sin insumos básicos #749,La situación representa un riesgo grave de brote epidemiológico en la comunidad. Los residentes están dispuestos a aportar recursos para la solución.,8,Salud Pública,"Camino San Juan #159, Col. Lázaro Cárdenas",20.2742,-97.9685,en_proceso,alta,2,María González López,2024-09-30 11:28:00,2024-10-03 03:10:52,,2024,Norte-Oeste,Norte,Oeste,30,0,0.009481033698928302,0,1,0,0,2.0,11,9,28,Monday,September,3,0,40,63.714444444444446,3
752,Alumbrado público apagado en colonia #750,El transformador muestra signos de sobrecarga y necesita mantenimiento preventivo.,2,Servicios Públicos,"Carretera Privada Juárez #286, Col. Lázaro Cárdenas",20.2706,-97.95,resuelto,media,1,admin,2024-09-30 12:05:46,2024-10-14 07:31:50,,2024,Norte-Este,Norte,Este,30,0,0.010017983829085605,0,1,0,0,3.0,12,9,5,Monday,September,2,0,40,331.43444444444447,3
753,Maltrato animal en espacio urbano #751,Se solicita intervención de autoridades competentes para establecer orden.,9,Otros,"Calle Vista Verde #200, Col. San Rafael, altura de la gasolinera",20.2744,-97.9586,cerrado,media,1,admin,2024-10-01 07:40:31,2025-01-01 14:22:11,,2024,Norte-Este,Norte,Este,1,1,0.004617358552243319,0,0,0,0,4.0,7,10,40,Tuesday,October,2,0,40,2214.6944444444443,4
754,Fuga de gases industriales #752,El ruido excesivo afecta el descanso y bienestar de los residentes.,7,Medio Ambiente,"Carretera Las Américas #1382, Col. Benito Juárez",20.2709,-97.9615,nuevo,alta,2,María González López,2024-10-01 12:50:31,2024-10-01 23:55:36,,2024,Norte-Oeste,Norte,Oeste,1,1,0.0017492855684604805,0,1,0,0,1.0,12,10,50,Tuesday,October,3,1,40,11.084722222222222,4
755,Zona sin patrullaje policial #753,La falta de iluminación y vigilancia favorece las actividades delictivas.,5,Seguridad,"Camino Josefa Ortiz #36, Col. San Francisco",20.2798,-97.954,nuevo,alta,2,María González López,2024-10-01 16:06:01,2024-10-02 08:43:19,,2024,Norte-Este,Norte,Este,1,1,0.011490865937780429,0,1,0,0,1.0,16,10,6,Tuesday,October,3,1,40,16.621666666666666,4
757,Unidades de transporte muy sucias #755,Los usuarios del transporte público reportan retrasos constantes en esta ruta.,6,Transporte,"Camino Las Américas #161, Col. Buenos Aires",20.2687,-97.95,en_proceso,alta,2,María González López,2024-10-02 05:18:50,2024-10-06 17:06:10,,2024,Sur-Este,Sur,Este,2,2,0.010084145972754434,0,0,1,0,2.0,5,10,18,Wednesday,October,3,0,40,107.78888888888889,4
756,Carril de bicicleta obstruido #754,El problema vial está causando congestionamientos y accidentes menores. La situación afecta particularmente a adultos mayores y niños.,6,Transporte,"Cerrada Calle Unión #68, Col. San Francisco",20.2787,-97.962,no_aprobado,alta,2,María González López,2024-10-02 14:48:57,2024-10-06 20:55:04,,2024,Norte-Oeste,Norte,Oeste,2,2,0.008926925562591876,0,1,0,0,1.0,14,10,48,Wednesday,October,3,0,40,102.10194444444444,4
758,Falta de agua potable en clínica #756,Se requiere intervención sanitaria urgente para prevenir la propagación de enfermedades. Los residentes están dispuestos a aportar recursos para la solución. Durante las lluvias el problema se vuelve más peligroso.,8,Salud Pública,"Cerrada Boulevard Héroes de Puebla #28, Col. Emiliano Zapata",20.2745,-97.9538,cerrado,media,2,María González López,2024-10-02 15:34:46,2025-01-02 20:22:49,,2024,Norte-Este,Norte,Este,2,2,0.007660939890112079,0,1,0,0,4.0,15,10,34,Wednesday,October,2,0,40,2212.8008333333332,4
760,Unidades de transporte muy sucias #758,Los usuarios del transporte público reportan retrasos constantes en esta ruta.,6,Transporte,"Andador Hermanos Serdán #66, Col. Vista Hermosa",20.2759,-97.954,resuelto,alta,2,María González López,2024-10-03 05:46:58,2024-10-11 16:41:46,,2024,Norte-Este,Norte,Este,3,3,0.008414867794565056,0,0,1,0,3.0,5,10,46,Thursday,October,3,0,40,202.91333333333333,4
761,Alumbrado público apagado en colonia #759,Los comerciantes reportan pérdidas económicas debido a las fallas constantes. La situación afecta particularmente a adultos mayores y niños. Durante las lluvias el problema se vuelve más peligroso.,2,Servicios Públicos,"Callejón Callejón San José #26, Col. Lomas de Santa Anita, frente al OXXO",20.276,-97.9615,en_proceso,media,1,admin,2024-10-03 06:58:45,2024-10-09 06:03:16,,2024,Norte-Oeste,Norte,Oeste,3,3,0.006184658438428449,0,0,1,0,2.0,6,10,58,Thursday,October,2,0,40,143.07527777777779,4
759,Construcción abandonada en vía pública #757,La estructura presenta daños visibles que comprometen la seguridad peatonal y vehicular.,1,Infraestructura,"Carretera Privada Hidalgo #1036, Col. Vista Hermosa",20.2731,-97.9562,resuelto,media,2,María González López,2024-10-03 08:13:46,2024-10-13 01:48:12,,2024,Norte-Este,Norte,Este,3,3,0.004904079934094259,0,1,0,0,3.0,8,10,13,Thursday,October,2,0,40,233.5738888888889,4
762,Contaminación del aire por quema #760,Los desechos químicos están contaminando el suelo y fuentes de agua. La situación afecta particularmente a adultos mayores y niños.,7,Medio Ambiente,"Carretera Hidalgo #765, Col. El Mirador",20.2732,-97.9547,nuevo,alta,1,admin,2024-10-04 15:36:31,2024-10-05 00:04:06,,2024,Norte-Este,Norte,Este,4,4,0.006191122676857928,0,1,0,0,1.0,15,10,36,Friday,October,3,1,40,8.459722222222222,4
763,Banqueta colapsada por raíces #761,La estructura presenta daños visibles que comprometen la seguridad peatonal y vehicular. La comunidad está organizada para colaborar con las autoridades. Durante las lluvias el problema se vuelve más peligroso.,1,Infraestructura,"Callejón Morelos #54, Col. San Francisco",20.2785,-97.95,en_proceso,alta,1,admin,2024-10-04 20:07:55,2024-10-09 21:57:07,,2024,Norte-Este,Norte,Este,4,4,0.013124404748400733,0,0,0,0,2.0,20,10,7,Friday,October,3,0,40,121.82,4
764,Publicidad invasiva en postes #762,Es necesario establecer regulaciones claras para prevenir futuros conflictos. En horario escolar representa mayor riesgo para los menores.,9,Otros,"Cerrada Álvaro Obregón #58, Col. San Antonio",20.2777,-97.9539,no_aprobado,media,2,María González López,2024-10-05 04:15:00,2024-10-06 15:42:19,,2024,Norte-Este,Norte,Este,5,5,0.009823441352187486,1,0,1,0,1.0,4,10,15,Saturday,October,2,0,40,35.45527777777778,4
766,Agua turbia en suministro #764,Las aguas residuales están contaminando el suelo y podrían afectar pozos cercanos. Los comerciantes locales también han expresado su preocupación.,3,Saneamiento,"Calle Monte Alto #211, Col. Solidaridad",20.2711,-97.9656,en_proceso,alta,1,admin,2024-10-05 05:21:51,2024-10-09 05:11:40,,2024,Norte-Oeste,Norte,Oeste,5,5,0.0057070132293534385,1,0,1,0,2.0,5,10,21,Saturday,October,3,0,40,95.83027777777778,4
765,Personas viviendo en vía pública #763,Las actividades no reguladas están impactando negativamente el comercio local. Se ha documentado el deterioro progresivo con fotografías.,9,Otros,"Callejón Los Naranjos #51, Col. La Libertad",20.2757,-97.9505,no_aprobado,media,1,admin,2024-10-05 14:14:06,2024-10-10 13:15:16,,2024,Norte-Este,Norte,Este,5,5,0.0110788086001967,1,1,0,0,1.0,14,10,14,Saturday,October,2,0,40,119.01944444444445,4
769,Conexión cruzada agua-potable/aguas-negras #767,Las aguas residuales están contaminando el suelo y podrían afectar pozos cercanos. La situación es crítica especialmente los fines de semana.,3,Saneamiento,"Callejón San Miguel #19, Col. El Paraíso",20.2792,-97.9543,resuelto,alta,1,admin,2024-10-06 01:38:33,2024-10-21 05:39:02,,2024,Norte-Este,Norte,Este,6,6,0.010822661410202519,1,0,1,0,3.0,1,10,38,Sunday,October,3,0,40,364.00805555555553,4
768,Transporte informal operando en ruta oficial #766,La ruta necesita reubicación de paradas para mejorar la seguridad peatonal. En horario escolar representa mayor riesgo para los menores.,6,Transporte,"Andador Del Valle #58, Col. La Huerta",20.2698,-97.9605,resuelto,media,2,María González López,2024-10-06 14:52:50,2024-10-27 03:13:03,,2024,Sur-Oeste,Sur,Oeste,6,6,0.000538516480715494,1,1,0,0,3.0,14,10,52,Sunday,October,2,0,40,492.33694444444444,4
767,Contenedor con residuos peligrosos #765,Los comerciantes de la zona reportan que la situación afecta sus ventas. Los residentes están dispuestos a aportar recursos para la solución. Se observa un patrón de deterioro acelerado en los últimos días.,4,Limpieza,"Carretera Del Campo #103, Col. Nuevo México",20.2789,-97.9572,nuevo,media,2,María González López,2024-10-06 21:01:04,2024-10-06 23:21:55,,2024,Norte-Este,Norte,Este,6,6,0.009330058949437225,1,0,0,0,1.0,21,10,1,Sunday,October,2,1,40,2.3475,4
770,Columna estructural con daño #768,"El deterioro ha empeorado con las lluvias recientes, creando condiciones peligrosas.",1,Infraestructura,"Privada Álvaro Obregón #34, Col. La Esperanza",20.2733,-97.9524,en_proceso,alta,1,admin,2024-10-07 11:19:04,2024-10-08 16:41:24,,2024,Norte-Este,Norte,Este,7,0,0.008285529554587497,0,1,0,0,2.0,11,10,19,Monday,October,3,0,41,29.372222222222224,4
771,Contenedor de reciclaje saturado #769,El servicio de recolección no ha pasado por esta zona en más de una semana.,4,Limpieza,"Calle Camino a Honey #50, Col. El Carmen",20.2725,-97.9582,nuevo,alta,2,María González López,2024-10-07 14:40:36,2024-10-08 06:05:11,,2024,Norte-Este,Norte,Este,7,0,0.0030805843601443075,0,1,0,0,1.0,14,10,40,Monday,October,3,1,41,15.409722222222221,4
772,Personas viviendo en vía pública #770,El problema se ha extendido y ahora afecta a múltiples cuadras del sector. Se solicita seguimiento continuo hasta la resolución completa.,9,Otros,"Boulevard Vicente Guerrero #1368, Col. San Antonio",20.28,-97.9511,nuevo,media,2,María González López,2024-10-07 15:48:15,2024-10-08 07:41:17,,2024,Norte-Este,Norte,Este,7,0,0.013386933928274175,0,1,0,0,1.0,15,10,48,Monday,October,2,1,41,15.883888888888889,4
774,Parada de autobús vandalizada #772,Los comerciantes reportan pérdidas económicas debido a las fallas constantes. Los vecinos han intentado soluciones temporales sin éxito.,2,Servicios Públicos,"Cerrada Felipe Ángeles #69, Col. El Mirador",20.28,-97.9615,no_aprobado,media,1,admin,2024-10-08 00:15:47,2024-10-11 19:49:18,,2024,Norte-Oeste,Norte,Oeste,8,1,0.01011187420808095,0,0,1,0,1.0,0,10,15,Tuesday,October,2,0,41,91.5586111111111,4
773,Bus con fallas mecánicas #771,Los usuarios del transporte público reportan retrasos constantes en esta ruta. En horario escolar representa mayor riesgo para los menores.,6,Transporte,"Boulevard Pancho Villa #1158, Col. Francisco Villa",20.2712,-97.9583,nuevo,alta,1,admin,2024-10-08 04:01:04,2024-10-09 03:18:47,,2024,Norte-Este,Norte,Este,8,1,0.0020808652046685827,0,0,1,0,1.0,4,10,1,Tuesday,October,3,1,41,23.295277777777777,4
775,Animales callejeros agresivos #773,La falta de agua potable obliga a los vecinos a usar fuentes contaminadas. Las condiciones climáticas recientes han agravado la situación.,8,Salud Pública,"Boulevard Santa María #697, Col. La Libertad",20.277,-97.9634,cerrado,media,2,María González López,2024-10-09 03:14:33,2024-12-09 05:43:02,,2024,Norte-Oeste,Norte,Oeste,9,2,0.007782030583338434,0,0,1,0,4.0,3,10,14,Wednesday,October,2,0,41,1466.4747222222222,4
777,Falta de agua potable en clínica #775,Las instalaciones sanitarias no cumplen con normas básicas de higiene. La situación afecta particularmente a adultos mayores y niños.,8,Salud Pública,"Cerrada Cerrada Los Pinos #45, Col. Lomas de Santa Anita, altura de la gasolinera",20.2668,-97.9514,en_proceso,media,1,admin,2024-10-09 10:08:16,2024-10-12 11:45:31,,2024,Sur-Este,Sur,Este,9,2,0.00917605579755132,0,1,0,0,2.0,10,10,8,Wednesday,October,2,0,41,73.62083333333334,4
776,Lámpara pública colgando #774,Los equipos presentan ruidos anormales y podrían fallar completamente pronto. Se requiere coordinación entre múltiples dependencias municipales.,2,Servicios Públicos,"Avenida Segunda #856, Col. Nuevo México",20.28,-97.9574,nuevo,alta,2,María González López,2024-10-09 13:30:50,2024-10-10 00:04:10,,2024,Norte-Este,Norte,Este,9,2,0.010332473082469793,0,1,0,0,1.0,13,10,30,Wednesday,October,3,1,41,10.555555555555555,4
779,Contaminación auditiva por altavoces #777,Se observa mortandad de flora y fauna local debido a la contaminación.,7,Medio Ambiente,"Carretera Calle Estrella #332, Col. Los Pinos",20.2759,-97.9532,en_proceso,alta,2,María González López,2024-10-10 06:43:14,2024-10-13 22:09:16,,2024,Norte-Este,Norte,Este,10,3,0.009002777349239688,0,0,1,0,2.0,6,10,43,Thursday,October,3,0,41,87.43388888888889,4
780,Alcantarilla sin tapa en cruce peatonal #778,"El deterioro ha empeorado con las lluvias recientes, creando condiciones peligrosas.",1,Infraestructura,"Cerrada Las Jacarandas #22, Col. Las Palmas",20.274,-97.9552,nuevo,alta,1,admin,2024-10-10 15:43:14,2024-10-13 12:59:42,,2024,Norte-Este,Norte,Este,10,3,0.006248199740717585,0,1,0,0,1.0,15,10,43,Thursday,October,3,0,41,69.27444444444444,4
778,Cristales rotos en edificio abandonado #776,Se requiere incrementar la presencia policial y mejorar la infraestructura de seguridad.,5,Seguridad,"Callejón Del Campo #19, Col. Vista Alegre",20.2744,-97.9597,no_aprobado,alta,1,admin,2024-10-10 21:29:34,2024-10-12 09:10:53,,2024,Norte-Este,Norte,Este,10,3,0.004410215414240103,0,0,0,0,1.0,21,10,29,Thursday,October,3,0,41,35.68861111111111,4
782,Acumulación de agua estancada #780,Las condiciones insalubres están causando enfermedades respiratorias y gastrointestinales.,8,Salud Pública,"Privada Del Bosque #58, Col. La Esperanza",20.2539,-97.9682,resuelto,baja,2,María González López,2024-10-11 01:14:13,2024-11-05 08:56:01,,2024,Sur-Oeste,Sur,Oeste,11,4,0.018067927385286116,0,0,1,1,3.0,1,10,14,Friday,October,1,0,41,607.6966666666667,4
781,Agua turbia en suministro #779,Las aguas residuales están contaminando el suelo y podrían afectar pozos cercanos. La comunidad está organizada para colaborar con las autoridades. El problema es más evidente durante las primeras horas del día.,3,Saneamiento,"Carretera Insurgentes #417, Col. San Francisco",20.2686,-97.9597,resuelto,alta,1,admin,2024-10-11 03:01:32,2024-11-08 18:31:59,,2024,Sur-Este,Sur,Este,11,4,0.0014317821063270278,0,0,1,0,3.0,3,10,1,Friday,October,3,0,41,687.5075,4
783,Falta de atención a denuncias previas #781,Los residentes reportan molestias continuas que alteran su calidad de vida. Se observa un patrón de deterioro acelerado en los últimos días.,9,Otros,"Andador Calle Victoria #75, Col. El Carmen",20.2758,-97.95,cerrado,alta,2,María González López,2024-10-11 20:54:12,2024-12-12 10:18:14,,2024,Norte-Este,Norte,Este,11,4,0.011560276813287222,0,0,0,0,4.0,20,10,54,Friday,October,3,0,41,1477.4005555555555,4
785,Basura en parque recreativo #783,Los comerciantes de la zona reportan que la situación afecta sus ventas. Durante las lluvias el problema se vuelve más peligroso.,4,Limpieza,"Cerrada San Antonio #49, Col. San Francisco",20.2684,-97.9581,cerrado,media,2,María González López,2024-10-12 01:43:06,2025-01-13 00:54:23,,2024,Sur-Este,Sur,Este,12,5,0.002483948469668626,1,0,1,0,4.0,1,10,43,Saturday,October,2,0,41,2231.1880555555554,4
784,Alumbrado público apagado en colonia #782,Los equipos presentan ruidos anormales y podrían fallar completamente pronto.,2,Servicios Públicos,"Cerrada Calle Flores #46, Col. La Cruz, frente al banco",20.2759,-97.95,cerrado,media,1,admin,2024-10-12 20:41:38,2025-01-13 18:59:58,,2024,Norte-Este,Norte,Este,12,5,0.011610770861567442,1,0,0,0,4.0,20,10,41,Saturday,October,2,0,41,2230.3055555555557,4
787,Fosas sépticas rebosadas #785,La presión del agua es insuficiente para abastecer adecuadamente los hogares. El problema se intensifica durante las horas pico.,3,Saneamiento,"Boulevard Del Campo #552, Col. Lázaro Cárdenas, C.P. 73080",20.2782,-97.9592,resuelto,alta,1,admin,2024-10-13 02:15:37,2024-10-31 05:32:36,,2024,Norte-Este,Norte,Este,13,6,0.00823893196961687,1,0,1,0,3.0,2,10,15,Sunday,October,3,0,41,435.28305555555556,4
786,Falta de tapas en registros de drenaje #784,Los vecinos reportan problemas de salud relacionados con la contaminación del agua. La situación afecta particularmente a adultos mayores y niños.,3,Saneamiento,"Boulevard Los Álamos #1099, Col. Rincón de los Ángeles",20.2756,-97.9567,en_proceso,alta,1,admin,2024-10-13 08:38:04,2024-10-18 12:56:28,,2024,Norte-Este,Norte,Este,13,6,0.006499999999998898,1,1,0,0,2.0,8,10,38,Sunday,October,3,0,41,124.30666666666667,4
788,Conductor sin identificación visible #786,El mantenimiento de la flota de transporte público es deficiente.,6,Transporte,"Carretera Camino a Honey #363, Col. Jardines de Xicotepec",20.2757,-97.9569,en_proceso,alta,2,María González López,2024-10-13 17:14:58,2024-10-21 17:11:28,,2024,Norte-Este,Norte,Este,13,6,0.0064884512789989985,1,1,0,0,2.0,17,10,14,Sunday,October,3,0,41,191.94166666666666,4
790,Cárcamo sin funcionamiento #788,La presión del agua es insuficiente para abastecer adecuadamente los hogares.,3,Saneamiento,"Boulevard Del Bosque #620, Col. Solidaridad",20.2785,-97.9538,cerrado,alta,2,María González López,2024-10-14 01:13:14,2024-12-14 21:58:34,,2024,Norte-Este,Norte,Este,14,0,0.010520931517690558,0,0,1,0,4.0,1,10,13,Monday,October,3,0,42,1484.7555555555555,4
789,Contenedores con jeringas usadas #787,Los servicios de salud son insuficientes para atender la demanda de la población. El problema se intensifica durante las horas pico. Las condiciones climáticas recientes han agravado la situación.,8,Salud Pública,"Camino Las Palmas #150, Col. Valle Verde",20.2779,-97.9626,nuevo,alta,2,María González López,2024-10-14 08:14:55,2024-10-14 10:16:51,,2024,Norte-Oeste,Norte,Oeste,14,0,0.008316850365372412,0,1,0,0,1.0,8,10,14,Monday,October,3,1,42,2.0322222222222224,4
791,Baños públicos contaminados #789,La falta de agua potable obliga a los vecinos a usar fuentes contaminadas.,8,Salud Pública,"Privada Callejón de la Iglesia #7, Col. El Paraíso",20.2777,-97.9598,nuevo,alta,1,admin,2024-10-14 08:57:26,2024-10-14 15:11:18,,2024,Norte-Este,Norte,Este,14,0,0.007702596964660306,0,1,0,0,1.0,8,10,57,Monday,October,3,1,42,6.231111111111111,4
792,Residuos químicos vertidos en canal #790,Es necesario implementar medidas de protección ambiental inmediatas.,7,Medio Ambiente,"Boulevard Avenida Universidad #1299, Col. Colinas de San Juan",20.2685,-97.9617,en_proceso,media,1,admin,2024-10-15 17:32:13,2024-10-17 12:58:08,,2024,Sur-Oeste,Sur,Oeste,15,1,0.0022671568097506574,0,1,0,0,2.0,17,10,32,Tuesday,October,2,0,42,43.43194444444445,4
793,Drenaje colapsado en avenida #791,El sistema requiere limpieza profunda y reparación de conexiones dañadas.,3,Saneamiento,"Camino Calle de la Paz #279, Col. Jardines de Xicotepec, C.P. 73080",20.27,-97.9557,resuelto,alta,1,admin,2024-10-15 19:23:04,2024-11-08 02:08:47,,2024,Norte-Este,Norte,Este,15,1,0.004300000000000637,0,0,0,0,3.0,19,10,23,Tuesday,October,3,0,42,558.7619444444445,4
795,Bache profundo en avenida principal #793,El área afectada está en una zona de alto tráfico peatonal y necesita atención inmediata.,1,Infraestructura,"Calle Calle Verano #186, Col. Benito Juárez",20.2707,-97.9514,resuelto,alta,1,admin,2024-10-16 02:21:26,2024-11-01 12:29:58,,2024,Norte-Este,Norte,Este,16,2,0.008628441342431445,0,0,1,0,3.0,2,10,21,Wednesday,October,3,0,42,394.14222222222224,4
796,Poste de luz intermitente #794,Se requiere revisión técnica urgente para evitar cortes prolongados de energía.,2,Servicios Públicos,"Privada Calle Luna #11, Col. Jardines de Xicotepec, junto a la farmacia",20.2736,-97.9596,resuelto,baja,1,admin,2024-10-16 10:17:24,2024-10-24 01:21:11,,2024,Norte-Este,Norte,Este,16,2,0.003622154055253587,0,1,0,0,3.0,10,10,17,Wednesday,October,1,0,42,183.06305555555556,4
794,Fugas en sistema eléctrico público #792,Se requiere revisión técnica urgente para evitar cortes prolongados de energía.,2,Servicios Públicos,"Calle Vista Verde #211, Col. Santa Rosa, frente al OXXO",20.2784,-97.9543,nuevo,alta,2,María González López,2024-10-16 14:53:14,2024-10-17 12:12:09,,2024,Norte-Este,Norte,Este,16,2,0.010151354589409153,0,1,0,0,1.0,14,10,53,Wednesday,October,3,1,42,21.315277777777776,4
799,Columna estructural con daño #797,Los materiales sueltos representan un riesgo tanto para peatones como para vehículos.,1,Infraestructura,"Avenida Callejón del Mercado #319, Col. El Paraíso",20.2753,-97.9513,en_proceso,alta,2,María González López,2024-10-17 12:52:55,2024-10-20 21:38:24,,2024,Norte-Este,Norte,Este,17,3,0.01018724692936479,0,1,0,0,2.0,12,10,52,Thursday,October,3,0,42,80.75805555555556,4
797,Venta ilegal de medicamentos #795,La falta de agua potable obliga a los vecinos a usar fuentes contaminadas.,8,Salud Pública,"Privada Ocampo #1, Col. Santa Cecilia",20.2703,-97.95,resuelto,alta,2,María González López,2024-10-17 16:50:29,2024-11-03 18:11:24,,2024,Norte-Este,Norte,Este,17,3,0.010004498987946257,0,1,0,0,3.0,16,10,50,Thursday,October,3,0,42,409.3486111111111,4
798,Tierra acumulada en banqueta #796,La acumulación de desechos está atrayendo fauna nociva y generando malos olores. Los vecinos han intentado soluciones temporales sin éxito.,4,Limpieza,"Avenida Residencial #1465, Col. Emiliano Zapata",20.28,-97.9629,en_proceso,media,1,admin,2024-10-17 20:36:40,2024-10-23 09:59:17,,2024,Norte-Oeste,Norte,Oeste,17,3,0.0104120122935048,0,0,0,0,2.0,20,10,36,Thursday,October,2,0,42,133.37694444444443,4
801,Conexión cruzada agua-potable/aguas-negras #799,La presión del agua es insuficiente para abastecer adecuadamente los hogares. Los comerciantes locales también han expresado su preocupación. Las condiciones climáticas recientes han agravado la situación.,3,Saneamiento,"Avenida Callejón de los Sabinos #1000, Col. Lomas de Santa Anita",20.277,-97.9599,nuevo,alta,2,María González López,2024-10-18 02:34:34,2024-10-18 18:13:03,,2024,Norte-Este,Norte,Este,18,4,0.007000714249276149,0,0,1,0,1.0,2,10,34,Friday,October,3,1,42,15.641388888888889,4
802,Alumbrado público apagado en colonia #800,El problema afecta el funcionamiento normal de comercios y hogares del sector.,2,Servicios Públicos,"Camino Anillo Periférico #227, Col. Jardines de Xicotepec",20.28,-97.9537,resuelto,alta,1,admin,2024-10-18 08:12:43,2024-10-29 17:35:48,,2024,Norte-Este,Norte,Este,18,4,0.011819052415484949,0,1,0,0,3.0,8,10,12,Friday,October,3,0,42,273.3847222222222,4
800,Esquina sin rampa para discapacitados #798,Varios vecinos han reportado tropiezos y caídas en esta zona. Se ha documentado el deterioro progresivo con fotografías. Se observa un patrón de deterioro acelerado en los últimos días.,1,Infraestructura,"Cerrada Periférico Norte #59, Col. San José",20.2555,-97.952,nuevo,alta,1,admin,2024-10-18 12:06:36,2024-10-19 10:06:46,,2024,Sur-Este,Sur,Este,18,4,0.01656049516167546,0,1,0,1,1.0,12,10,6,Friday,October,3,1,42,22.002777777777776,4
803,Árbol enfermo sin atención #801,El problema ambiental está afectando la calidad del aire y agua en la zona.,7,Medio Ambiente,"Boulevard Las Magnolias #915, Col. Vista Alegre",20.2715,-97.9531,en_proceso,media,2,María González López,2024-10-19 04:19:23,2024-10-21 22:56:09,,2024,Norte-Este,Norte,Este,19,5,0.007061161377551662,1,0,1,0,2.0,4,10,19,Saturday,October,2,0,42,66.61277777777778,4
804,Humedad por filtración subterránea #802,Las aguas residuales están contaminando el suelo y podrían afectar pozos cercanos.,3,Saneamiento,"Carretera Vía Corta a Pantepec #567, Col. Vista Alegre",20.2695,-97.9611,en_proceso,alta,1,admin,2024-10-19 23:35:03,2024-10-27 08:51:55,,2024,Sur-Oeste,Sur,Oeste,19,5,0.001208304597366344,1,0,1,0,2.0,23,10,35,Saturday,October,3,0,42,177.2811111111111,4
805,Poste de concreto dañado #803,Los materiales sueltos representan un riesgo tanto para peatones como para vehículos. Durante las lluvias el problema se vuelve más peligroso.,1,Infraestructura,"Boulevard Plaza #851, Col. Lomas de Santa Anita, entre calles",20.2546,-97.954,nuevo,alta,1,admin,2024-10-20 11:05:25,2024-10-21 05:27:11,,2024,Sur-Este,Sur,Este,20,6,0.016527552752903,1,1,0,1,1.0,11,10,5,Sunday,October,3,1,42,18.36277777777778,4
806,Falta de mantenimiento a jardineras #804,Es necesario implementar medidas de protección ambiental inmediatas.,7,Medio Ambiente,"Avenida San José #1099, Col. Nuevo México, C.P. 73080",20.2744,-97.9532,nuevo,baja,2,María González López,2024-10-20 11:11:59,2024-10-20 11:57:31,,2024,Norte-Este,Norte,Este,20,6,0.00809938269252548,1,1,0,0,1.0,11,10,11,Sunday,October,1,1,42,0.7588888888888888,4
807,Venta de pirotecnia ilegal #805,El uso inadecuado del espacio público afecta el libre tránsito de ciudadanos. La situación afecta particularmente a adultos mayores y niños.,9,Otros,"Camino Allende #291, Col. San Francisco",20.2656,-97.9539,en_proceso,alta,2,María González López,2024-10-20 22:30:58,2024-10-24 15:36:30,,2024,Sur-Este,Sur,Este,20,6,0.007521303078581095,1,0,1,0,2.0,22,10,30,Sunday,October,3,0,42,89.09222222222222,4
808,Muros de contención con filtraciones #806,El daño estructural requiere reparación urgente antes de que cause accidentes graves. Se requiere coordinación entre múltiples dependencias municipales.,1,Infraestructura,"Camino Hermanos Serdán #198, Col. Santa Cecilia",20.2644,-97.953,resuelto,media,2,María González López,2024-10-21 05:21:14,2024-11-05 23:05:01,,2024,Sur-Este,Sur,Este,21,0,0.008964373932399522,0,0,1,0,3.0,5,10,21,Monday,October,2,0,43,377.7297222222222,4
809,Semáforo descompuesto en cruce #807,El problema vial está causando congestionamientos y accidentes menores.,6,Transporte,"Boulevard San Miguel #1074, Col. Santa Rosa, altura del semáforo",20.2756,-97.9616,nuevo,alta,2,María González López,2024-10-21 09:46:31,2024-10-21 13:00:54,,2024,Norte-Oeste,Norte,Oeste,21,0,0.00582408791142841,0,1,0,0,1.0,9,10,46,Monday,October,3,1,43,3.2397222222222224,4
810,Falta de baños públicos #808,La comunidad propone soluciones colaborativas para resolver el problema. La situación afecta particularmente a adultos mayores y niños.,9,Otros,"Callejón Vicente Guerrero #17, Col. La Libertad",20.2779,-97.9561,no_aprobado,baja,2,María González López,2024-10-21 22:34:26,2024-10-26 05:25:55,,2024,Norte-Este,Norte,Este,21,0,0.008810221336600525,0,0,1,0,1.0,22,10,34,Monday,October,1,0,43,102.85805555555555,4
813,Choferes con música muy alta #811,La ruta necesita reubicación de paradas para mejorar la seguridad peatonal.,6,Transporte,"Camino Calle Aurora #150, Col. Lomas de Santa Anita, C.P. 73080",20.2686,-97.9547,en_proceso,alta,2,María González López,2024-10-22 13:13:41,2024-10-24 06:58:59,,2024,Sur-Este,Sur,Este,22,1,0.0054817880294578646,0,1,0,0,2.0,13,10,13,Tuesday,October,3,0,43,41.755,4
811,Obras sin permiso municipal #809,Los residentes reportan molestias continuas que alteran su calidad de vida. Los residentes están dispuestos a aportar recursos para la solución.,9,Otros,"Cerrada Cerrada Las Flores #60, Col. San Juan, cerca del parque",20.2733,-97.9561,nuevo,media,1,admin,2024-10-22 13:32:53,2024-10-22 15:50:41,,2024,Norte-Este,Norte,Este,22,1,0.005108815909767891,0,1,0,0,1.0,13,10,32,Tuesday,October,2,1,43,2.296666666666667,4
812,Fuga de agua en tubería principal #810,El problema de drenaje ha causado acumulación de agua contaminada en la vía pública. Se ha documentado el deterioro progresivo con fotografías.,3,Saneamiento,"Callejón Jardines #35, Col. Rincón de los Ángeles",20.2725,-97.9605,en_proceso,alta,2,María González López,2024-10-22 20:09:09,2024-10-29 07:52:19,,2024,Norte-Oeste,Norte,Oeste,22,1,0.0025495097567981148,0,0,0,0,2.0,20,10,9,Tuesday,October,3,0,43,155.71944444444443,4
814,Basura doméstica expuesta a animales #812,Los contenedores están dañados y no pueden contener adecuadamente la basura. Se requiere coordinación entre múltiples dependencias municipales.,4,Limpieza,"Calle Cuarta #43, Col. El Mirador",20.2717,-97.9554,en_proceso,media,1,admin,2024-10-23 01:07:16,2024-10-29 23:48:51,,2024,Norte-Este,Norte,Este,23,2,0.004904079934092158,0,0,1,0,2.0,1,10,7,Wednesday,October,2,0,43,166.69305555555556,4
815,Mercado con condiciones insalubres #813,Las condiciones insalubres están causando enfermedades respiratorias y gastrointestinales. El problema es más evidente durante las primeras horas del día.,8,Salud Pública,"Andador Santa María #77, Col. Buenos Aires",20.2688,-97.95,nuevo,media,1,admin,2024-10-23 02:04:57,2024-10-23 12:14:47,,2024,Sur-Este,Sur,Este,23,2,0.010071742649602398,0,0,1,0,1.0,2,10,4,Wednesday,October,2,1,43,10.16388888888889,4
818,Acumulación de agua estancada #816,La situación representa un riesgo grave de brote epidemiológico en la comunidad. Durante las lluvias el problema se vuelve más peligroso.,8,Salud Pública,"Carretera San Juan #799, Col. Jardines de Xicotepec",20.2714,-97.9526,en_proceso,alta,2,María González López,2024-10-24 05:36:57,2024-10-31 23:57:01,,2024,Norte-Este,Norte,Este,24,3,0.0075312681534951825,0,0,1,0,2.0,5,10,36,Thursday,October,3,0,43,186.33444444444444,4
817,Venta ilegal de medicamentos #815,El manejo inadecuado de residuos médicos pone en riesgo la salud pública. El problema coincide con fallas similares en zonas cercanas.,8,Salud Pública,"Boulevard Central #919, Col. Los Pinos",20.2791,-97.9615,resuelto,alta,1,admin,2024-10-24 07:07:47,2024-11-22 11:42:03,,2024,Norte-Oeste,Norte,Oeste,24,3,0.009222797840136335,0,0,0,0,3.0,7,10,7,Thursday,October,3,0,43,700.5711111111111,4
816,Ruido excesivo por maquinaria #814,Se observa mortandad de flora y fauna local debido a la contaminación. El problema es más evidente durante las primeras horas del día.,7,Medio Ambiente,"Cerrada Panorámica #39, Col. Buenos Aires",20.278,-97.9617,resuelto,baja,1,admin,2024-10-24 13:23:28,2024-11-15 00:23:25,,2024,Norte-Oeste,Norte,Oeste,24,3,0.008178630692235988,0,1,0,0,3.0,13,10,23,Thursday,October,1,0,43,514.9991666666666,4
821,Maleza invadiendo banquetas #819,La quema irregular de materiales genera humo tóxico para la comunidad. Se requiere coordinación entre múltiples dependencias municipales.,7,Medio Ambiente,"Boulevard Emiliano Zapata #423, Col. San José",20.2712,-97.9615,en_proceso,alta,1,admin,2024-10-25 06:59:42,2024-10-31 18:16:47,,2024,Norte-Oeste,Norte,Oeste,25,4,0.0019209372712359197,0,0,1,0,2.0,6,10,59,Friday,October,3,0,43,155.28472222222223,4
819,Acumulación de agua estancada #817,El manejo inadecuado de residuos médicos pone en riesgo la salud pública. Se requiere coordinación entre múltiples dependencias municipales.,8,Salud Pública,"Camino Cuarta #191, Col. Los Pinos",20.28,-97.9546,nuevo,alta,1,admin,2024-10-25 12:33:17,2024-10-25 19:41:33,,2024,Norte-Este,Norte,Este,25,4,0.01136485811613907,0,1,0,0,1.0,12,10,33,Friday,October,3,1,43,7.137777777777778,4
820,Maleza invadiendo banquetas #818,El ruido excesivo afecta el descanso y bienestar de los residentes.,7,Medio Ambiente,"Avenida Calle Progreso #549, Col. Valle Verde",20.276,-97.9576,cerrado,alta,2,María González López,2024-10-25 13:05:25,2025-01-26 09:05:14,,2024,Norte-Este,Norte,Este,25,4,0.006462197768559539,0,1,0,0,4.0,13,10,5,Friday,October,3,0,43,2227.9969444444446,4
822,Incendio provocado en basurero #820,La falta de iluminación y vigilancia favorece las actividades delictivas. Durante las lluvias el problema se vuelve más peligroso.,5,Seguridad,"Carretera Portal #1300, Col. San Miguel",20.2706,-97.9569,cerrado,alta,2,María González López,2024-10-26 11:15:21,2024-12-27 06:49:15,,2024,Norte-Este,Norte,Este,26,5,0.0031575306807592168,1,1,0,0,4.0,11,10,15,Saturday,October,3,0,43,1483.565,4
823,Quema de basura en casa particular #821,Los residentes reportan molestias continuas que alteran su calidad de vida. La situación es crítica especialmente los fines de semana.,9,Otros,"Boulevard Avenida Revolución #991, Col. Rincón de los Ángeles, C.P. 73080",20.2626,-97.9685,nuevo,baja,2,María González López,2024-10-26 20:13:36,2024-10-27 05:14:23,,2024,Sur-Oeste,Sur,Oeste,26,5,0.011269871339115388,1,0,0,0,1.0,20,10,13,Saturday,October,1,1,43,9.013055555555555,4
824,Malos olores por fuga de aguas negras #822,La fuga representa un riesgo sanitario y desperdicio del recurso hídrico. Se ha documentado el deterioro progresivo con fotografías.,3,Saneamiento,"Camino Santa Lucía #258, Col. El Paraíso",20.28,-97.9528,resuelto,alta,1,admin,2024-10-26 21:52:27,2024-11-05 10:05:13,,2024,Norte-Este,Norte,Este,26,5,0.012322337440599258,1,0,0,0,3.0,21,10,52,Saturday,October,3,0,43,228.21277777777777,4
826,Tierra acumulada en banqueta #824,La acumulación de desechos está atrayendo fauna nociva y generando malos olores.,4,Limpieza,"Andador Juárez #41, Col. Vista Alegre",20.2724,-97.9532,cerrado,alta,1,admin,2024-10-27 04:24:56,2024-12-27 05:00:44,,2024,Norte-Este,Norte,Este,27,6,0.007211102550926938,1,0,1,0,4.0,4,10,24,Sunday,October,3,0,43,1464.5966666666666,4
825,Alumbrado público apagado en colonia #823,Los comerciantes reportan pérdidas económicas debido a las fallas constantes.,2,Servicios Públicos,"Boulevard Constitución #506, Col. El Paraíso",20.2752,-97.95,en_proceso,baja,1,admin,2024-10-27 07:54:32,2024-10-28 22:00:28,,2024,Norte-Este,Norte,Este,27,6,0.011271202242877193,1,0,0,0,2.0,7,10,54,Sunday,October,1,0,43,38.09888888888889,4
828,Vandalismo en parque infantil #826,Los incidentes delictivos han aumentado significativamente en esta zona.,5,Seguridad,"Cerrada Reforma #8, Col. Lomas de Santa Anita",20.2775,-97.95,resuelto,alta,1,admin,2024-10-28 07:14:49,2024-11-11 05:00:25,,2024,Norte-Este,Norte,Este,28,0,0.012499999999992894,0,0,0,0,3.0,7,10,14,Monday,October,3,0,44,333.76,4
827,Robo de cableado público #825,La comunidad solicita patrullajes más frecuentes y puntos de vigilancia.,5,Seguridad,"Avenida Cerrada Los Pinos #767, Col. San Antonio, junto al hospital",20.2709,-97.9623,en_proceso,alta,2,María González López,2024-10-28 10:51:48,2024-11-04 16:24:05,,2024,Norte-Oeste,Norte,Oeste,28,0,0.0024698178070511577,0,1,0,0,2.0,10,10,51,Monday,October,3,0,44,173.53805555555556,4
829,Cámara de vigilancia dañada #827,Se requiere incrementar la presencia policial y mejorar la infraestructura de seguridad.,5,Seguridad,"Avenida Calle del Carmen #364, Col. La Huerta",20.2722,-97.9542,en_proceso,alta,1,admin,2024-10-28 18:17:37,2024-11-03 04:26:25,,2024,Norte-Este,Norte,Este,28,0,0.006203224967703035,0,1,0,0,2.0,18,10,17,Monday,October,3,0,44,130.14666666666668,4
832,Animales muertos no retirados de vía #830,La comunidad está dispuesta a colaborar con horarios específicos de recolección.,4,Limpieza,"Callejón Calle Progreso #37, Col. El Carmen",20.2699,-97.961,resuelto,alta,1,admin,2024-10-29 00:14:24,2024-11-06 20:38:00,,2024,Sur-Oeste,Sur,Oeste,29,1,0.001004987562116817,0,0,1,0,3.0,0,10,14,Tuesday,October,3,0,44,212.39333333333335,4
831,Falta de atención a denuncias previas #829,Se requiere mediación municipal para resolver el conflicto de manera efectiva. Se ha documentado el deterioro progresivo con fotografías.,9,Otros,"Privada Mirador #7, Col. Las Flores",20.2759,-97.9581,en_proceso,alta,1,admin,2024-10-29 03:19:55,2024-11-06 01:44:06,,2024,Norte-Este,Norte,Este,29,1,0.006198386886922686,0,0,1,0,2.0,3,10,19,Tuesday,October,3,0,44,190.40305555555557,4
830,Grietas en muros de contención #828,La superficie irregular dificulta el tránsito y acceso para personas con discapacidad. El problema coincide con fallas similares en zonas cercanas.,1,Infraestructura,"Calle Avenida del Trabajo #60, Col. Santa Cecilia",20.2722,-97.9575,nuevo,alta,1,admin,2024-10-29 13:11:59,2024-10-30 18:08:23,,2024,Norte-Este,Norte,Este,29,1,0.0033301651610689424,0,1,0,0,1.0,13,10,11,Tuesday,October,3,0,44,28.94,4
833,Drenaje colapsado en avenida #831,Se observa proliferación de insectos y roedores debido al agua estancada. Se requiere coordinación entre múltiples dependencias municipales.,3,Saneamiento,"Boulevard Central #919, Col. Jardines de Xicotepec",20.2774,-97.9577,cerrado,alta,1,admin,2024-10-30 06:50:21,2025-01-31 05:35:17,,2024,Norte-Este,Norte,Este,30,2,0.007749193506421598,0,0,1,0,4.0,6,10,50,Wednesday,October,3,0,44,2230.748888888889,4
834,Venta ilegal de medicamentos #832,La situación representa un riesgo grave de brote epidemiológico en la comunidad.,8,Salud Pública,"Avenida Pancho Villa #535, Col. Rincón de los Ángeles, esquina con Hidalgo, C.P. 73080",20.2777,-97.9537,resuelto,alta,2,María González López,2024-10-30 09:56:26,2024-11-25 21:45:51,,2024,Norte-Este,Norte,Este,30,2,0.009948869282483638,0,1,0,0,3.0,9,10,56,Wednesday,October,3,0,44,635.8236111111111,4
835,Violencia en cancha deportiva #833,Los incidentes delictivos han aumentado significativamente en esta zona.,5,Seguridad,"Camino Los Álamos #78, Col. San José",20.2794,-97.9544,en_proceso,media,1,admin,2024-10-30 23:39:01,2024-11-04 22:29:09,,2024,Norte-Este,Norte,Este,30,2,0.010941663493264756,0,0,1,0,2.0,23,10,39,Wednesday,October,2,0,44,118.83555555555556,4
836,Puente peatonal deteriorado #834,Los materiales sueltos representan un riesgo tanto para peatones como para vehículos. Se requiere coordinación entre múltiples dependencias municipales.,1,Infraestructura,"Camino Matamoros #202, Col. La Cruz",20.2679,-97.9591,en_proceso,alta,1,admin,2024-10-31 03:58:29,2024-11-02 00:24:40,,2024,Sur-Este,Sur,Este,31,3,0.0022847319317529148,0,0,1,0,2.0,3,10,58,Thursday,October,3,0,44,44.43638888888889,4
837,Fiestas con música excesiva #835,Se requiere mediación municipal para resolver el conflicto de manera efectiva.,9,Otros,"Privada Calle de la Paz #45, Col. San Rafael",20.2717,-97.95,nuevo,baja,2,María González López,2024-10-31 14:36:46,2024-11-03 01:52:19,,2024,Norte-Este,Norte,Este,31,3,0.010143470806376717,0,1,0,0,1.0,14,10,36,Thursday,October,1,0,44,59.259166666666665,4
839,Interruptores públicos dañados #837,Las condiciones del cableado representan un riesgo de electrocución para transeúntes. La situación afecta particularmente a adultos mayores y niños.,2,Servicios Públicos,"Avenida Revolución #396, Col. Las Palmas",20.2747,-97.9534,nuevo,alta,2,María González López,2024-11-01 00:01:43,2024-11-01 21:35:44,,2024,Norte-Este,Norte,Este,1,4,0.008102468759574946,0,0,1,0,1.0,0,11,1,Friday,November,3,1,44,21.566944444444445,4
840,Animales callejeros agresivos #838,La falta de agua potable obliga a los vecinos a usar fuentes contaminadas. El problema se intensifica durante las horas pico.,8,Salud Pública,"Calle Pancho Villa #163, Col. Lázaro Cárdenas",20.2797,-97.9582,nuevo,alta,2,María González López,2024-11-01 03:04:21,2024-11-01 08:36:13,,2024,Norte-Este,Norte,Este,1,4,0.009865596788838185,0,0,1,0,1.0,3,11,4,Friday,November,3,1,44,5.5311111111111115,4
838,Árbol enfermo sin atención #836,La vegetación dañada representa un riesgo para la infraestructura cercana. Se ha documentado el deterioro progresivo con fotografías.,7,Medio Ambiente,"Carretera Vista Verde #917, Col. Lomas de Santa Anita",20.2704,-97.95,en_proceso,alta,1,admin,2024-11-01 05:49:19,2024-11-06 17:21:46,,2024,Norte-Este,Norte,Este,1,4,0.010007996802548318,0,0,1,0,2.0,5,11,49,Friday,November,3,0,44,131.54083333333332,4
843,Publicidad invasiva en postes #841,Las actividades no reguladas están impactando negativamente el comercio local. Los residentes están dispuestos a aportar recursos para la solución.,9,Otros,"Avenida Callejón del Río #263, Col. Buenos Aires",20.2687,-97.95,resuelto,media,1,admin,2024-11-02 07:47:02,2024-12-01 10:58:07,,2024,Sur-Este,Sur,Este,2,5,0.010084145972754434,1,0,0,0,3.0,7,11,47,Saturday,November,2,0,44,699.1847222222223,4
841,Cristales rotos en edificio abandonado #839,El vandalismo continuo genera un ambiente de inseguridad para las familias. El problema coincide con fallas similares en zonas cercanas.,5,Seguridad,"Camino Aldama #146, Col. Los Pinos",20.28,-97.9559,nuevo,baja,2,María González López,2024-11-02 10:22:47,2024-11-03 10:15:21,,2024,Norte-Este,Norte,Este,2,5,0.010807867504738482,1,1,0,0,1.0,10,11,22,Saturday,November,1,1,44,23.87611111111111,4
842,Alcantarilla obstruida con basura #840,Las aguas residuales están contaminando el suelo y podrían afectar pozos cercanos. La situación afecta particularmente a adultos mayores y niños.,3,Saneamiento,"Calle Santa Cecilia #227, Col. Las Palmas, esquina principal",20.2577,-97.9617,cerrado,alta,2,María González López,2024-11-02 16:30:56,2024-12-03 14:10:20,,2024,Sur-Oeste,Sur,Oeste,2,5,0.01241692393469464,1,1,0,1,4.0,16,11,30,Saturday,November,3,0,44,741.6566666666666,4
845,Esquina sin rampa para discapacitados #843,El daño estructural requiere reparación urgente antes de que cause accidentes graves. Las condiciones climáticas recientes han agravado la situación.,1,Infraestructura,"Privada Plutarco Elías Calles #78, Col. El Calvario",20.2616,-97.9688,en_proceso,alta,2,María González López,2024-11-03 11:07:55,2024-11-07 09:33:16,,2024,Sur-Oeste,Sur,Oeste,3,6,0.012165525060600911,1,1,0,0,2.0,11,11,7,Sunday,November,3,0,44,94.4225,4
844,Tiempos de espera muy largos #842,El mantenimiento de la flota de transporte público es deficiente. El problema se presenta de manera intermitente pero frecuente.,6,Transporte,"Boulevard Andador San Antonio #1140, Col. Las Palmas, frente al OXXO",20.2775,-97.966,nuevo,media,1,admin,2024-11-03 19:13:09,2024-11-03 21:44:29,,2024,Norte-Oeste,Norte,Oeste,3,6,0.009604686356149637,1,0,0,0,1.0,19,11,13,Sunday,November,2,1,44,2.522222222222222,4
848,Tala no autorizada de árboles #846,Se observa mortandad de flora y fauna local debido a la contaminación. Los comerciantes locales también han expresado su preocupación. Durante las lluvias el problema se vuelve más peligroso.,7,Medio Ambiente,"Andador Calle Verano #54, Col. Revolución",20.2717,-97.955,en_proceso,alta,2,María González López,2024-11-04 00:30:12,2024-11-05 20:41:27,,2024,Norte-Este,Norte,Este,4,0,0.00528109837059992,0,0,1,0,2.0,0,11,30,Monday,November,3,0,45,44.1875,4
847,Tubería rota en zona habitacional #845,La presión del agua es insuficiente para abastecer adecuadamente los hogares. La situación ha empeorado desde la semana pasada.,3,Saneamiento,"Privada Del Campo #78, Col. Santa María, altura de la gasolinera",20.2734,-97.95,en_proceso,media,1,admin,2024-11-04 03:29:45,2024-11-11 20:18:01,,2024,Norte-Este,Norte,Este,4,0,0.01056219674119984,0,0,1,0,2.0,3,11,29,Monday,November,2,0,45,184.80444444444444,4
846,Grietas en muros de contención #844,El área afectada está en una zona de alto tráfico peatonal y necesita atención inmediata.,1,Infraestructura,"Carretera Callejón de las Flores #1027, Col. La Libertad, junto al DIF",20.2755,-97.9525,no_aprobado,alta,2,María González López,2024-11-04 07:26:56,2024-11-08 01:13:58,,2024,Norte-Este,Norte,Este,4,0,0.00930053761886446,0,0,0,0,1.0,7,11,26,Monday,November,3,0,45,89.7838888888889,4
849,Cartón mojado bloqueando acera #847,La situación está creando un foco de infección que pone en riesgo la salud pública. Se ha documentado el deterioro progresivo con fotografías.,4,Limpieza,"Callejón José María Morelos #78, Col. Rincón de los Ángeles",20.2779,-97.9511,en_proceso,alta,2,María González López,2024-11-05 05:39:45,2024-11-09 11:37:04,,2024,Norte-Este,Norte,Este,5,1,0.011900420160647135,0,0,1,0,2.0,5,11,39,Tuesday,November,3,0,45,101.95527777777778,4
851,Inundación por lluvia en colonia #849,Se observa proliferación de insectos y roedores debido al agua estancada.,3,Saneamiento,"Callejón Santa Cecilia #51, Col. Lomas del Mirador, cerca del zócalo",20.2789,-97.9564,nuevo,alta,2,María González López,2024-11-05 10:53:06,2024-11-05 15:59:18,,2024,Norte-Este,Norte,Este,5,1,0.009600520819202978,0,1,0,0,1.0,10,11,53,Tuesday,November,3,1,45,5.1033333333333335,4
850,Tierra acumulada en banqueta #848,Se observan materiales peligrosos mezclados con residuos domésticos comunes. Se solicita seguimiento continuo hasta la resolución completa.,4,Limpieza,"Callejón Santa María #58, Col. El Calvario",20.28,-97.95,en_proceso,alta,2,María González López,2024-11-05 13:50:58,2024-11-12 21:01:48,,2024,Norte-Este,Norte,Este,5,1,0.014142135623725625,0,1,0,0,2.0,13,11,50,Tuesday,November,3,0,45,175.18055555555554,4
854,Parada de autobús vandalizada #852,El transformador muestra signos de sobrecarga y necesita mantenimiento preventivo.,2,Servicios Públicos,"Calle Santa Rosa #200, Col. Francisco Villa, entre calles",20.278,-97.9607,resuelto,media,1,admin,2024-11-06 11:21:27,2024-11-16 08:54:41,,2024,Norte-Oeste,Norte,Oeste,6,2,0.00803056660516545,0,1,0,0,3.0,11,11,21,Wednesday,November,2,0,45,237.55388888888888,4
852,Comercio informal bloqueando banquetas #850,La comunidad propone soluciones colaborativas para resolver el problema. Se ha documentado el deterioro progresivo con fotografías. Las condiciones climáticas recientes han agravado la situación.,9,Otros,"Calle Periférico Norte #166, Col. Colinas de San Juan, esquina con Hidalgo, C.P. 73080",20.2768,-97.9568,nuevo,alta,2,María González López,2024-11-06 12:04:11,2024-11-06 23:37:16,,2024,Norte-Este,Norte,Este,6,2,0.007515317691220933,0,1,0,0,1.0,12,11,4,Wednesday,November,3,1,45,11.551388888888889,4
853,Montón de hojas secas sin recoger #851,Los contenedores están dañados y no pueden contener adecuadamente la basura.,4,Limpieza,"Calle 16 de Septiembre #158, Col. Santa María, cerca del panteón",20.2702,-97.9564,cerrado,alta,1,admin,2024-11-06 21:53:03,2024-12-07 15:54:32,,2024,Norte-Este,Norte,Este,6,2,0.003605551275455586,0,0,0,0,4.0,21,11,53,Wednesday,November,3,0,45,738.0247222222222,4
856,Choferes con música muy alta #854,El problema vial está causando congestionamientos y accidentes menores. El problema coincide con fallas similares en zonas cercanas. Se observa un patrón de deterioro acelerado en los últimos días.,6,Transporte,"Callejón Cerrada Las Flores #27, Col. Lázaro Cárdenas, esquina con Hidalgo",20.2554,-97.957,en_proceso,media,1,admin,2024-11-07 18:51:29,2024-11-14 04:18:36,,2024,Sur-Este,Sur,Este,7,3,0.01490503270710738,0,1,0,1,2.0,18,11,51,Thursday,November,2,0,45,153.45194444444445,4
855,Contaminación visual por anuncios ilegales #853,Se solicita inspección ambiental y aplicación de sanciones correspondientes.,7,Medio Ambiente,"Boulevard Ignacio Zaragoza #255, Col. San Antonio, frente a la iglesia",20.2787,-97.9581,en_proceso,alta,2,María González López,2024-11-07 22:16:16,2024-11-15 10:50:34,,2024,Norte-Este,Norte,Este,7,3,0.008905054744356588,0,0,1,0,2.0,22,11,16,Thursday,November,3,0,45,180.57166666666666,4
858,Basura tras eventos masivos sin limpieza #856,La basura obstruye el drenaje pluvial y podría causar inundaciones. Las condiciones climáticas recientes han agravado la situación.,4,Limpieza,"Camino Matamoros #204, Col. Las Flores, C.P. 73080",20.2767,-97.95,nuevo,media,2,María González López,2024-11-08 06:22:57,2024-11-08 16:22:45,,2024,Norte-Este,Norte,Este,8,4,0.012037026210814983,0,0,1,0,1.0,6,11,22,Friday,November,2,1,45,9.996666666666666,4
859,Falta de tapas en registros de drenaje #857,El sistema requiere limpieza profunda y reparación de conexiones dañadas. El problema coincide con fallas similares en zonas cercanas. Durante las lluvias el problema se vuelve más peligroso.,3,Saneamiento,"Andador Los Naranjos #57, Col. San Francisco",20.2706,-97.9567,nuevo,alta,1,admin,2024-11-08 09:10:49,2024-11-09 02:26:14,,2024,Norte-Este,Norte,Este,8,4,0.0033541019662459985,0,1,0,0,1.0,9,11,10,Friday,November,3,1,45,17.256944444444443,4
857,Horario de transporte incumplido #855,El mantenimiento de la flota de transporte público es deficiente. Los comerciantes locales también han expresado su preocupación.,6,Transporte,"Cerrada Emiliano Zapata #19, Col. Emiliano Zapata",20.2794,-97.9625,en_proceso,alta,2,María González López,2024-11-08 16:54:29,2024-11-13 02:19:40,,2024,Norte-Oeste,Norte,Oeste,8,4,0.009726767191623771,0,1,0,0,2.0,16,11,54,Friday,November,3,0,45,105.41972222222222,4
861,Chatarra acumulada en vía pública #859,Los comerciantes de la zona reportan que la situación afecta sus ventas.,4,Limpieza,"Camino Niños Héroes #287, Col. Santa María, junto a la escuela",20.2662,-97.95,resuelto,baja,1,admin,2024-11-09 11:01:11,2024-11-21 07:31:03,,2024,Sur-Este,Sur,Este,9,5,0.010697663296243942,1,1,0,0,3.0,11,11,1,Saturday,November,1,0,45,284.4977777777778,4
860,Material médico abandonado #858,El servicio de recolección no ha pasado por esta zona en más de una semana. La situación afecta particularmente a adultos mayores y niños.,4,Limpieza,"Privada Del Bosque #22, Col. San Miguel",20.274,-97.95,en_proceso,alta,2,María González López,2024-11-09 14:20:54,2024-11-14 22:24:16,,2024,Norte-Este,Norte,Este,9,5,0.010770329614261059,1,1,0,0,2.0,14,11,20,Saturday,November,3,0,45,128.0561111111111,4
862,Zona con variaciones de voltaje #860,Las condiciones del cableado representan un riesgo de electrocución para transeúntes.,2,Servicios Públicos,"Cerrada Anillo Periférico #21, Col. El Carmen",20.2785,-97.9542,nuevo,media,2,María González López,2024-11-09 17:02:56,2024-11-09 18:25:31,,2024,Norte-Este,Norte,Este,9,5,0.010290286682107123,1,1,0,0,1.0,17,11,2,Saturday,November,2,1,45,1.3763888888888889,4
864,Animales callejeros agresivos #862,El manejo inadecuado de residuos médicos pone en riesgo la salud pública.,8,Salud Pública,"Avenida Camino Real #102, Col. Santa María",20.2665,-97.9582,en_proceso,media,2,María González López,2024-11-10 04:41:42,2024-11-17 14:57:49,,2024,Sur-Este,Sur,Este,10,6,0.003935733730824782,1,0,1,0,2.0,4,11,41,Sunday,November,2,0,45,178.2686111111111,4
865,Contaminación auditiva por altavoces #863,Es necesario implementar medidas de protección ambiental inmediatas.,7,Medio Ambiente,"Avenida 5 de Mayo #555, Col. Colinas de San Juan",20.275,-97.9579,nuevo,alta,2,María González López,2024-11-10 14:53:50,2024-11-10 16:02:32,,2024,Norte-Este,Norte,Este,10,6,0.005423098745181063,1,1,0,0,1.0,14,11,53,Sunday,November,3,1,45,1.145,4
863,Árbol enfermo sin atención #861,Se solicita inspección ambiental y aplicación de sanciones correspondientes. Los vecinos han intentado soluciones temporales sin éxito.,7,Medio Ambiente,"Privada Boulevard Miguel Alemán #9, Col. Revolución",20.2763,-97.9568,en_proceso,media,1,admin,2024-11-10 15:20:16,2024-11-13 22:04:48,,2024,Norte-Este,Norte,Este,10,6,0.0070661163307680075,1,1,0,0,2.0,15,11,20,Sunday,November,2,0,45,78.74222222222222,4
867,Fuga de mascotas en calle #865,La falta de normativa clara permite que la situación se repita constantemente. Se requiere coordinación entre múltiples dependencias municipales.,9,Otros,"Calle Plutarco Elías Calles #123, Col. Vista Alegre",20.2752,-97.9508,resuelto,baja,1,admin,2024-11-11 05:38:36,2024-11-24 00:35:41,,2024,Norte-Este,Norte,Este,11,0,0.01056787585089306,0,0,1,0,3.0,5,11,38,Monday,November,1,0,46,306.9513888888889,4
866,Conexión ilegal de luz #864,Los residentes reportan fallas constantes en el suministro eléctrico de la zona. Se ha documentado el deterioro progresivo con fotografías. Durante las lluvias el problema se vuelve más peligroso.,2,Servicios Públicos,"Carretera Independencia #807, Col. El Carmen",20.2761,-97.9652,no_aprobado,media,2,María González López,2024-11-11 08:10:08,2024-11-13 17:55:51,,2024,Norte-Oeste,Norte,Oeste,11,0,0.008015609770942051,0,1,0,0,1.0,8,11,10,Monday,November,2,0,46,57.761944444444445,4
870,Contador de electricidad sin protección #868,Los residentes reportan fallas constantes en el suministro eléctrico de la zona.,2,Servicios Públicos,"Cerrada Avenida Universidad #56, Col. Lázaro Cárdenas",20.2771,-97.9594,resuelto,media,2,María González López,2024-11-12 00:31:25,2024-11-29 01:15:28,,2024,Norte-Este,Norte,Este,12,1,0.00712530701092992,0,0,1,0,3.0,0,11,31,Tuesday,November,2,0,46,408.7341666666667,4
868,Fiestas con música excesiva #866,Los residentes reportan molestias continuas que alteran su calidad de vida. El problema coincide con fallas similares en zonas cercanas.,9,Otros,"Camino Las Palmas #96, Col. El Paraíso",20.2703,-97.9574,en_proceso,alta,1,admin,2024-11-12 04:35:30,2024-11-19 02:51:54,,2024,Norte-Este,Norte,Este,12,1,0.0026172504656473217,0,0,1,0,2.0,4,11,35,Tuesday,November,3,0,46,166.27333333333334,4
869,Falta de agua potable en clínica #867,Las condiciones insalubres están causando enfermedades respiratorias y gastrointestinales.,8,Salud Pública,"Callejón Anillo Periférico #32, Col. Vista Alegre, junto al DIF",20.2777,-97.9667,en_proceso,alta,1,admin,2024-11-12 06:37:42,2024-11-19 12:07:36,,2024,Norte-Oeste,Norte,Oeste,12,1,0.010206860437966281,0,0,1,0,2.0,6,11,37,Tuesday,November,3,0,46,173.49833333333333,4
871,Ruido excesivo por maquinaria #869,El ruido excesivo afecta el descanso y bienestar de los residentes. Las condiciones climáticas recientes han agravado la situación.,7,Medio Ambiente,"Privada Calle Esperanza #34, Col. El Paraíso, cerca del zócalo, C.P. 73080",20.2725,-97.9644,en_proceso,baja,2,María González López,2024-11-13 05:59:33,2024-11-16 13:32:08,,2024,Norte-Oeste,Norte,Oeste,13,2,0.00506063237155607,0,0,1,0,2.0,5,11,59,Wednesday,November,1,0,46,79.54305555555555,4
873,Transformador haciendo ruidos extraños #871,El transformador muestra signos de sobrecarga y necesita mantenimiento preventivo.,2,Servicios Públicos,"Privada Niños Héroes #42, Col. El Calvario",20.2702,-97.9536,en_proceso,alta,1,admin,2024-11-13 18:04:32,2024-11-18 03:43:25,,2024,Norte-Este,Norte,Este,13,2,0.00640312423743213,0,1,0,0,2.0,18,11,4,Wednesday,November,3,0,46,105.64805555555556,4
872,Escombros de construcción abandonados #870,La situación está creando un foco de infección que pone en riesgo la salud pública. Los vecinos han intentado soluciones temporales sin éxito. Las condiciones climáticas recientes han agravado la situación.,4,Limpieza,"Privada Rinconada #7, Col. San Antonio",20.2599,-97.9614,en_proceso,media,1,admin,2024-11-13 18:45:37,2024-11-21 03:37:52,,2024,Sur-Oeste,Sur,Oeste,13,2,0.010196568050086148,0,1,0,1,2.0,18,11,45,Wednesday,November,2,0,46,176.87083333333334,4
875,Fiestas con música excesiva #873,La comunidad propone soluciones colaborativas para resolver el problema. El problema se intensifica durante las horas pico.,9,Otros,"Boulevard Sur #1361, Col. La Libertad",20.2735,-97.9604,resuelto,media,1,admin,2024-11-14 05:19:51,2024-12-07 19:23:44,,2024,Norte-Oeste,Norte,Oeste,14,3,0.0035227829907621706,0,0,1,0,3.0,5,11,19,Thursday,November,2,0,46,566.0647222222223,4
876,Basura acumulada en esquina #874,Los residuos se han esparcido por la calle debido al viento y animales callejeros.,4,Limpieza,"Calle Carmen Serdán #283, Col. San Antonio",20.2754,-97.9512,nuevo,media,1,admin,2024-11-14 13:41:31,2024-11-14 15:05:50,,2024,Norte-Este,Norte,Este,14,3,0.010324727599307727,0,1,0,0,1.0,13,11,41,Thursday,November,2,1,46,1.4052777777777778,4
874,Interruptores públicos dañados #872,Las condiciones del cableado representan un riesgo de electrocución para transeúntes. Se solicita seguimiento continuo hasta la resolución completa.,2,Servicios Públicos,"Carretera Santa Lucía #448, Col. Solidaridad, junto a la escuela",20.277,-97.95,en_proceso,alta,2,María González López,2024-11-14 19:47:44,2024-11-16 22:33:05,,2024,Norte-Este,Norte,Este,14,3,0.012206555615727083,0,0,0,0,2.0,19,11,47,Thursday,November,3,0,46,50.755833333333335,4
877,Señal de tránsito caída #875,Se requiere mejor coordinación semafórica para optimizar el flujo vehicular.,6,Transporte,"Callejón Camino a Tlaxcalantongo #55, Col. La Esperanza",20.2734,-97.9586,nuevo,baja,2,María González López,2024-11-15 12:34:12,2024-11-16 08:17:19,,2024,Norte-Este,Norte,Este,15,4,0.0036769552621653424,0,1,0,0,1.0,12,11,34,Friday,November,1,1,46,19.718611111111112,4
878,Medidor de luz expuesto #876,Los equipos presentan ruidos anormales y podrían fallar completamente pronto. Se observa un patrón de deterioro acelerado en los últimos días.,2,Servicios Públicos,"Boulevard Avenida Revolución #873, Col. Santa María",20.2668,-97.9602,resuelto,media,2,María González López,2024-11-15 13:09:19,2024-12-04 00:44:15,,2024,Sur-Oeste,Sur,Oeste,15,4,0.0032062439083763417,0,1,0,0,3.0,13,11,9,Friday,November,2,0,46,443.58222222222224,4
879,Recolección de basura atrasada #877,El servicio de recolección no ha pasado por esta zona en más de una semana. La comunidad está organizada para colaborar con las autoridades.,4,Limpieza,"Boulevard Santa Lucía #328, Col. Buenos Aires",20.2772,-97.9528,en_proceso,alta,2,María González López,2024-11-16 01:32:20,2024-11-17 07:38:51,,2024,Norte-Este,Norte,Este,16,5,0.010182337649085162,1,0,1,0,2.0,1,11,32,Saturday,November,3,0,46,30.10861111111111,4
881,Accidente por señalización deficiente #879,La infraestructura vial necesita reparación para garantizar tránsito seguro. La situación es crítica especialmente los fines de semana.,6,Transporte,"Avenida Miguel Hidalgo #1266, Col. La Huerta",20.2738,-97.95,resuelto,baja,1,admin,2024-11-16 22:54:25,2024-12-15 23:51:50,,2024,Norte-Este,Norte,Este,16,5,0.010697663296245203,1,0,1,0,3.0,22,11,54,Saturday,November,1,0,46,696.9569444444444,4
880,Falta de tapas en registros de drenaje #878,La fuga representa un riesgo sanitario y desperdicio del recurso hídrico.,3,Saneamiento,"Carretera Los Cedros #350, Col. Jardines de Xicotepec, altura del semáforo",20.2711,-97.9574,resuelto,alta,2,María González López,2024-11-16 23:28:11,2024-12-09 23:13:06,,2024,Norte-Este,Norte,Este,16,5,0.0028231188426868815,1,0,1,0,3.0,23,11,28,Saturday,November,3,0,46,551.7486111111111,4
883,Conexión cruzada agua-potable/aguas-negras #881,"La obstrucción causa desbordamientos durante las lluvias, inundando casas vecinas. Los vecinos han intentado soluciones temporales sin éxito.",3,Saneamiento,"Carretera Carretera a Huauchinango #377, Col. Santa Rosa",20.2753,-97.9625,nuevo,alta,1,admin,2024-11-17 01:23:09,2024-11-17 10:34:27,,2024,Norte-Oeste,Norte,Oeste,17,6,0.005860034129600219,1,0,1,0,1.0,1,11,23,Sunday,November,3,1,46,9.188333333333333,4
882,Hundimiento de pavimento reciente #880,El daño estructural requiere reparación urgente antes de que cause accidentes graves.,1,Infraestructura,"Boulevard Allende #1312, Col. Jardines de Xicotepec, frente al mercado, C.P. 73080",20.2736,-97.9622,nuevo,alta,2,María González López,2024-11-17 13:17:36,2024-11-18 01:07:34,,2024,Norte-Oeste,Norte,Oeste,17,6,0.004219004621945733,1,1,0,0,1.0,13,11,17,Sunday,November,3,1,46,11.832777777777778,4
884,Medidor de luz expuesto #882,Se requiere revisión técnica urgente para evitar cortes prolongados de energía. Los comerciantes locales también han expresado su preocupación.,2,Servicios Públicos,"Callejón San Rafael #4, Col. Santa María",20.2741,-97.95,nuevo,alta,2,María González López,2024-11-17 23:04:26,2024-11-18 02:11:01,,2024,Norte-Este,Norte,Este,17,6,0.010807867504731316,1,0,1,0,1.0,23,11,4,Sunday,November,3,1,46,3.109722222222222,4
886,Contador de electricidad sin protección #884,Las condiciones del cableado representan un riesgo de electrocución para transeúntes.,2,Servicios Públicos,"Callejón Loma Bonita #12, Col. San Francisco",20.2676,-97.9644,resuelto,media,1,admin,2024-11-18 04:19:14,2024-12-12 17:30:00,,2024,Sur-Oeste,Sur,Oeste,18,0,0.005011985634459163,0,0,1,0,3.0,4,11,19,Monday,November,2,0,47,589.1794444444445,4
885,Cobros de pasaje no autorizados #883,El mantenimiento de la flota de transporte público es deficiente.,6,Transporte,"Andador Andador San Antonio #59, Col. Jardines de Xicotepec",20.2711,-97.9557,cerrado,alta,2,María González López,2024-11-18 09:57:22,2024-12-18 13:07:01,,2024,Norte-Este,Norte,Este,18,0,0.004438468204235291,0,1,0,0,4.0,9,11,57,Monday,November,3,0,47,723.1608333333334,4
887,Cámara de vigilancia dañada #885,La comunidad solicita patrullajes más frecuentes y puntos de vigilancia.,5,Seguridad,"Boulevard Emiliano Zapata #645, Col. El Mirador, frente a la iglesia",20.2697,-97.9636,no_aprobado,alta,2,María González López,2024-11-18 18:29:06,2024-11-20 08:13:36,,2024,Sur-Oeste,Sur,Oeste,18,0,0.003612478373643431,0,1,0,0,1.0,18,11,29,Monday,November,3,0,47,37.74166666666667,4
889,Conductor imprudente en zona escolar #887,La señalización deficiente confunde a conductores y aumenta el riesgo de accidentes. La situación afecta particularmente a adultos mayores y niños.,6,Transporte,"Cerrada Avenida Independencia #35, Col. El Carmen, C.P. 73080",20.2737,-97.9613,cerrado,media,1,admin,2024-11-19 07:45:13,2024-12-19 23:57:09,,2024,Norte-Oeste,Norte,Oeste,19,1,0.003921734310227609,0,0,0,0,4.0,7,11,45,Tuesday,November,2,0,47,736.1988888888889,4
888,Tubería de gas expuesta #886,Los comerciantes reportan pérdidas económicas debido a las fallas constantes.,2,Servicios Públicos,"Callejón Carretera Xicotepec-Tlaxco #30, Col. La Esperanza",20.2796,-97.9531,resuelto,alta,2,María González López,2024-11-19 19:46:05,2024-12-16 11:33:53,,2024,Norte-Este,Norte,Este,19,1,0.011822436297134647,0,0,0,0,3.0,19,11,46,Tuesday,November,3,0,47,639.7966666666666,4
892,Interruptores públicos dañados #890,El transformador muestra signos de sobrecarga y necesita mantenimiento preventivo. La comunidad está organizada para colaborar con las autoridades.,2,Servicios Públicos,"Callejón Mirador #64, Col. Solidaridad, cerca del centro",20.2739,-97.954,en_proceso,alta,1,admin,2024-11-20 07:25:37,2024-11-27 22:59:03,,2024,Norte-Este,Norte,Este,20,2,0.007156116265126983,0,0,0,0,2.0,7,11,25,Wednesday,November,3,0,47,183.5572222222222,4
890,Alcantarilla sin tapa en cruce peatonal #888,Varios vecinos han reportado tropiezos y caídas en esta zona. El problema coincide con fallas similares en zonas cercanas.,1,Infraestructura,"Camino Del Valle #165, Col. La Libertad",20.2733,-97.95,cerrado,baja,2,María González López,2024-11-20 21:25:25,2025-01-21 15:42:26,,2024,Norte-Este,Norte,Este,20,2,0.010530432089891385,0,0,0,0,4.0,21,11,25,Wednesday,November,1,0,47,1482.2836111111112,4
891,Animales callejeros agresivos #889,La situación representa un riesgo grave de brote epidemiológico en la comunidad. Se ha documentado el deterioro progresivo con fotografías. Durante las lluvias el problema se vuelve más peligroso.,8,Salud Pública,"Avenida Las Américas #1473, Col. El Paraíso",20.2754,-97.9576,nuevo,alta,2,María González López,2024-11-20 23:31:12,2024-11-24 18:30:42,,2024,Norte-Este,Norte,Este,20,2,0.005909314681076877,0,0,1,0,1.0,23,11,31,Wednesday,November,3,0,47,90.99166666666666,4
894,Señal de tránsito caída #892,Los usuarios del transporte público reportan retrasos constantes en esta ruta. Los comerciantes locales también han expresado su preocupación.,6,Transporte,"Andador Felipe Ángeles #4, Col. El Carmen, entre calles",20.2775,-97.9622,en_proceso,alta,2,María González López,2024-11-21 11:06:21,2024-11-26 22:23:09,,2024,Norte-Oeste,Norte,Oeste,21,3,0.007816009211868482,0,1,0,0,2.0,11,11,6,Thursday,November,3,0,47,131.28,4
895,Choferes con música muy alta #893,Las unidades de transporte operan en condiciones inseguras para los pasajeros.,6,Transporte,"Boulevard Las Camelias #670, Col. Emiliano Zapata",20.2579,-97.9575,nuevo,baja,1,admin,2024-11-21 11:20:25,2024-11-22 06:26:23,,2024,Sur-Este,Sur,Este,21,3,0.012355565547557668,0,1,0,1,1.0,11,11,20,Thursday,November,1,1,47,19.099444444444444,4
893,Basura flotante en río #891,Se observa mortandad de flora y fauna local debido a la contaminación.,7,Medio Ambiente,"Privada Emiliano Zapata #18, Col. Buenos Aires, altura de la gasolinera, C.P. 73080",20.2761,-97.9571,resuelto,alta,2,María González López,2024-11-21 11:52:24,2024-12-20 16:15:05,,2024,Norte-Este,Norte,Este,21,3,0.006754257916305931,0,1,0,0,3.0,11,11,52,Thursday,November,3,0,47,700.3780555555555,4
897,Tierra acumulada en banqueta #895,Se observan materiales peligrosos mezclados con residuos domésticos comunes. Se requiere coordinación entre múltiples dependencias municipales. Durante las lluvias el problema se vuelve más peligroso.,4,Limpieza,"Andador Santa Rosa #38, Col. Benito Juárez",20.277,-97.95,en_proceso,baja,2,María González López,2024-11-22 10:51:54,2024-11-24 22:19:48,,2024,Norte-Este,Norte,Este,22,4,0.012206555615727083,0,1,0,0,2.0,10,11,51,Friday,November,1,0,47,59.465,4
896,Infecciones respiratorias por polución #894,Se requiere intervención sanitaria urgente para prevenir la propagación de enfermedades.,8,Salud Pública,"Callejón Miguel Hidalgo #14, Col. San Juan, C.P. 73080",20.2794,-97.9533,nuevo,alta,2,María González López,2024-11-22 23:41:04,2024-11-23 04:36:26,,2024,Norte-Este,Norte,Este,22,4,0.011543396380611838,0,0,1,0,1.0,23,11,41,Friday,November,3,1,47,4.922777777777778,4
899,Basura tras eventos masivos sin limpieza #897,Es necesario incrementar la frecuencia de recolección en esta área de alta densidad. Se solicita seguimiento continuo hasta la resolución completa. La situación ha empeorado desde la semana pasada.,4,Limpieza,"Callejón Vicente Guerrero #38, Col. El Paraíso, altura del deportivo",20.2742,-97.9507,cerrado,baja,1,admin,2024-11-23 13:25:34,2025-02-24 03:25:38,,2024,Norte-Este,Norte,Este,23,5,0.010204410811013764,1,1,0,0,4.0,13,11,25,Saturday,November,1,0,47,2222.001111111111,4
898,Hospital sin atención médica #896,Se han reportado casos sospechosos de enfermedades transmisibles en el área. El problema se intensifica durante las horas pico.,8,Salud Pública,"Avenida Las Jacarandas #215, Col. Lomas del Mirador",20.2711,-97.9524,cerrado,media,2,María González López,2024-11-23 20:06:06,2025-02-24 08:31:50,,2024,Norte-Este,Norte,Este,23,5,0.007679192665895872,1,0,0,0,4.0,20,11,6,Saturday,November,2,0,47,2220.428888888889,4
900,Bache profundo en avenida principal #898,Se observan grietas que se extienden y podrían causar un colapso parcial. Los residentes están dispuestos a aportar recursos para la solución.,1,Infraestructura,"Calle Santa Ana #187, Col. Jardines de Xicotepec",20.2705,-97.95,nuevo,alta,2,María González López,2024-11-23 22:58:31,2024-11-23 23:19:04,,2024,Norte-Este,Norte,Este,23,5,0.01001249219724125,1,0,1,0,1.0,22,11,58,Saturday,November,3,1,47,0.3425,4
903,Humo constante en zona residencial #901,El ruido excesivo afecta el descanso y bienestar de los residentes.,7,Medio Ambiente,"Calle Venustiano Carranza #261, Col. Valle Verde",20.2672,-97.959,no_aprobado,media,2,María González López,2024-11-24 06:21:00,2024-11-26 12:27:53,,2024,Sur-Este,Sur,Este,24,6,0.0029732137494610737,1,0,1,0,1.0,6,11,21,Sunday,November,2,0,47,54.11472222222222,4
901,Falta de señalética de obra en construcción #899,Se observan grietas que se extienden y podrían causar un colapso parcial. La situación afecta particularmente a adultos mayores y niños.,1,Infraestructura,"Cerrada Andador Guadalupe #21, Col. San Rafael, cerca de la terminal",20.2746,-97.953,cerrado,alta,2,María González López,2024-11-24 15:49:47,2025-02-25 01:54:23,,2024,Norte-Este,Norte,Este,24,6,0.00837615663654104,1,1,0,0,4.0,15,11,49,Sunday,November,3,0,47,2218.076666666667,4
902,Zona con variaciones de voltaje #900,Los residentes reportan fallas constantes en el suministro eléctrico de la zona. Se ha documentado el deterioro progresivo con fotografías.,2,Servicios Públicos,"Camino San Francisco #168, Col. Colinas de San Juan",20.274,-97.9598,en_proceso,alta,2,María González López,2024-11-24 22:09:57,2024-11-29 01:53:49,,2024,Norte-Este,Norte,Este,24,6,0.004004996878901113,1,0,1,0,2.0,22,11,9,Sunday,November,3,0,47,99.7311111111111,4
905,Líneas peatonales borradas #903,El mantenimiento de la flota de transporte público es deficiente. El problema se presenta de manera intermitente pero frecuente.,6,Transporte,"Camino Felipe Ángeles #151, Col. San José",20.2764,-97.9514,resuelto,alta,2,María González López,2024-11-25 07:58:04,2024-12-06 11:19:50,,2024,Norte-Este,Norte,Este,25,0,0.010720074626595117,0,0,0,0,3.0,7,11,58,Monday,November,3,0,48,267.36277777777775,4
906,Contenedor de basura desbordado #904,La basura obstruye el drenaje pluvial y podría causar inundaciones. Se solicita seguimiento continuo hasta la resolución completa.,4,Limpieza,"Callejón Oriente #26, Col. El Carmen, frente al banco",20.2711,-97.9512,en_proceso,baja,2,María González López,2024-11-25 11:11:29,2024-11-30 20:26:49,,2024,Norte-Este,Norte,Este,25,0,0.008868483523122278,0,1,0,0,2.0,11,11,11,Monday,November,1,0,48,129.25555555555556,4
904,Basura acumulada en esquina #902,La comunidad está dispuesta a colaborar con horarios específicos de recolección.,4,Limpieza,"Callejón Avenida Juárez #49, Col. Las Palmas",20.2694,-97.9614,en_proceso,media,2,María González López,2024-11-25 16:26:58,2024-12-03 02:56:24,,2024,Sur-Oeste,Sur,Oeste,25,0,0.0015231546211757628,0,1,0,0,2.0,16,11,26,Monday,November,2,0,48,178.49055555555555,4
908,Zona sin acceso a servicios médicos #906,Se necesita fumigación para controlar vectores de enfermedades tropicales. Los vecinos han intentado soluciones temporales sin éxito.,8,Salud Pública,"Callejón Calle Estrella #65, Col. Lomas del Mirador, esquina principal",20.28,-97.95,en_proceso,alta,1,admin,2024-11-26 23:31:53,2024-11-30 17:15:42,,2024,Norte-Este,Norte,Este,26,1,0.014142135623725625,0,0,1,0,2.0,23,11,31,Tuesday,November,3,0,48,89.73027777777777,4
907,Tubería de gas expuesta #905,La infraestructura eléctrica muestra signos de deterioro y posibles fallas de seguridad. La comunidad está organizada para colaborar con las autoridades.,2,Servicios Públicos,"Boulevard Avenida Independencia #770, Col. Francisco Villa",20.2702,-97.9585,resuelto,media,2,María González López,2024-11-26 23:33:43,2024-12-27 06:14:05,,2024,Norte-Este,Norte,Este,26,1,0.0015132745950351073,0,0,1,0,3.0,23,11,33,Tuesday,November,2,0,48,726.6727777777778,4
911,Hundimiento de pavimento reciente #909,La superficie irregular dificulta el tránsito y acceso para personas con discapacidad.,1,Infraestructura,"Avenida Andador San Antonio #140, Col. Lomas del Mirador",20.2791,-97.9587,nuevo,alta,2,María González López,2024-11-27 03:54:12,2024-11-27 19:21:15,,2024,Norte-Este,Norte,Este,27,2,0.009192388155425299,0,0,1,0,1.0,3,11,54,Wednesday,November,3,1,48,15.450833333333334,4
910,Basura en parque recreativo #908,La comunidad está dispuesta a colaborar con horarios específicos de recolección. Se ha documentado el deterioro progresivo con fotografías.,4,Limpieza,"Camino Campestre #122, Col. San José",20.2742,-97.9589,en_proceso,alta,1,admin,2024-11-27 05:14:12,2024-12-02 12:09:33,,2024,Norte-Este,Norte,Este,27,2,0.004341658669217773,0,0,1,0,2.0,5,11,14,Wednesday,November,3,0,48,126.9225,4
909,Maleza invadiendo banquetas #907,El problema ambiental está afectando la calidad del aire y agua en la zona. Se ha documentado el deterioro progresivo con fotografías.,7,Medio Ambiente,"Andador Callejón del Río #51, Col. Buenos Aires",20.2773,-97.9515,cerrado,media,2,María González López,2024-11-27 17:41:49,2025-02-28 10:18:11,,2024,Norte-Este,Norte,Este,27,2,0.011204463396342377,0,1,0,0,4.0,17,11,41,Wednesday,November,2,0,48,2224.606111111111,4
914,Baños públicos contaminados #912,Las instalaciones sanitarias no cumplen con normas básicas de higiene. Las condiciones climáticas recientes han agravado la situación.,8,Salud Pública,"Avenida Aldama #675, Col. El Calvario",20.2694,-97.97,en_proceso,media,2,María González López,2024-11-28 09:39:20,2024-12-05 17:09:17,,2024,Sur-Oeste,Sur,Oeste,28,3,0.010017983829099578,0,1,0,0,2.0,9,11,39,Thursday,November,2,0,48,175.49916666666667,4
913,Zona con variaciones de voltaje #911,La infraestructura eléctrica muestra signos de deterioro y posibles fallas de seguridad. El problema se intensifica durante las horas pico.,2,Servicios Públicos,"Carretera Las Palmas #1311, Col. Valle Verde",20.2629,-97.9603,en_proceso,media,1,admin,2024-11-28 10:46:38,2024-12-02 02:48:33,,2024,Sur-Oeste,Sur,Oeste,28,3,0.0071063352017775834,0,1,0,0,2.0,10,11,46,Thursday,November,2,0,48,88.03194444444445,4
912,Fiestas con música excesiva #910,Se solicita intervención de autoridades competentes para establecer orden. La comunidad está organizada para colaborar con las autoridades. En horario escolar representa mayor riesgo para los menores.,9,Otros,"Calle Bellavista #227, Col. San José",20.2793,-97.95,nuevo,alta,1,admin,2024-11-28 12:16:20,2024-11-28 13:49:05,,2024,Norte-Este,Norte,Este,28,3,0.013656134152819802,0,1,0,0,1.0,12,11,16,Thursday,November,3,1,48,1.5458333333333334,4
915,Alcantarilla obstruida con basura #913,Los malos olores afectan la calidad de vida de los residentes de la zona. Las condiciones climáticas recientes han agravado la situación.,3,Saneamiento,"Camino Privada del Carmen #2, Col. Santa Cecilia",20.2791,-97.9592,en_proceso,alta,1,admin,2024-11-29 01:23:41,2024-12-06 14:45:34,,2024,Norte-Este,Norte,Este,29,4,0.009135097153287369,0,0,1,0,2.0,1,11,23,Friday,November,3,0,48,181.3647222222222,4
916,Fugas en sistema eléctrico público #914,La infraestructura eléctrica muestra signos de deterioro y posibles fallas de seguridad.,2,Servicios Públicos,"Callejón Plutarco Elías Calles #71, Col. San Juan",20.2588,-97.9558,en_proceso,media,2,María González López,2024-11-29 04:41:19,2024-12-05 00:27:11,,2024,Sur-Este,Sur,Este,29,4,0.011961605243442447,0,0,1,1,2.0,4,11,41,Friday,November,2,0,48,139.76444444444445,4
917,Inundación por lluvia en colonia #915,Los malos olores afectan la calidad de vida de los residentes de la zona.,3,Saneamiento,"Cerrada Andador La Paz #52, Col. La Cruz",20.2739,-97.9534,no_aprobado,alta,1,admin,2024-11-29 05:53:35,2024-11-30 15:16:47,,2024,Norte-Este,Norte,Este,29,4,0.007666159403502055,0,0,1,0,1.0,5,11,53,Friday,November,3,0,48,33.38666666666666,4
918,Sistema pluvial no funcional #916,Es urgente restaurar el flujo normal para prevenir problemas de salud pública.,3,Saneamiento,"Carretera Plutarco Elías Calles #1235, Col. Santa María, C.P. 73080",20.2784,-97.95,nuevo,alta,2,María González López,2024-11-30 02:04:37,2024-11-30 15:57:38,,2024,Norte-Este,Norte,Este,30,5,0.013059862173845761,1,0,1,0,1.0,2,11,4,Saturday,November,3,1,48,13.883611111111112,4
919,Obstrucción de accesos para discapacitados #917,Los residentes reportan molestias continuas que alteran su calidad de vida.,9,Otros,"Cerrada Los Eucaliptos #59, Col. Lomas de Santa Anita",20.2785,-97.9634,nuevo,baja,1,admin,2024-11-30 10:50:51,2024-12-03 09:50:39,,2024,Norte-Oeste,Norte,Oeste,30,5,0.009154780172129751,1,1,0,0,1.0,10,11,50,Saturday,November,1,0,48,70.99666666666667,4
922,Grupo de personas intimidando en calle #920,Los incidentes delictivos han aumentado significativamente en esta zona. La comunidad está organizada para colaborar con las autoridades. En horario escolar representa mayor riesgo para los menores.,5,Seguridad,"Carretera Del Valle #386, Col. Vista Alegre",20.2709,-97.95,nuevo,alta,1,admin,2024-12-01 13:45:19,2024-12-02 02:17:43,,2024,Norte-Este,Norte,Este,1,6,0.010040418317969662,1,1,0,0,1.0,13,12,45,Sunday,December,3,1,48,12.54,4
921,Corte frecuente de energía eléctrica #919,El transformador muestra signos de sobrecarga y necesita mantenimiento preventivo.,2,Servicios Públicos,"Camino Callejón de los Sabinos #93, Col. La Esperanza",20.2767,-97.95,en_proceso,alta,2,María González López,2024-12-01 13:55:01,2024-12-07 20:21:46,,2024,Norte-Este,Norte,Este,1,6,0.012037026210814983,1,1,0,0,2.0,13,12,55,Sunday,December,3,0,48,150.44583333333333,4
920,Humo constante en zona residencial #918,Se observa mortandad de flora y fauna local debido a la contaminación. Los vecinos han intentado soluciones temporales sin éxito.,7,Medio Ambiente,"Boulevard Vicente Guerrero #1337, Col. San José",20.2798,-97.9527,no_aprobado,alta,2,María González López,2024-12-01 19:45:16,2024-12-04 21:43:32,,2024,Norte-Este,Norte,Este,1,6,0.01222006546627516,1,0,0,0,1.0,19,12,45,Sunday,December,3,0,48,73.97111111111111,4
923,Fuga de gases industriales #921,La quema irregular de materiales genera humo tóxico para la comunidad. Se solicita seguimiento continuo hasta la resolución completa.,7,Medio Ambiente,"Boulevard Central #421, Col. Benito Juárez",20.2772,-97.9526,en_proceso,alta,1,admin,2024-12-02 00:48:14,2024-12-08 06:41:16,,2024,Norte-Este,Norte,Este,2,0,0.010324727599305663,0,0,1,0,2.0,0,12,48,Monday,December,3,0,49,149.8838888888889,4
925,Graffiti en edificio público #923,La comunidad solicita patrullajes más frecuentes y puntos de vigilancia. Los residentes están dispuestos a aportar recursos para la solución.,5,Seguridad,"Boulevard Bellavista #398, Col. El Mirador",20.2744,-97.9562,en_proceso,alta,1,admin,2024-12-02 05:58:49,2024-12-06 18:57:00,,2024,Norte-Este,Norte,Este,2,0,0.005813776741498614,0,0,1,0,2.0,5,12,58,Monday,December,3,0,49,108.96972222222222,4
924,Rutas de bus mal planificadas #922,El problema vial está causando congestionamientos y accidentes menores. La situación ha empeorado desde la semana pasada.,6,Transporte,"Callejón San Pedro #76, Col. Vista Hermosa",20.2692,-97.9579,en_proceso,alta,2,María González López,2024-12-02 08:30:16,2024-12-08 13:22:18,,2024,Sur-Este,Sur,Este,2,0,0.002247220505422506,0,1,0,0,2.0,8,12,30,Monday,December,3,0,49,148.8672222222222,4
927,Refugio de animales con condiciones antihigiénicas #925,Los servicios de salud son insuficientes para atender la demanda de la población.,8,Salud Pública,"Calle Carretera Xicotepec-Tlaxco #61, Col. Colinas de San Juan",20.2717,-97.95,nuevo,alta,2,María González López,2024-12-03 02:15:10,2024-12-06 19:52:27,,2024,Norte-Este,Norte,Este,3,1,0.010143470806376717,0,0,1,0,1.0,2,12,15,Tuesday,December,3,0,49,89.62138888888889,4
928,Agua estancada con larvas #926,El sistema requiere limpieza profunda y reparación de conexiones dañadas.,3,Saneamiento,"Carretera Libramiento #1211, Col. San José, C.P. 73080",20.2716,-97.958,en_proceso,alta,1,admin,2024-12-03 04:59:39,2024-12-10 21:26:50,,2024,Norte-Este,Norte,Este,3,1,0.0025612496949693896,0,0,1,0,2.0,4,12,59,Tuesday,December,3,0,49,184.45305555555555,4
926,Maleza invadiendo banquetas #924,Los desechos químicos están contaminando el suelo y fuentes de agua. Las condiciones climáticas recientes han agravado la situación.,7,Medio Ambiente,"Boulevard Rinconada #1202, Col. Las Palmas",20.2788,-97.9537,en_proceso,alta,2,María González López,2024-12-03 05:18:08,2024-12-04 11:25:29,,2024,Norte-Este,Norte,Este,3,1,0.010822661410206064,0,0,1,0,2.0,5,12,18,Tuesday,December,3,0,49,30.1225,4
929,Pasajeros viajando de pie en exceso #927,Los peatones no tienen cruzamentos seguros en esta intersección de alto tráfico. El problema coincide con fallas similares en zonas cercanas.,6,Transporte,"Privada Las Palmas #55, Col. Santa Rosa",20.277,-97.95,resuelto,baja,1,admin,2024-12-04 00:44:16,2024-12-22 06:04:59,,2024,Norte-Este,Norte,Este,4,2,0.012206555615727083,0,0,1,0,3.0,0,12,44,Wednesday,December,1,0,49,437.34527777777777,4
930,Medidor de luz expuesto #928,Las condiciones del cableado representan un riesgo de electrocución para transeúntes. Se ha documentado el deterioro progresivo con fotografías. Las condiciones climáticas recientes han agravado la situación.,2,Servicios Públicos,"Carretera Felipe Ángeles #407, Col. Santa Cecilia",20.2714,-97.9673,en_proceso,alta,1,admin,2024-12-04 05:37:48,2024-12-10 14:52:17,,2024,Norte-Oeste,Norte,Oeste,4,2,0.007433034373660045,0,0,1,0,2.0,5,12,37,Wednesday,December,3,0,49,153.24138888888888,4
933,Desnivel peligroso en calle #931,El daño estructural requiere reparación urgente antes de que cause accidentes graves.,1,Infraestructura,"Avenida Santo Domingo #879, Col. El Paraíso",20.2616,-97.9508,en_proceso,baja,2,María González López,2024-12-05 00:52:03,2024-12-12 11:37:49,,2024,Sur-Este,Sur,Este,5,3,0.012457929201911386,0,0,1,0,2.0,0,12,52,Thursday,December,1,0,49,178.76277777777779,4
931,Mercado con condiciones insalubres #929,La comunidad solicita campañas de vacunación y educación sanitaria.,8,Salud Pública,"Callejón Monte Alto #52, Col. Lázaro Cárdenas, frente al banco",20.2721,-97.9612,en_proceso,media,2,María González López,2024-12-05 13:54:21,2024-12-07 16:33:01,,2024,Norte-Oeste,Norte,Oeste,5,3,0.0024186773244940633,0,1,0,0,2.0,13,12,54,Thursday,December,2,0,49,50.644444444444446,4
932,Maleza invadiendo banquetas #930,Se solicita inspección ambiental y aplicación de sanciones correspondientes.,7,Medio Ambiente,"Camino Colinas #202, Col. San Francisco, C.P. 73080",20.2785,-97.9637,no_aprobado,alta,1,admin,2024-12-05 20:16:27,2024-12-10 11:05:00,,2024,Norte-Oeste,Norte,Oeste,5,3,0.009270382947866461,0,0,0,0,1.0,20,12,16,Thursday,December,3,0,49,110.80916666666667,4
936,Falta de tapas en registros de drenaje #934,El problema de drenaje ha causado acumulación de agua contaminada en la vía pública. Se ha documentado el deterioro progresivo con fotografías.,3,Saneamiento,"Carretera Morelos #829, Col. Benito Juárez",20.2761,-97.9594,resuelto,alta,2,María González López,2024-12-06 10:01:36,2024-12-24 03:00:15,,2024,Norte-Este,Norte,Este,6,4,0.006129437168287944,0,1,0,0,3.0,10,12,1,Friday,December,3,0,49,424.9775,4
935,Semáforo descompuesto en cruce #933,Los peatones no tienen cruzamentos seguros en esta intersección de alto tráfico. El problema coincide con fallas similares en zonas cercanas.,6,Transporte,"Camino Venustiano Carranza #54, Col. Colinas de San Juan",20.2789,-97.9528,nuevo,alta,2,María González López,2024-12-06 18:18:58,2024-12-07 10:52:14,,2024,Norte-Este,Norte,Este,6,4,0.011447707194018076,0,1,0,0,1.0,18,12,18,Friday,December,3,1,49,16.554444444444446,4
934,Residuos hospitalarios mal manejados #932,Se requiere intervención sanitaria urgente para prevenir la propagación de enfermedades.,8,Salud Pública,"Cerrada Las Magnolias #78, Col. Jardines de Xicotepec",20.2775,-97.9614,no_aprobado,media,1,admin,2024-12-06 18:25:04,2024-12-10 17:14:27,,2024,Norte-Oeste,Norte,Oeste,6,4,0.007629547824085974,0,1,0,0,1.0,18,12,25,Friday,December,2,0,49,94.82305555555556,4
938,Nido de avispas en parque #936,La vegetación dañada representa un riesgo para la infraestructura cercana. La situación es crítica especialmente los fines de semana.,7,Medio Ambiente,"Calle Hermanos Serdán #138, Col. Solidaridad",20.28,-97.9504,en_proceso,alta,2,María González López,2024-12-07 04:18:30,2024-12-12 20:34:58,,2024,Norte-Este,Norte,Este,7,5,0.01386217876092624,1,0,1,0,2.0,4,12,18,Saturday,December,3,0,49,136.27444444444444,4
937,Infecciones respiratorias por polución #935,Se han reportado casos sospechosos de enfermedades transmisibles en el área. La comunidad está organizada para colaborar con las autoridades.,8,Salud Pública,"Andador Campestre #20, Col. Santa Cecilia",20.2701,-97.9661,nuevo,alta,1,admin,2024-12-07 13:47:37,2024-12-08 08:19:33,,2024,Norte-Oeste,Norte,Oeste,7,5,0.0061008196170714004,1,1,0,0,1.0,13,12,47,Saturday,December,3,1,49,18.532222222222224,4
939,Alumbrado público apagado en colonia #937,Los equipos presentan ruidos anormales y podrían fallar completamente pronto. Se ha documentado el deterioro progresivo con fotografías.,2,Servicios Públicos,"Camino Bellavista #16, Col. Rincón de los Ángeles",20.2758,-97.9608,en_proceso,alta,1,admin,2024-12-07 15:56:24,2024-12-11 14:15:04,,2024,Norte-Oeste,Norte,Oeste,7,5,0.005854912467324153,1,1,0,0,2.0,15,12,56,Saturday,December,3,0,49,94.31111111111112,4
941,Falta de mantenimiento a jardineras #939,Es necesario implementar medidas de protección ambiental inmediatas. El problema coincide con fallas similares en zonas cercanas. Las condiciones climáticas recientes han agravado la situación.,7,Medio Ambiente,"Avenida Juárez #698, Col. San Rafael",20.2773,-97.9593,en_proceso,alta,1,admin,2024-12-08 11:59:31,2024-12-10 00:57:49,,2024,Norte-Este,Norte,Este,8,6,0.007333484846919894,1,1,0,0,2.0,11,12,59,Sunday,December,3,0,49,36.971666666666664,4
940,Transporte informal operando en ruta oficial #938,Se requiere mejor coordinación semafórica para optimizar el flujo vehicular.,6,Transporte,"Boulevard Francisco Villa #727, Col. Lomas del Mirador",20.2719,-97.9679,en_proceso,alta,1,admin,2024-12-08 20:28:07,2024-12-13 20:51:31,,2024,Norte-Oeste,Norte,Oeste,8,6,0.008125269226314824,1,0,0,0,2.0,20,12,28,Sunday,December,3,0,49,120.39,4
942,Pasajeros viajando de pie en exceso #940,Los horarios irregulares afectan la movilidad de trabajadores y estudiantes.,6,Transporte,"Camino Monte Alto #137, Col. Revolución, junto al DIF",20.273,-97.9611,en_proceso,alta,2,María González López,2024-12-09 00:37:46,2024-12-12 06:44:13,,2024,Norte-Oeste,Norte,Oeste,9,0,0.003195309061736985,0,0,1,0,2.0,0,12,37,Monday,December,3,0,50,78.1075,4
944,Portón sin cerradura en lugar público #942,Se requiere incrementar la presencia policial y mejorar la infraestructura de seguridad. Las condiciones climáticas recientes han agravado la situación.,5,Seguridad,"Carretera Independencia #831, Col. El Calvario, junto al DIF",20.275,-97.9621,en_proceso,alta,2,María González López,2024-12-09 05:06:01,2024-12-11 21:05:01,,2024,Norte-Oeste,Norte,Oeste,9,0,0.0054230987451865656,0,0,1,0,2.0,5,12,6,Monday,December,3,0,50,63.983333333333334,4
943,Cárcamo sin funcionamiento #941,Se observa proliferación de insectos y roedores debido al agua estancada.,3,Saneamiento,"Carretera Calle Libertad #714, Col. Lomas de Santa Anita",20.2736,-97.9644,no_aprobado,alta,1,admin,2024-12-09 16:28:15,2024-12-15 07:07:10,,2024,Norte-Oeste,Norte,Oeste,9,0,0.005685068161423007,0,1,0,0,1.0,16,12,28,Monday,December,3,0,50,134.6486111111111,4
945,Clínica sin insumos básicos #943,Se necesita fumigación para controlar vectores de enfermedades tropicales. Durante las lluvias el problema se vuelve más peligroso.,8,Salud Pública,"Privada Las Rosas #1, Col. Emiliano Zapata, frente al OXXO",20.2762,-97.958,no_aprobado,alta,1,admin,2024-12-10 03:23:01,2024-12-15 19:59:15,,2024,Norte-Este,Norte,Este,10,1,0.006514598989959274,0,0,1,0,1.0,3,12,23,Tuesday,December,3,0,50,136.6038888888889,4
947,Zona sin acceso a servicios médicos #945,La falta de agua potable obliga a los vecinos a usar fuentes contaminadas.,8,Salud Pública,"Cerrada Hidalgo #32, Col. Colinas de San Juan",20.2706,-97.9535,cerrado,alta,1,admin,2024-12-10 18:27:28,2025-02-11 13:25:47,,2024,Norte-Este,Norte,Este,10,1,0.006527633568135687,0,1,0,0,4.0,18,12,27,Tuesday,December,3,0,50,1506.9719444444445,4
946,Rejilla de desagüe hundida #944,La falta de mantenimiento ha resultado en condiciones inseguras para la comunidad.,1,Infraestructura,"Boulevard Bellavista #200, Col. San José",20.2765,-97.9593,nuevo,alta,1,admin,2024-12-10 22:27:56,2024-12-11 13:07:15,,2024,Norte-Este,Norte,Este,10,1,0.006537583651470973,0,0,1,0,1.0,22,12,27,Tuesday,December,3,1,50,14.655277777777778,4
948,Conductor sin identificación visible #946,El problema vial está causando congestionamientos y accidentes menores. El problema se intensifica durante las horas pico.,6,Transporte,"Boulevard Calle Luna #1026, Col. Rincón de los Ángeles, frente al OXXO",20.2744,-97.95,nuevo,media,2,María González López,2024-12-11 01:28:39,2024-12-11 02:57:17,,2024,Norte-Este,Norte,Este,11,2,0.010925200226989968,0,0,1,0,1.0,1,12,28,Wednesday,December,2,1,50,1.4772222222222222,4
949,Paradero sin iluminación #947,Los usuarios del transporte público reportan retrasos constantes en esta ruta.,6,Transporte,"Andador Residencial #36, Col. San Francisco",20.2774,-97.9518,en_proceso,alta,2,María González López,2024-12-11 12:21:55,2024-12-16 01:46:06,,2024,Norte-Este,Norte,Este,11,2,0.011045361017178694,0,1,0,0,2.0,12,12,21,Wednesday,December,3,0,50,109.40305555555555,4
951,Basura acumulada en esquina #949,La comunidad está dispuesta a colaborar con horarios específicos de recolección. Se ha documentado el deterioro progresivo con fotografías. Las condiciones climáticas recientes han agravado la situación.,4,Limpieza,"Callejón Carretera Federal 119 #69, Col. El Paraíso",20.2732,-97.9591,en_proceso,alta,2,María González López,2024-12-12 04:06:46,2024-12-16 23:40:18,,2024,Norte-Este,Norte,Este,12,3,0.0033241540277151394,0,0,1,0,2.0,4,12,6,Thursday,December,3,0,50,115.55888888888889,4
950,Construcción abandonada en vía pública #948,La estructura presenta daños visibles que comprometen la seguridad peatonal y vehicular. La situación es crítica especialmente los fines de semana.,1,Infraestructura,"Carretera Calle del Carmen #205, Col. Santa Rosa, C.P. 73080",20.272,-97.9528,no_aprobado,alta,1,admin,2024-12-12 08:21:45,2024-12-17 09:23:59,,2024,Norte-Este,Norte,Este,12,3,0.007472616676904989,0,1,0,0,1.0,8,12,21,Thursday,December,3,0,50,121.03722222222223,4
952,Esquina sin rampa para discapacitados #950,"El deterioro ha empeorado con las lluvias recientes, creando condiciones peligrosas.",1,Infraestructura,"Privada Calle Aurora #44, Col. San Antonio",20.278,-97.9572,en_proceso,alta,2,María González López,2024-12-12 21:30:55,2024-12-16 02:55:46,,2024,Norte-Este,Norte,Este,12,3,0.008475848040163849,0,0,0,0,2.0,21,12,30,Thursday,December,3,0,50,77.41416666666667,4
953,Acumulación de agua estancada #951,El manejo inadecuado de residuos médicos pone en riesgo la salud pública. El problema se intensifica durante las horas pico.,8,Salud Pública,"Callejón Periférico Sur #57, Col. El Calvario",20.2693,-97.95,en_proceso,alta,2,María González López,2024-12-13 00:41:25,2024-12-16 23:02:14,,2024,Sur-Este,Sur,Este,13,4,0.01002447006079702,0,0,1,0,2.0,0,12,41,Friday,December,3,0,50,94.34694444444445,4
955,Parada de autobús sin techo #953,Se requiere mejor coordinación semafórica para optimizar el flujo vehicular. Se requiere coordinación entre múltiples dependencias municipales. Se observa un patrón de deterioro acelerado en los últimos días.,6,Transporte,"Boulevard Emiliano Zapata #1450, Col. San Francisco, altura de la gasolinera",20.2781,-97.9513,nuevo,alta,2,María González López,2024-12-13 02:20:27,2024-12-13 19:07:09,,2024,Norte-Este,Norte,Este,13,4,0.011886967653687571,0,0,1,0,1.0,2,12,20,Friday,December,3,1,50,16.778333333333332,4
954,Carril de bicicleta obstruido #952,Los usuarios del transporte público reportan retrasos constantes en esta ruta.,6,Transporte,"Calle 5 de Mayo #65, Col. San Francisco",20.2501,-97.9684,en_proceso,media,1,admin,2024-12-13 18:54:29,2024-12-15 09:46:47,,2024,Sur-Oeste,Sur,Oeste,13,4,0.021600231480244394,0,1,0,1,2.0,18,12,54,Friday,December,2,0,50,38.87166666666667,4
956,Contenedor con residuos peligrosos #954,Los contenedores están dañados y no pueden contener adecuadamente la basura.,4,Limpieza,"Cerrada Las Palmas #1, Col. La Cruz",20.2764,-97.954,resuelto,alta,2,María González López,2024-12-14 01:24:37,2025-01-13 18:07:54,,2024,Norte-Este,Norte,Este,14,5,0.008772684879784165,1,0,1,0,3.0,1,12,24,Saturday,December,3,0,50,736.7213888888889,4
958,Inundación en área verde #956,Se observa mortandad de flora y fauna local debido a la contaminación.,7,Medio Ambiente,"Calle Carretera Estatal #258, Col. Nuevo México",20.2724,-97.95,en_proceso,alta,2,María González López,2024-12-14 22:14:11,2024-12-18 12:00:40,,2024,Norte-Este,Norte,Este,14,5,0.010283968105737461,1,0,1,0,2.0,22,12,14,Saturday,December,3,0,50,85.77472222222222,4
957,Drenaje colapsado en avenida #955,La presión del agua es insuficiente para abastecer adecuadamente los hogares.,3,Saneamiento,"Calle Monte Alto #96, Col. Lázaro Cárdenas",20.2744,-97.9535,cerrado,alta,1,admin,2024-12-14 23:02:50,2025-02-15 02:30:35,,2024,Norte-Este,Norte,Este,14,5,0.007849203781266786,1,0,1,0,4.0,23,12,2,Saturday,December,3,0,50,1491.4625,4
960,Interruptores públicos dañados #958,Los equipos presentan ruidos anormales y podrían fallar completamente pronto. Se solicita seguimiento continuo hasta la resolución completa. Las condiciones climáticas recientes han agravado la situación.,2,Servicios Públicos,"Camino Plutarco Elías Calles #179, Col. Las Flores, C.P. 73080",20.2736,-97.9664,en_proceso,alta,1,admin,2024-12-15 04:53:44,2024-12-19 16:25:20,,2024,Norte-Oeste,Norte,Oeste,15,6,0.007343023900273083,1,0,1,0,2.0,4,12,53,Sunday,December,3,0,50,107.52666666666667,4
959,Banquetas resbalosas sin textura #957,La estructura presenta daños visibles que comprometen la seguridad peatonal y vehicular. La situación ha empeorado desde la semana pasada.,1,Infraestructura,"Calle Andador La Paz #51, Col. San Francisco",20.2749,-97.9521,resuelto,alta,1,admin,2024-12-15 07:56:11,2025-01-05 06:23:04,,2024,Norte-Este,Norte,Este,15,6,0.009296235797346689,1,0,0,0,3.0,7,12,56,Sunday,December,3,0,50,502.4480555555556,4
961,Restaurante con malas prácticas sanitarias #959,Se necesita fumigación para controlar vectores de enfermedades tropicales.,8,Salud Pública,"Boulevard Morelos #230, Col. Jardines de Xicotepec",20.2561,-97.9686,nuevo,baja,2,María González López,2024-12-16 01:09:39,2024-12-16 16:15:56,,2024,Sur-Oeste,Sur,Oeste,16,0,0.01634533572613332,0,0,1,1,1.0,1,12,9,Monday,December,1,1,51,15.104722222222222,4
962,Cajas eléctricas abiertas #960,El problema afecta el funcionamiento normal de comercios y hogares del sector. La situación ha empeorado desde la semana pasada.,2,Servicios Públicos,"Carretera Benito Juárez #861, Col. Vista Hermosa, cerca de la terminal",20.2797,-97.9578,nuevo,baja,2,María González López,2024-12-16 09:19:23,2024-12-16 11:18:37,,2024,Norte-Este,Norte,Este,16,0,0.009946356116685203,0,1,0,0,1.0,9,12,19,Monday,December,1,1,51,1.9872222222222222,4
963,Zona oscura propensa a delitos #961,Los residentes evitan transitar por el área durante horas nocturnas.,5,Seguridad,"Privada Calle Flores #11, Col. Centro",20.2777,-97.9526,resuelto,baja,2,María González López,2024-12-16 11:26:58,2025-01-02 02:51:37,,2024,Norte-Este,Norte,Este,16,0,0.010679419459869863,0,1,0,0,3.0,11,12,26,Monday,December,1,0,51,399.41083333333336,4
966,Construcción abandonada en vía pública #964,"El deterioro ha empeorado con las lluvias recientes, creando condiciones peligrosas.",1,Infraestructura,"Callejón Cerrada Los Pinos #62, Col. Lázaro Cárdenas",20.28,-97.95,resuelto,media,1,admin,2024-12-17 01:57:19,2024-12-29 03:10:49,,2024,Norte-Este,Norte,Este,17,1,0.014142135623725625,0,0,1,0,3.0,1,12,57,Tuesday,December,2,0,51,289.225,4
964,Ramas obstruyendo cables eléctricos #962,Es necesario implementar medidas de protección ambiental inmediatas. En horario escolar representa mayor riesgo para los menores.,7,Medio Ambiente,"Callejón Campestre #2, Col. Las Palmas, cerca del zócalo",20.2724,-97.9566,nuevo,media,2,María González López,2024-12-17 05:39:10,2024-12-20 00:03:25,,2024,Norte-Este,Norte,Este,17,1,0.0041617304093371655,0,0,1,0,1.0,5,12,39,Tuesday,December,2,0,51,66.40416666666667,4
965,Desnivel peligroso en calle #963,La reparación temporal anterior no fue efectiva y el problema persiste. La situación afecta particularmente a adultos mayores y niños.,1,Infraestructura,"Carretera Carretera a Pahuatlán #483, Col. Las Palmas, cerca del centro",20.2797,-97.95,no_aprobado,alta,2,María González López,2024-12-17 22:20:41,2024-12-21 09:01:28,,2024,Norte-Este,Norte,Este,17,1,0.01393161871426982,0,0,1,0,1.0,22,12,20,Tuesday,December,3,0,51,82.67972222222222,4
969,Conductor sin identificación visible #967,La infraestructura vial necesita reparación para garantizar tránsito seguro. Los vecinos han intentado soluciones temporales sin éxito.,6,Transporte,"Andador José María Morelos #22, Col. San Antonio",20.2558,-97.963,nuevo,media,1,admin,2024-12-18 11:40:50,2024-12-19 09:20:10,,2024,Sur-Oeste,Sur,Oeste,18,2,0.014513442045220317,0,1,0,1,1.0,11,12,40,Wednesday,December,2,1,51,21.655555555555555,4
968,Obstrucción de accesos para discapacitados #966,La situación está afectando la convivencia pacífica y el orden público. Los vecinos han intentado soluciones temporales sin éxito.,9,Otros,"Avenida Bravo #1326, Col. Lomas de Santa Anita",20.2795,-97.9543,en_proceso,alta,1,admin,2024-12-18 16:33:33,2024-12-23 21:38:53,,2024,Norte-Este,Norte,Este,18,2,0.011078808600200357,0,1,0,0,2.0,16,12,33,Wednesday,December,3,0,51,125.08888888888889,4
967,Malos olores por fuga de aguas negras #965,Es urgente restaurar el flujo normal para prevenir problemas de salud pública.,3,Saneamiento,"Cerrada Las Jacarandas #12, Col. Emiliano Zapata",20.2777,-97.9523,nuevo,alta,2,María González López,2024-12-18 18:49:16,2024-12-19 06:10:06,,2024,Norte-Este,Norte,Este,18,2,0.010889444430272574,0,1,0,0,1.0,18,12,49,Wednesday,December,3,1,51,11.347222222222221,4
971,Intento de saqueo a local #969,Los actos vandálicos han dañado propiedades públicas y privadas del sector. El problema coincide con fallas similares en zonas cercanas.,5,Seguridad,"Carretera 5 de Mayo #214, Col. San José",20.2734,-97.955,en_proceso,media,1,admin,2024-12-19 16:53:13,2024-12-25 15:55:58,,2024,Norte-Este,Norte,Este,19,3,0.006046486583128169,0,1,0,0,2.0,16,12,53,Thursday,December,2,0,51,143.04583333333332,4
970,Basura en parque recreativo #968,El servicio de recolección no ha pasado por esta zona en más de una semana. La situación afecta particularmente a adultos mayores y niños. Las condiciones climáticas recientes han agravado la situación.,4,Limpieza,"Privada Calle de la Paz #31, Col. El Mirador, altura del semáforo",20.2767,-97.9574,cerrado,alta,1,admin,2024-12-19 23:26:46,2025-03-20 23:25:57,,2024,Norte-Este,Norte,Este,19,3,0.00718679344352962,0,0,1,0,4.0,23,12,26,Thursday,December,3,0,51,2183.986388888889,4
972,Humedad por filtración subterránea #970,El sistema requiere limpieza profunda y reparación de conexiones dañadas. Se solicita seguimiento continuo hasta la resolución completa.,3,Saneamiento,"Callejón Callejón del Carmen #68, Col. San Juan",20.2755,-97.95,en_proceso,alta,2,María González López,2024-12-20 08:29:13,2024-12-25 05:27:39,,2024,Norte-Este,Norte,Este,20,4,0.01141271221050603,0,1,0,0,2.0,8,12,29,Friday,December,3,0,51,116.9738888888889,4
974,Unidades de transporte muy sucias #972,La señalización deficiente confunde a conductores y aumenta el riesgo de accidentes. El problema coincide con fallas similares en zonas cercanas.,6,Transporte,"Camino 5 de Mayo #127, Col. San Antonio",20.2667,-97.9627,resuelto,media,2,María González López,2024-12-20 08:52:40,2025-01-01 06:09:28,,2024,Sur-Oeste,Sur,Oeste,20,4,0.00426380112106788,0,1,0,0,3.0,8,12,52,Friday,December,2,0,51,285.28,4
973,Red de agua sin presión constante #971,El transformador muestra signos de sobrecarga y necesita mantenimiento preventivo.,2,Servicios Públicos,"Cerrada Del Valle #54, Col. San José, cerca del panteón",20.2791,-97.9696,en_proceso,baja,2,María González López,2024-12-20 17:50:33,2024-12-27 06:35:06,,2024,Norte-Oeste,Norte,Oeste,20,4,0.013227622613308792,0,1,0,0,2.0,17,12,50,Friday,December,1,0,51,156.7425,4
976,Interruptores públicos dañados #974,Se requiere revisión técnica urgente para evitar cortes prolongados de energía. La situación afecta particularmente a adultos mayores y niños.,2,Servicios Públicos,"Boulevard Bravo #702, Col. Benito Juárez",20.2749,-97.9572,resuelto,alta,1,admin,2024-12-21 04:24:08,2025-01-10 23:13:44,,2024,Norte-Este,Norte,Este,21,5,0.005643580423805085,1,0,1,0,3.0,4,12,24,Saturday,December,3,0,51,498.82666666666665,4
977,Columna estructural con daño #975,La reparación temporal anterior no fue efectiva y el problema persiste.,1,Infraestructura,"Avenida Camino Real #307, Col. El Mirador",20.2745,-97.9522,resuelto,alta,1,admin,2024-12-21 04:31:14,2025-01-08 00:03:21,,2024,Norte-Este,Norte,Este,21,5,0.009004998611872674,1,0,1,0,3.0,4,12,31,Saturday,December,3,0,51,427.53527777777776,4
975,Alcantarilla sin tapa en cruce peatonal #973,"El deterioro ha empeorado con las lluvias recientes, creando condiciones peligrosas. Se solicita seguimiento continuo hasta la resolución completa.",1,Infraestructura,"Avenida Venustiano Carranza #503, Col. Santa María, altura del puente, C.P. 73080",20.2717,-97.9609,en_proceso,alta,2,María González López,2024-12-21 17:00:31,2024-12-27 17:58:52,,2024,Norte-Oeste,Norte,Oeste,21,5,0.0019235384061674536,1,1,0,0,2.0,17,12,0,Saturday,December,3,0,51,144.9725,4
979,Corte frecuente de energía eléctrica #977,El problema afecta el funcionamiento normal de comercios y hogares del sector.,2,Servicios Públicos,"Callejón Santa Lucía #25, Col. Vista Hermosa, frente a la clínica, C.P. 73080",20.2712,-97.9576,en_proceso,media,2,María González López,2024-12-22 13:22:30,2024-12-24 12:25:01,,2024,Norte-Este,Norte,Este,22,6,0.002683281572995083,1,1,0,0,2.0,13,12,22,Sunday,December,2,0,51,47.04194444444445,4
980,Baños públicos contaminados #978,Se requiere intervención sanitaria urgente para prevenir la propagación de enfermedades. El problema coincide con fallas similares en zonas cercanas.,8,Salud Pública,"Privada Avenida del Trabajo #71, Col. Vista Hermosa",20.2727,-97.95,resuelto,media,2,María González López,2024-12-22 22:29:02,2025-01-19 16:59:06,,2024,Norte-Este,Norte,Este,22,6,0.010358088626760367,1,0,1,0,3.0,22,12,29,Sunday,December,2,0,51,666.5011111111111,4
978,Chatarra acumulada en vía pública #976,Es necesario incrementar la frecuencia de recolección en esta área de alta densidad.,4,Limpieza,"Carretera Primera #1078, Col. Santa Cecilia",20.2738,-97.9558,nuevo,media,2,María González López,2024-12-22 23:30:12,2024-12-23 15:06:15,,2024,Norte-Este,Norte,Este,22,6,0.005663920903401737,1,0,1,0,1.0,23,12,30,Sunday,December,2,1,51,15.600833333333334,4
982,Cartón mojado bloqueando acera #980,La acumulación de desechos está atrayendo fauna nociva y generando malos olores.,4,Limpieza,"Callejón Santa Cecilia #20, Col. La Cruz",20.2735,-97.9559,cerrado,alta,2,María González López,2024-12-23 03:04:35,2025-03-23 18:29:32,,2024,Norte-Este,Norte,Este,23,0,0.005390732788772173,0,0,1,0,4.0,3,12,4,Monday,December,3,0,52,2175.4158333333335,4
981,Ramas obstruyendo cables eléctricos #979,El área verde requiere rehabilitación para restaurar el ecosistema local. Se ha documentado el deterioro progresivo con fotografías.,7,Medio Ambiente,"Boulevard San Pablo #964, Col. Solidaridad",20.2766,-97.9599,en_proceso,media,1,admin,2024-12-23 08:51:09,2024-12-30 21:58:26,,2024,Norte-Este,Norte,Este,23,0,0.0066007575322823645,0,1,0,0,2.0,8,12,51,Monday,December,2,0,52,181.1213888888889,4
984,Falta de agua potable en clínica #982,La situación representa un riesgo grave de brote epidemiológico en la comunidad. Los comerciantes locales también han expresado su preocupación.,8,Salud Pública,"Camino Emiliano Zapata #244, Col. Lomas del Mirador, altura del semáforo",20.2775,-97.9584,resuelto,alta,2,María González López,2024-12-24 00:23:45,2025-01-11 14:25:46,,2024,Norte-Este,Norte,Este,24,1,0.007668767828014637,0,0,1,0,3.0,0,12,23,Tuesday,December,3,0,52,446.0336111111111,4
985,Fuga de mascotas en calle #983,Es necesario establecer regulaciones claras para prevenir futuros conflictos.,9,Otros,"Callejón Del Campo #59, Col. San Francisco",20.2674,-97.9563,resuelto,alta,1,admin,2024-12-24 06:59:34,2025-01-12 00:41:21,,2024,Sur-Este,Sur,Este,24,1,0.004522167621834458,0,0,1,0,3.0,6,12,59,Tuesday,December,3,0,52,449.69638888888886,4
983,Solicitantes de apoyo en semáforos #981,La situación está afectando la convivencia pacífica y el orden público. Los comerciantes locales también han expresado su preocupación.,9,Otros,"Cerrada Calle Primavera #77, Col. San Rafael",20.2753,-97.9517,en_proceso,alta,2,María González López,2024-12-24 08:55:46,2024-12-26 04:24:40,,2024,Norte-Este,Norte,Este,24,1,0.009847842403281824,0,1,0,0,2.0,8,12,55,Tuesday,December,3,0,52,43.48166666666667,4
986,Zona oscura propensa a delitos #984,La falta de iluminación y vigilancia favorece las actividades delictivas.,5,Seguridad,"Calle Las Camelias #133, Col. El Paraíso",20.2758,-97.9631,nuevo,alta,2,María González López,2024-12-25 05:11:57,2024-12-25 11:46:32,,2024,Norte-Oeste,Norte,Oeste,25,2,0.006576473218985183,0,0,1,0,1.0,5,12,11,Wednesday,December,3,1,52,6.576388888888889,4
988,Toma de agua sin tapa #986,El problema afecta el funcionamiento normal de comercios y hogares del sector.,2,Servicios Públicos,"Callejón Degollado #58, Col. Santa Cecilia",20.2636,-97.9604,resuelto,baja,2,María González López,2024-12-25 08:07:47,2025-01-19 23:55:33,,2024,Sur-Oeste,Sur,Oeste,25,2,0.006412487816752683,0,1,0,0,3.0,8,12,7,Wednesday,December,1,0,52,615.7961111111111,4
987,Quema de llantas en baldío #985,Los desechos químicos están contaminando el suelo y fuentes de agua. Se requiere coordinación entre múltiples dependencias municipales. Se observa un patrón de deterioro acelerado en los últimos días.,7,Medio Ambiente,"Calle Rayón #196, Col. La Libertad, altura del deportivo",20.2643,-97.9667,nuevo,baja,2,María González López,2024-12-25 13:50:25,2024-12-26 01:06:33,,2024,Sur-Oeste,Sur,Oeste,25,2,0.008796590248507348,0,1,0,0,1.0,13,12,50,Wednesday,December,1,1,52,11.268888888888888,4
989,Falta de señalética de obra en construcción #987,Varios vecinos han reportado tropiezos y caídas en esta zona. El problema se intensifica durante las horas pico.,1,Infraestructura,"Calle Periférico Norte #295, Col. Francisco Villa",20.277,-97.9515,nuevo,alta,2,María González López,2024-12-26 05:00:19,2024-12-26 10:55:25,,2024,Norte-Este,Norte,Este,26,3,0.011011357772771962,0,0,1,0,1.0,5,12,0,Thursday,December,3,1,52,5.918333333333333,4
991,Recolección de basura atrasada #989,El servicio de recolección no ha pasado por esta zona en más de una semana. El problema se intensifica durante las horas pico.,4,Limpieza,"Privada Avenida Revolución #7, Col. Santa Rosa",20.2771,-97.9555,nuevo,baja,2,María González López,2024-12-26 21:09:38,2024-12-27 07:33:49,,2024,Norte-Este,Norte,Este,26,3,0.00840595027346432,0,0,0,0,1.0,21,12,9,Thursday,December,1,1,52,10.403055555555556,4
990,Zona sin acceso a servicios médicos #988,Se necesita fumigación para controlar vectores de enfermedades tropicales.,8,Salud Pública,"Carretera Avenida Universidad #242, Col. El Carmen",20.2663,-97.9528,en_proceso,alta,1,admin,2024-12-26 23:34:34,2024-12-28 18:50:55,,2024,Sur-Este,Sur,Este,26,3,0.008095060222132494,0,0,1,0,2.0,23,12,34,Thursday,December,3,0,52,43.2725,4
992,Pasajeros viajando de pie en exceso #990,Las unidades de transporte operan en condiciones inseguras para los pasajeros. Durante las lluvias el problema se vuelve más peligroso.,6,Transporte,"Camino 16 de Septiembre #28, Col. Centro, junto a la escuela",20.2782,-97.9601,resuelto,alta,1,admin,2024-12-27 20:07:32,2025-01-23 17:18:58,,2024,Norte-Oeste,Norte,Oeste,27,4,0.008200609733427056,0,0,0,0,3.0,20,12,7,Friday,December,3,0,52,645.1905555555555,4
993,Contaminación visual por anuncios ilegales #991,El problema ambiental está afectando la calidad del aire y agua en la zona.,7,Medio Ambiente,"Callejón Morelos #52, Col. Vista Hermosa",20.2764,-97.9545,en_proceso,alta,2,María González López,2024-12-27 23:31:55,2025-01-03 15:35:19,,2024,Norte-Este,Norte,Este,27,4,0.00843860177991397,0,0,1,0,2.0,23,12,31,Friday,December,3,0,52,160.05666666666667,4
994,Cajas eléctricas abiertas #992,Los comerciantes reportan pérdidas económicas debido a las fallas constantes. Se requiere coordinación entre múltiples dependencias municipales.,2,Servicios Públicos,"Andador Álvaro Obregón #1, Col. Valle Verde",20.28,-97.9531,resuelto,media,2,María González López,2024-12-28 05:34:39,2025-01-21 12:53:12,,2024,Norte-Este,Norte,Este,28,5,0.012149485585812199,1,0,1,0,3.0,5,12,34,Saturday,December,2,0,52,583.3091666666667,4
995,Venta de droga en espacio público #993,Los actos vandálicos han dañado propiedades públicas y privadas del sector. Durante las lluvias el problema se vuelve más peligroso.,5,Seguridad,"Boulevard Rinconada #1121, Col. El Calvario",20.2769,-97.9559,en_proceso,media,1,admin,2024-12-28 09:41:50,2024-12-31 22:54:35,,2024,Norte-Este,Norte,Este,28,5,0.008026207074326826,1,1,0,0,2.0,9,12,41,Saturday,December,2,0,52,85.2125,4
996,Transportes sin ventilación adecuada #994,El problema vial está causando congestionamientos y accidentes menores.,6,Transporte,"Callejón Avenida del Trabajo #66, Col. San Antonio, entre calles",20.28,-97.95,nuevo,alta,1,admin,2024-12-28 18:29:38,2025-01-01 08:27:07,,2024,Norte-Este,Norte,Este,28,5,0.014142135623725625,1,1,0,0,1.0,18,12,29,Saturday,December,3,0,52,85.95805555555556,4
998,Material de construcción obstruyendo calle #996,El daño estructural requiere reparación urgente antes de que cause accidentes graves.,1,Infraestructura,"Calle Avenida del Trabajo #217, Col. San Francisco",20.2769,-97.9657,resuelto,alta,2,María González López,2024-12-29 09:31:11,2025-01-16 22:27:43,,2024,Norte-Oeste,Norte,Oeste,29,6,0.00894986033410993,1,1,0,0,3.0,9,12,31,Sunday,December,3,0,52,444.9422222222222,4
997,Drenaje colapsado en avenida #995,El problema de drenaje ha causado acumulación de agua contaminada en la vía pública.,3,Saneamiento,"Avenida Vía Corta a Pantepec #913, Col. San Francisco",20.2754,-97.9602,nuevo,media,2,María González López,2024-12-29 13:31:57,2024-12-30 10:41:04,,2024,Norte-Oeste,Norte,Oeste,29,6,0.005403702434444389,1,1,0,0,1.0,13,12,31,Sunday,December,2,1,52,21.151944444444446,4
999,Charcos permanentes en calle #997,Se observa proliferación de insectos y roedores debido al agua estancada. Los vecinos han intentado soluciones temporales sin éxito.,3,Saneamiento,"Cerrada Avenida Tecnológico #25, Col. Santa Rosa, junto a la farmacia",20.2714,-97.95,nuevo,alta,1,admin,2024-12-29 20:01:46,2025-01-02 06:52:42,,2024,Norte-Este,Norte,Este,29,6,0.010097524449082504,1,0,0,0,1.0,20,12,1,Sunday,December,3,0,52,82.8488888888889,4
1001,Fuga de mascotas en calle #999,La comunidad propone soluciones colaborativas para resolver el problema. La comunidad está organizada para colaborar con las autoridades.,9,Otros,"Carretera Las Américas #927, Col. San Antonio",20.2733,-97.9649,en_proceso,alta,2,María González López,2024-12-30 04:55:18,2025-01-03 07:24:13,,2024,Norte-Oeste,Norte,Oeste,30,0,0.005907622195101706,0,0,1,0,2.0,4,12,55,Monday,December,3,0,1,98.48194444444445,4
1000,Muros de contención con filtraciones #998,La falta de mantenimiento ha resultado en condiciones inseguras para la comunidad. Los comerciantes locales también han expresado su preocupación.,1,Infraestructura,"Camino Carretera a Huauchinango #31, Col. San José",20.2691,-97.9606,en_proceso,alta,2,María González López,2024-12-30 07:23:27,2024-12-31 08:03:17,,2024,Sur-Oeste,Sur,Oeste,30,0,0.0010816653826406172,0,0,0,0,2.0,7,12,23,Monday,December,3,0,1,24.663888888888888,4
1002,Banqueta colapsada por raíces #1000,Varios vecinos han reportado tropiezos y caídas en esta zona.,1,Infraestructura,"Boulevard Calle Unión #507, Col. Nuevo México",20.2765,-97.9517,no_aprobado,alta,2,María González López,2024-12-31 05:41:42,2025-01-05 10:01:12,,2024,Norte-Este,Norte,Este,31,1,0.010542295765147345,0,0,1,0,1.0,5,12,41,Tuesday,December,3,0,1,124.325,4
1,Fuga de agua en la calle reforma,fuga de agua,3,Saneamiento,"Avenida Reforma Sur, Xicotepec, Puebla, 73080, México",20.2745,-97.9557,en_proceso,alta,2,María González López,2026-02-06 21:34:41,2026-02-06 21:39:57,,2026,Norte-Este,Norte,Este,6,4,0.006224146527838738,0,0,0,0,2.0,21,2,34,Friday,February,3,1,6,0.08777777777777777,1
2,Calle con bache,Hay un bache que esta demasiado grande que impide el paso del carros.,1,Infraestructura,"Calle Indio Triste, Xicotepec, Puebla, 73080, México",20.2816,-97.9579,en_proceso,media,2,María González López,2026-02-06 21:42:37,2026-02-06 21:49:59,/uploads/reports/report-1770414157101-20173992.jpg,2026,Norte-Este,Norte,Este,6,4,0.011788553770502409,0,0,0,0,2.0,21,2,42,Friday,February,2,1,6,0.12277777777777778,1
